Customer_ID,Customer_Name,Gender,Age,City,State,Region
CUST000001,Aarav Sethi,Male,25,Raipur,Chhattisgarh,Central
CUST000002,Varun Sinha,Male,33,Pune,Maharashtra,West
CUST000003,Aditi Sethi,Female,29,Kolkata,West Bengal,East
CUST000004,Swati Thakur,Female,37,Bhubaneswar,Odisha,East
CUST000005,Varun Malhotra,Male,28,Indore,Madhya Pradesh,Central
CUST000006,Shubham Tripathi,Male,35,Delhi,Delhi,North
CUST000007,Siddharth Roy,Male,40,Mumbai,Maharashtra,West
CUST000008,Manish Tiwari,Male,18,Bhopal,Madhya Pradesh,Central
CUST000009,Manya Das,Female,31,Hyderabad,Telangana,South
CUST000010,Harsh Kapoor,Male,25,Mumbai,Maharashtra,West
CUST000011,Muskan Pandey,Female,31,Pune,Maharashtra,West
CUST000012,Divya Arora,Female,31,Noida,Uttar Pradesh,North
CUST000013,Amit Sethi,Male,28,Lucknow,Uttar Pradesh,North
CUST000014,Divya Chopra,Female,18,Lucknow,Uttar Pradesh,North
CUST000015,Sakshi Agarwal,Female,44,Indore,Madhya Pradesh,Central
CUST000016,Gaurav Das,Male,22,Ahmedabad,Gujarat,West
CUST000017,Neha Bhatia,Female,20,Delhi,Delhi,North
CUST000018,Abhishek Menon,Male,28,Surat,Gujarat,West
CUST000019,Isha Saxena,Female,29,Mumbai,Maharashtra,West
CUST000020,Rahul Gupta,Male,37,Noida,Uttar Pradesh,North
CUST000021,Vivek Patel,Male,30,Lucknow,Uttar Pradesh,North
CUST000022,Arjun Arora,Male,30,Bengaluru,Karnataka,South
CUST000023,Pooja Yadav,Female,30,Bengaluru,Karnataka,South
CUST000024,Tushar Deshmukh,Male,41,Patna,Bihar,East
CUST000025,Piyush Chauhan,Male,35,Jaipur,Rajasthan,North
CUST000026,Kavya Bhatia,Female,29,Surat,Gujarat,West
CUST000027,Tushar Goyal,Male,21,Mumbai,Maharashtra,West
CUST000028,Pranav Tripathi,Male,30,Surat,Gujarat,West
CUST000029,Shubham Chatterjee,Male,34,Indore,Madhya Pradesh,Central
CUST000030,Kavya Bhatia,Female,29,Bhopal,Madhya Pradesh,Central
CUST000031,Aanya Goyal,Female,41,Kochi,Kerala,South
CUST000032,Sanya Iyer,Female,28,Coimbatore,Tamil Nadu,South
CUST000033,Riya Kulkarni,Female,34,Mumbai,Maharashtra,West
CUST000034,Arjun Sethi,Male,22,Nagpur,Maharashtra,West
CUST000035,Shruti Sinha,Female,22,Kolkata,West Bengal,East
CUST000036,Anushka Bansal,Female,34,Coimbatore,Tamil Nadu,South
CUST000037,Harsh Chatterjee,Male,39,Bengaluru,Karnataka,South
CUST000038,Apoorva Agarwal,Female,19,Bhubaneswar,Odisha,East
CUST000039,Swati Malhotra,Female,34,Bhubaneswar,Odisha,East
CUST000040,Varun Chauhan,Male,33,Pune,Maharashtra,West
CUST000041,Vivek Roy,Male,23,Ahmedabad,Gujarat,West
CUST000042,Varun Tiwari,Male,43,Mumbai,Maharashtra,West
CUST000043,Siddharth Kapoor,Male,44,Kolkata,West Bengal,East
CUST000044,Kunal Chopra,Male,41,Surat,Gujarat,West
CUST000045,Neha Pillai,Female,28,Bengaluru,Karnataka,South
CUST000046,Ananya Deshmukh,Female,26,Surat,Gujarat,West
CUST000047,Karan Mishra,Male,29,Dehradun,Uttarakhand,North
CUST000048,Simran Banerjee,Female,22,Raipur,Chhattisgarh,Central
CUST000049,Aarav Mishra,Male,29,Bengaluru,Karnataka,South
CUST000050,Ritika Deshmukh,Female,42,Indore,Madhya Pradesh,Central
CUST000051,Ritika Verma,Female,44,Noida,Uttar Pradesh,North
CUST000052,Divya Kapoor,Female,21,Patna,Bihar,East
CUST000053,Aarav Tiwari,Male,18,Mumbai,Maharashtra,West
CUST000054,Rishi Nair,Male,18,Mumbai,Maharashtra,West
CUST000055,Dhruv Roy,Male,25,Chennai,Tamil Nadu,South
CUST000056,Abhishek Srivastava,Male,31,Kochi,Kerala,South
CUST000057,Manish Reddy,Male,32,Indore,Madhya Pradesh,Central
CUST000058,Pooja Roy,Female,25,Indore,Madhya Pradesh,Central
CUST000059,Kunal Sharma,Male,27,Bhopal,Madhya Pradesh,Central
CUST000060,Abhishek Chauhan,Male,36,Hyderabad,Telangana,South
CUST000061,Shruti Patel,Female,19,Pune,Maharashtra,West
CUST000062,Rahul Agarwal,Male,31,Chandigarh,Chandigarh,North
CUST000063,Gaurav Tiwari,Male,28,Pune,Maharashtra,West
CUST000064,Rohan Jain,Male,21,Mumbai,Maharashtra,West
CUST000065,Nikhil Tiwari,Male,26,Bengaluru,Karnataka,South
CUST000066,Vikram Kapoor,Male,18,Bengaluru,Karnataka,South
CUST000067,Swati Thakur,Female,24,Jaipur,Rajasthan,North
CUST000068,Rahul Chatterjee,Male,30,Surat,Gujarat,West
CUST000069,Tanvi Patel,Female,29,Bhubaneswar,Odisha,East
CUST000070,Ritika Sethi,Female,32,Hyderabad,Telangana,South
CUST000071,Harsh Sinha,Male,34,Delhi,Delhi,North
CUST000072,Ishita Mishra,Female,23,Jaipur,Rajasthan,North
CUST000073,Aarav Patel,Male,27,Lucknow,Uttar Pradesh,North
CUST000074,Shreya Yadav,Female,29,Kolkata,West Bengal,East
CUST000075,Vivek Gupta,Male,22,Raipur,Chhattisgarh,Central
CUST000076,Varun Pandey,Male,44,Pune,Maharashtra,West
CUST000077,Pooja Mehta,Female,36,Raipur,Chhattisgarh,Central
CUST000078,Tanvi Kumar,Female,38,Bhubaneswar,Odisha,East
CUST000079,Riya Patel,Female,18,Lucknow,Uttar Pradesh,North
CUST000080,Kabir Tripathi,Male,35,Kochi,Kerala,South
CUST000081,Gaurav Deshmukh,Male,34,Bengaluru,Karnataka,South
CUST000082,Rishi Sinha,Male,24,Bengaluru,Karnataka,South
CUST000083,Kabir Thakur,Male,52,Hyderabad,Telangana,South
CUST000084,Yash Sinha,Male,35,Raipur,Chhattisgarh,Central
CUST000085,Sameer Roy,Male,34,Lucknow,Uttar Pradesh,North
CUST000086,Mohit Chopra,Male,41,Indore,Madhya Pradesh,Central
CUST000087,Siddharth Tripathi,Male,35,Mumbai,Maharashtra,West
CUST000088,Ankit Joshi,Male,34,Coimbatore,Tamil Nadu,South
CUST000089,Apoorva Rao,Female,18,Mumbai,Maharashtra,West
CUST000090,Varun Mehta,Male,25,Noida,Uttar Pradesh,North
CUST000091,Divya Rao,Female,35,Delhi,Delhi,North
CUST000092,Aditi Rao,Female,18,Hyderabad,Telangana,South
CUST000093,Pooja Kumar,Female,30,Pune,Maharashtra,West
CUST000094,Meera Verma,Female,33,Ahmedabad,Gujarat,West
CUST000095,Vivek Chatterjee,Male,40,Raipur,Chhattisgarh,Central
CUST000096,Sneha Yadav,Female,36,Mumbai,Maharashtra,West
CUST000097,Komal Joshi,Female,24,Kolkata,West Bengal,East
CUST000098,Vivek Nair,Male,22,Bengaluru,Karnataka,South
CUST000099,Anushka Saxena,Female,27,Jaipur,Rajasthan,North
CUST000100,Shubham Das,Male,18,Noida,Uttar Pradesh,North
CUST000101,Pranav Sharma,Male,32,Jaipur,Rajasthan,North
CUST000102,Rajat Agarwal,Male,32,Noida,Uttar Pradesh,North
CUST000103,Pooja Naidu,Female,36,Patna,Bihar,East
CUST000104,Dhruv Goyal,Male,25,Kolkata,West Bengal,East
CUST000105,Akash Chopra,Male,28,Bengaluru,Karnataka,South
CUST000106,Nandini Roy,Female,18,Dehradun,Uttarakhand,North
CUST000107,Gaurav Kapoor,Male,34,Hyderabad,Telangana,South
CUST000108,Akash Deshmukh,Male,32,Hyderabad,Telangana,South
CUST000109,Neha Sinha,Female,35,Bengaluru,Karnataka,South
CUST000110,Dhruv Roy,Male,25,Delhi,Delhi,North
CUST000111,Aditi Sethi,Female,22,Mumbai,Maharashtra,West
CUST000112,Karan Menon,Male,20,Ahmedabad,Gujarat,West
CUST000113,Ritesh Chopra,Male,28,Chennai,Tamil Nadu,South
CUST000114,Rishi Chauhan,Male,38,Bengaluru,Karnataka,South
CUST000115,Aarav Chopra,Male,41,Mumbai,Maharashtra,West
CUST000116,Kunal Gupta,Male,25,Kolkata,West Bengal,East
CUST000117,Anushka Saxena,Female,18,Ahmedabad,Gujarat,West
CUST000118,Nandini Malhotra,Female,28,Nagpur,Maharashtra,West
CUST000119,Ritika Mishra,Female,30,Hyderabad,Telangana,South
CUST000120,Yash Shah,Male,37,Dehradun,Uttarakhand,North
CUST000121,Ritika Chatterjee,Female,30,Bengaluru,Karnataka,South
CUST000122,Anushka Jain,Female,33,Delhi,Delhi,North
CUST000123,Mohit Tripathi,Male,26,Noida,Uttar Pradesh,North
CUST000124,Ayush Shah,Male,19,Hyderabad,Telangana,South
CUST000125,Avni Sharma,Female,20,Indore,Madhya Pradesh,Central
CUST000126,Arjun Bansal,Male,42,Pune,Maharashtra,West
CUST000127,Vivek Banerjee,Male,23,Bengaluru,Karnataka,South
CUST000128,Swati Pillai,Female,18,Nagpur,Maharashtra,West
CUST000129,Mohit Naidu,Male,18,Mumbai,Maharashtra,West
CUST000130,Kabir Gupta,Male,24,Bengaluru,Karnataka,South
CUST000131,Dhruv Agarwal,Male,29,Bengaluru,Karnataka,South
CUST000132,Diya Gupta,Female,33,Lucknow,Uttar Pradesh,North
CUST000133,Meera Yadav,Female,28,Jaipur,Rajasthan,North
CUST000134,Palak Khanna,Female,37,Pune,Maharashtra,West
CUST000135,Vikram Chatterjee,Male,18,Mumbai,Maharashtra,West
CUST000136,Dev Chauhan,Male,30,Nagpur,Maharashtra,West
CUST000137,Aanya Deshmukh,Female,33,Noida,Uttar Pradesh,North
CUST000138,Akash Reddy,Male,27,Raipur,Chhattisgarh,Central
CUST000139,Payal Kapoor,Female,36,Mumbai,Maharashtra,West
CUST000140,Yash Shah,Male,30,Bengaluru,Karnataka,South
CUST000141,Meera Patel,Female,20,Pune,Maharashtra,West
CUST000142,Riya Patel,Female,21,Delhi,Delhi,North
CUST000143,Pranav Roy,Male,22,Guwahati,Assam,East
CUST000144,Ankit Chatterjee,Male,33,Pune,Maharashtra,West
CUST000145,Ankit Das,Male,35,Mumbai,Maharashtra,West
CUST000146,Shruti Iyer,Female,29,Delhi,Delhi,North
CUST000147,Varun Arora,Male,28,Bengaluru,Karnataka,South
CUST000148,Nisha Mehta,Female,35,Indore,Madhya Pradesh,Central
CUST000149,Arjun Sinha,Male,42,Bhopal,Madhya Pradesh,Central
CUST000150,Varun Naidu,Male,28,Lucknow,Uttar Pradesh,North
CUST000151,Riya Mishra,Female,18,Hyderabad,Telangana,South
CUST000152,Ayush Shah,Male,30,Kolkata,West Bengal,East
CUST000153,Varun Chopra,Male,31,Bengaluru,Karnataka,South
CUST000154,Diya Bansal,Female,29,Chennai,Tamil Nadu,South
CUST000155,Rohan Nair,Male,33,Jaipur,Rajasthan,North
CUST000156,Aditya Chatterjee,Male,33,Mumbai,Maharashtra,West
CUST000157,Nikhil Kapoor,Male,31,Chennai,Tamil Nadu,South
CUST000158,Abhishek Nair,Male,31,Surat,Gujarat,West
CUST000159,Vikram Shah,Male,30,Chennai,Tamil Nadu,South
CUST000160,Piyush Nair,Male,27,Ahmedabad,Gujarat,West
CUST000161,Muskan Shah,Female,21,Mumbai,Maharashtra,West
CUST000162,Karan Khanna,Male,26,Hyderabad,Telangana,South
CUST000163,Ananya Chopra,Female,28,Lucknow,Uttar Pradesh,North
CUST000164,Divya Chauhan,Female,18,Delhi,Delhi,North
CUST000165,Khushi Das,Female,27,Mumbai,Maharashtra,West
CUST000166,Swati Srivastava,Female,24,Indore,Madhya Pradesh,Central
CUST000167,Isha Chauhan,Female,19,Bengaluru,Karnataka,South
CUST000168,Riya Sinha,Female,28,Bhopal,Madhya Pradesh,Central
CUST000169,Priya Arora,Female,20,Mumbai,Maharashtra,West
CUST000170,Harsh Bansal,Male,33,Ahmedabad,Gujarat,West
CUST000171,Riya Sethi,Female,21,Noida,Uttar Pradesh,North
CUST000172,Nikhil Pandey,Male,33,Coimbatore,Tamil Nadu,South
CUST000173,Kunal Agarwal,Male,36,Mumbai,Maharashtra,West
CUST000174,Kavya Sharma,Female,26,Delhi,Delhi,North
CUST000175,Kunal Kulkarni,Male,39,Chennai,Tamil Nadu,South
CUST000176,Nisha Gupta,Female,45,Pune,Maharashtra,West
CUST000177,Khushi Malhotra,Female,31,Noida,Uttar Pradesh,North
CUST000178,Vivek Agarwal,Male,33,Pune,Maharashtra,West
CUST000179,Neha Gupta,Female,18,Ahmedabad,Gujarat,West
CUST000180,Ayush Banerjee,Male,21,Lucknow,Uttar Pradesh,North
CUST000181,Isha Goyal,Female,33,Kolkata,West Bengal,East
CUST000182,Khushi Srivastava,Female,24,Bengaluru,Karnataka,South
CUST000183,Sanya Sethi,Female,39,Bengaluru,Karnataka,South
CUST000184,Rohan Thakur,Male,25,Bengaluru,Karnataka,South
CUST000185,Siddharth Patel,Male,32,Kochi,Kerala,South
CUST000186,Gaurav Naidu,Male,18,Chandigarh,Chandigarh,North
CUST000187,Ankit Deshmukh,Male,27,Chennai,Tamil Nadu,South
CUST000188,Pooja Reddy,Female,18,Raipur,Chhattisgarh,Central
CUST000189,Sneha Reddy,Female,32,Bengaluru,Karnataka,South
CUST000190,Riya Khanna,Female,18,Indore,Madhya Pradesh,Central
CUST000191,Abhishek Iyer,Male,38,Dehradun,Uttarakhand,North
CUST000192,Manish Sethi,Male,18,Jaipur,Rajasthan,North
CUST000193,Ankit Naidu,Male,32,Jaipur,Rajasthan,North
CUST000194,Meera Patel,Female,30,Bengaluru,Karnataka,South
CUST000195,Shruti Malhotra,Female,36,Mumbai,Maharashtra,West
CUST000196,Priya Naidu,Female,39,Dehradun,Uttarakhand,North
CUST000197,Nandini Tripathi,Female,23,Bhubaneswar,Odisha,East
CUST000198,Khushi Bhatia,Female,28,Jaipur,Rajasthan,North
CUST000199,Palak Goyal,Female,28,Chandigarh,Chandigarh,North
CUST000200,Dev Mehta,Male,29,Delhi,Delhi,North
CUST000201,Ritesh Mehta,Male,25,Ahmedabad,Gujarat,West
CUST000202,Saurabh Agarwal,Male,26,Mumbai,Maharashtra,West
CUST000203,Yash Tiwari,Male,42,Chennai,Tamil Nadu,South
CUST000204,Piyush Pandey,Male,31,Delhi,Delhi,North
CUST000205,Sneha Jain,Female,18,Kolkata,West Bengal,East
CUST000206,Rahul Shah,Male,39,Raipur,Chhattisgarh,Central
CUST000207,Apoorva Joshi,Female,44,Bengaluru,Karnataka,South
CUST000208,Abhishek Pillai,Male,24,Bengaluru,Karnataka,South
CUST000209,Avni Banerjee,Female,18,Ranchi,Jharkhand,East
CUST000210,Varun Srivastava,Male,20,Delhi,Delhi,North
CUST000211,Mohit Saxena,Male,38,Chennai,Tamil Nadu,South
CUST000212,Dev Chatterjee,Male,35,Bhopal,Madhya Pradesh,Central
CUST000213,Riya Deshmukh,Female,25,Jaipur,Rajasthan,North
CUST000214,Payal Pandey,Female,30,Coimbatore,Tamil Nadu,South
CUST000215,Kavya Pandey,Female,18,Mumbai,Maharashtra,West
CUST000216,Kavya Pandey,Female,30,Lucknow,Uttar Pradesh,North
CUST000217,Radhika Naidu,Female,21,Delhi,Delhi,North
CUST000218,Avni Mehta,Female,20,Indore,Madhya Pradesh,Central
CUST000219,Akash Iyer,Male,22,Kolkata,West Bengal,East
CUST000220,Rishi Arora,Male,24,Kochi,Kerala,South
CUST000221,Harsh Chauhan,Male,39,Bengaluru,Karnataka,South
CUST000222,Manya Chopra,Female,18,Mumbai,Maharashtra,West
CUST000223,Sakshi Thakur,Female,28,Ahmedabad,Gujarat,West
CUST000224,Nandini Das,Female,18,Chandigarh,Chandigarh,North
CUST000225,Kunal Kapoor,Male,24,Delhi,Delhi,North
CUST000226,Aditi Arora,Female,32,Chennai,Tamil Nadu,South
CUST000227,Muskan Khanna,Female,21,Surat,Gujarat,West
CUST000228,Swati Banerjee,Female,19,Ranchi,Jharkhand,East
CUST000229,Ankit Verma,Male,23,Lucknow,Uttar Pradesh,North
CUST000230,Vikram Gupta,Male,29,Nagpur,Maharashtra,West
CUST000231,Harsh Gupta,Male,30,Hyderabad,Telangana,South
CUST000232,Saurabh Sharma,Male,32,Pune,Maharashtra,West
CUST000233,Ankit Das,Male,37,Pune,Maharashtra,West
CUST000234,Riya Agarwal,Female,21,Raipur,Chhattisgarh,Central
CUST000235,Aditi Reddy,Female,35,Lucknow,Uttar Pradesh,North
CUST000236,Saurabh Deshmukh,Male,36,Dehradun,Uttarakhand,North
CUST000237,Karan Kumar,Male,28,Hyderabad,Telangana,South
CUST000238,Diya Yadav,Female,31,Kochi,Kerala,South
CUST000239,Manish Roy,Male,34,Hyderabad,Telangana,South
CUST000240,Harsh Bansal,Male,32,Surat,Gujarat,West
CUST000241,Gaurav Gupta,Male,26,Chandigarh,Chandigarh,North
CUST000242,Rahul Chauhan,Male,31,Delhi,Delhi,North
CUST000243,Ankit Saxena,Male,29,Delhi,Delhi,North
CUST000244,Gaurav Saxena,Male,18,Indore,Madhya Pradesh,Central
CUST000245,Komal Pandey,Female,33,Delhi,Delhi,North
CUST000246,Mohit Pillai,Male,35,Noida,Uttar Pradesh,North
CUST000247,Ananya Sethi,Female,34,Pune,Maharashtra,West
CUST000248,Varun Pillai,Male,32,Mumbai,Maharashtra,West
CUST000249,Gaurav Patel,Male,28,Delhi,Delhi,North
CUST000250,Ritesh Chopra,Male,31,Patna,Bihar,East
CUST000251,Kunal Nair,Male,23,Surat,Gujarat,West
CUST000252,Abhishek Iyer,Male,31,Bhopal,Madhya Pradesh,Central
CUST000253,Aditya Khanna,Male,28,Ahmedabad,Gujarat,West
CUST000254,Aanya Naidu,Female,18,Surat,Gujarat,West
CUST000255,Rishi Bhatia,Male,25,Coimbatore,Tamil Nadu,South
CUST000256,Nisha Sharma,Female,23,Jaipur,Rajasthan,North
CUST000257,Rajat Banerjee,Male,34,Chennai,Tamil Nadu,South
CUST000258,Ayush Pandey,Male,30,Ahmedabad,Gujarat,West
CUST000259,Siddharth Kulkarni,Male,40,Noida,Uttar Pradesh,North
CUST000260,Payal Chatterjee,Female,25,Bengaluru,Karnataka,South
CUST000261,Riya Saxena,Female,18,Surat,Gujarat,West
CUST000262,Abhishek Roy,Male,28,Mumbai,Maharashtra,West
CUST000263,Dhruv Thakur,Male,21,Patna,Bihar,East
CUST000264,Kunal Das,Male,40,Hyderabad,Telangana,South
CUST000265,Ankit Nair,Male,36,Nagpur,Maharashtra,West
CUST000266,Vikram Goyal,Male,40,Indore,Madhya Pradesh,Central
CUST000267,Aanya Thakur,Female,32,Hyderabad,Telangana,South
CUST000268,Rishi Saxena,Male,32,Delhi,Delhi,North
CUST000269,Rahul Chopra,Male,28,Kolkata,West Bengal,East
CUST000270,Komal Tripathi,Female,27,Kochi,Kerala,South
CUST000271,Aarav Thakur,Male,30,Hyderabad,Telangana,South
CUST000272,Ritika Arora,Female,20,Bengaluru,Karnataka,South
CUST000273,Shreya Chauhan,Female,36,Surat,Gujarat,West
CUST000274,Khushi Shah,Female,31,Nagpur,Maharashtra,West
CUST000275,Pooja Pandey,Female,40,Bhopal,Madhya Pradesh,Central
CUST000276,Dev Bhatia,Male,41,Mumbai,Maharashtra,West
CUST000277,Ritesh Bansal,Male,24,Bengaluru,Karnataka,South
CUST000278,Khushi Shah,Female,27,Delhi,Delhi,North
CUST000279,Ishita Banerjee,Female,27,Bengaluru,Karnataka,South
CUST000280,Simran Menon,Female,34,Chandigarh,Chandigarh,North
CUST000281,Khushi Jain,Female,31,Jaipur,Rajasthan,North
CUST000282,Vivek Kulkarni,Male,43,Lucknow,Uttar Pradesh,North
CUST000283,Riya Tripathi,Female,37,Ahmedabad,Gujarat,West
CUST000284,Pranav Goyal,Male,31,Kolkata,West Bengal,East
CUST000285,Pooja Chauhan,Female,41,Delhi,Delhi,North
CUST000286,Dev Deshmukh,Male,35,Delhi,Delhi,North
CUST000287,Aditya Malhotra,Male,36,Delhi,Delhi,North
CUST000288,Vikram Malhotra,Male,25,Lucknow,Uttar Pradesh,North
CUST000289,Riya Deshmukh,Female,18,Surat,Gujarat,West
CUST000290,Dhruv Deshmukh,Male,38,Kolkata,West Bengal,East
CUST000291,Nikhil Chauhan,Male,37,Raipur,Chhattisgarh,Central
CUST000292,Yash Yadav,Male,20,Bengaluru,Karnataka,South
CUST000293,Dhruv Iyer,Male,20,Chennai,Tamil Nadu,South
CUST000294,Simran Saxena,Female,24,Dehradun,Uttarakhand,North
CUST000295,Sakshi Chauhan,Female,29,Pune,Maharashtra,West
CUST000296,Sakshi Singh,Female,26,Dehradun,Uttarakhand,North
CUST000297,Arjun Das,Male,46,Bengaluru,Karnataka,South
CUST000298,Manya Joshi,Female,32,Kochi,Kerala,South
CUST000299,Aditya Reddy,Male,34,Jaipur,Rajasthan,North
CUST000300,Apoorva Singh,Female,31,Bengaluru,Karnataka,South
CUST000301,Aditya Reddy,Male,31,Lucknow,Uttar Pradesh,North
CUST000302,Shubham Das,Male,21,Chennai,Tamil Nadu,South
CUST000303,Varun Reddy,Male,42,Pune,Maharashtra,West
CUST000304,Sameer Pandey,Male,27,Pune,Maharashtra,West
CUST000305,Vivek Mehta,Male,36,Ahmedabad,Gujarat,West
CUST000306,Meera Deshmukh,Female,24,Pune,Maharashtra,West
CUST000307,Rajat Roy,Male,22,Pune,Maharashtra,West
CUST000308,Aarav Banerjee,Male,27,Kolkata,West Bengal,East
CUST000309,Ankit Saxena,Male,30,Ahmedabad,Gujarat,West
CUST000310,Aditya Kapoor,Male,26,Chennai,Tamil Nadu,South
CUST000311,Yash Patel,Male,18,Lucknow,Uttar Pradesh,North
CUST000312,Radhika Sinha,Female,22,Guwahati,Assam,East
CUST000313,Ankit Singh,Male,26,Kolkata,West Bengal,East
CUST000314,Meera Shah,Female,30,Jaipur,Rajasthan,North
CUST000315,Gaurav Das,Male,18,Ranchi,Jharkhand,East
CUST000316,Radhika Joshi,Female,18,Mumbai,Maharashtra,West
CUST000317,Aditya Roy,Male,18,Lucknow,Uttar Pradesh,North
CUST000318,Varun Agarwal,Male,18,Noida,Uttar Pradesh,North
CUST000319,Dev Thakur,Male,43,Bhubaneswar,Odisha,East
CUST000320,Riya Chopra,Female,29,Chennai,Tamil Nadu,South
CUST000321,Meera Srivastava,Female,36,Kolkata,West Bengal,East
CUST000322,Vikram Chopra,Male,34,Hyderabad,Telangana,South
CUST000323,Akash Rao,Male,42,Hyderabad,Telangana,South
CUST000324,Amit Menon,Male,23,Chennai,Tamil Nadu,South
CUST000325,Arjun Reddy,Male,32,Kochi,Kerala,South
CUST000326,Mohit Das,Male,43,Delhi,Delhi,North
CUST000327,Anushka Iyer,Female,19,Bhopal,Madhya Pradesh,Central
CUST000328,Kavya Kumar,Female,39,Lucknow,Uttar Pradesh,North
CUST000329,Rahul Chauhan,Male,34,Patna,Bihar,East
CUST000330,Shruti Nair,Female,44,Mumbai,Maharashtra,West
CUST000331,Tushar Khanna,Male,25,Surat,Gujarat,West
CUST000332,Piyush Saxena,Male,39,Mumbai,Maharashtra,West
CUST000333,Ayush Das,Male,29,Jaipur,Rajasthan,North
CUST000334,Saurabh Pandey,Male,29,Raipur,Chhattisgarh,Central
CUST000335,Sanya Mehta,Female,26,Lucknow,Uttar Pradesh,North
CUST000336,Dhruv Nair,Male,24,Lucknow,Uttar Pradesh,North
CUST000337,Saurabh Chauhan,Male,38,Bengaluru,Karnataka,South
CUST000338,Komal Tripathi,Female,31,Dehradun,Uttarakhand,North
CUST000339,Radhika Srivastava,Female,37,Dehradun,Uttarakhand,North
CUST000340,Aditi Jain,Female,26,Noida,Uttar Pradesh,North
CUST000341,Divya Shah,Female,43,Ahmedabad,Gujarat,West
CUST000342,Siddharth Banerjee,Male,38,Chandigarh,Chandigarh,North
CUST000343,Priya Patel,Female,19,Pune,Maharashtra,West
CUST000344,Riya Reddy,Female,18,Patna,Bihar,East
CUST000345,Ankit Bansal,Male,31,Bengaluru,Karnataka,South
CUST000346,Harsh Shah,Male,21,Surat,Gujarat,West
CUST000347,Rahul Roy,Male,32,Pune,Maharashtra,West
CUST000348,Meera Patel,Female,30,Indore,Madhya Pradesh,Central
CUST000349,Riya Tiwari,Female,36,Chennai,Tamil Nadu,South
CUST000350,Ananya Sinha,Female,32,Bengaluru,Karnataka,South
CUST000351,Rishi Agarwal,Male,30,Hyderabad,Telangana,South
CUST000352,Pranav Joshi,Male,35,Bhubaneswar,Odisha,East
CUST000353,Rajat Reddy,Male,34,Coimbatore,Tamil Nadu,South
CUST000354,Yash Sharma,Male,27,Indore,Madhya Pradesh,Central
CUST000355,Radhika Khanna,Female,20,Hyderabad,Telangana,South
CUST000356,Pooja Bansal,Female,25,Kolkata,West Bengal,East
CUST000357,Riya Kulkarni,Female,33,Noida,Uttar Pradesh,North
CUST000358,Tushar Srivastava,Male,34,Pune,Maharashtra,West
CUST000359,Sameer Srivastava,Male,44,Bhubaneswar,Odisha,East
CUST000360,Vivek Joshi,Male,38,Noida,Uttar Pradesh,North
CUST000361,Swati Kumar,Female,31,Pune,Maharashtra,West
CUST000362,Nandini Goyal,Female,38,Lucknow,Uttar Pradesh,North
CUST000363,Sneha Agarwal,Female,26,Lucknow,Uttar Pradesh,North
CUST000364,Karan Verma,Male,34,Jaipur,Rajasthan,North
CUST000365,Arjun Yadav,Male,39,Raipur,Chhattisgarh,Central
CUST000366,Payal Kumar,Female,18,Hyderabad,Telangana,South
CUST000367,Radhika Sharma,Female,28,Raipur,Chhattisgarh,Central
CUST000368,Vivek Roy,Male,30,Mumbai,Maharashtra,West
CUST000369,Gaurav Verma,Male,24,Nagpur,Maharashtra,West
CUST000370,Amit Saxena,Male,20,Kolkata,West Bengal,East
CUST000371,Kabir Tripathi,Male,34,Noida,Uttar Pradesh,North
CUST000372,Ayush Gupta,Male,18,Kolkata,West Bengal,East
CUST000373,Rajat Patel,Male,34,Hyderabad,Telangana,South
CUST000374,Palak Kulkarni,Female,26,Surat,Gujarat,West
CUST000375,Karan Iyer,Male,18,Lucknow,Uttar Pradesh,North
CUST000376,Manish Roy,Male,18,Pune,Maharashtra,West
CUST000377,Muskan Bansal,Female,30,Coimbatore,Tamil Nadu,South
CUST000378,Isha Das,Female,34,Ranchi,Jharkhand,East
CUST000379,Gaurav Kulkarni,Male,36,Lucknow,Uttar Pradesh,North
CUST000380,Pooja Yadav,Female,18,Noida,Uttar Pradesh,North
CUST000381,Sakshi Das,Female,33,Patna,Bihar,East
CUST000382,Kunal Menon,Male,22,Raipur,Chhattisgarh,Central
CUST000383,Simran Patel,Female,43,Patna,Bihar,East
CUST000384,Dev Banerjee,Male,32,Indore,Madhya Pradesh,Central
CUST000385,Ananya Shah,Female,37,Noida,Uttar Pradesh,North
CUST000386,Pooja Nair,Female,18,Lucknow,Uttar Pradesh,North
CUST000387,Varun Pillai,Male,25,Bengaluru,Karnataka,South
CUST000388,Manish Patel,Male,34,Jaipur,Rajasthan,North
CUST000389,Aarav Jain,Male,35,Delhi,Delhi,North
CUST000390,Dhruv Menon,Male,27,Bhubaneswar,Odisha,East
CUST000391,Riya Khanna,Female,43,Lucknow,Uttar Pradesh,North
CUST000392,Khushi Kumar,Female,18,Mumbai,Maharashtra,West
CUST000393,Payal Saxena,Female,37,Ranchi,Jharkhand,East
CUST000394,Akash Shah,Male,29,Bhubaneswar,Odisha,East
CUST000395,Varun Chauhan,Male,43,Kolkata,West Bengal,East
CUST000396,Ananya Roy,Female,20,Mumbai,Maharashtra,West
CUST000397,Tushar Tiwari,Male,32,Nagpur,Maharashtra,West
CUST000398,Neha Joshi,Female,18,Lucknow,Uttar Pradesh,North
CUST000399,Aarav Shah,Male,29,Chennai,Tamil Nadu,South
CUST000400,Mohit Kulkarni,Male,29,Hyderabad,Telangana,South
CUST000401,Sameer Iyer,Male,30,Pune,Maharashtra,West
CUST000402,Ritesh Mishra,Male,23,Guwahati,Assam,East
CUST000403,Arjun Nair,Male,34,Chennai,Tamil Nadu,South
CUST000404,Rahul Pandey,Male,18,Patna,Bihar,East
CUST000405,Karan Naidu,Male,18,Hyderabad,Telangana,South
CUST000406,Dev Sinha,Male,28,Bengaluru,Karnataka,South
CUST000407,Pranav Chopra,Male,22,Noida,Uttar Pradesh,North
CUST000408,Komal Tiwari,Female,38,Hyderabad,Telangana,South
CUST000409,Ritesh Khanna,Male,30,Pune,Maharashtra,West
CUST000410,Dhruv Goyal,Male,26,Delhi,Delhi,North
CUST000411,Rishi Rao,Male,31,Jaipur,Rajasthan,North
CUST000412,Sameer Goyal,Male,18,Hyderabad,Telangana,South
CUST000413,Radhika Iyer,Female,20,Mumbai,Maharashtra,West
CUST000414,Rahul Yadav,Male,36,Kolkata,West Bengal,East
CUST000415,Ankit Rao,Male,27,Dehradun,Uttarakhand,North
CUST000416,Sanya Kulkarni,Female,32,Mumbai,Maharashtra,West
CUST000417,Saurabh Chatterjee,Male,18,Ahmedabad,Gujarat,West
CUST000418,Komal Patel,Female,21,Ahmedabad,Gujarat,West
CUST000419,Ananya Pillai,Female,21,Chennai,Tamil Nadu,South
CUST000420,Abhishek Menon,Male,46,Guwahati,Assam,East
CUST000421,Sameer Roy,Male,19,Kolkata,West Bengal,East
CUST000422,Nisha Tiwari,Female,19,Chandigarh,Chandigarh,North
CUST000423,Vikram Gupta,Male,28,Chennai,Tamil Nadu,South
CUST000424,Divya Tripathi,Female,36,Chennai,Tamil Nadu,South
CUST000425,Komal Kumar,Female,24,Patna,Bihar,East
CUST000426,Rishi Mishra,Male,24,Pune,Maharashtra,West
CUST000427,Ayush Saxena,Male,35,Delhi,Delhi,North
CUST000428,Kunal Joshi,Male,27,Pune,Maharashtra,West
CUST000429,Anushka Sethi,Female,29,Delhi,Delhi,North
CUST000430,Manish Joshi,Male,31,Patna,Bihar,East
CUST000431,Nandini Tiwari,Female,26,Kolkata,West Bengal,East
CUST000432,Mohit Sethi,Male,26,Ahmedabad,Gujarat,West
CUST000433,Khushi Chauhan,Female,41,Kochi,Kerala,South
CUST000434,Siddharth Verma,Male,32,Raipur,Chhattisgarh,Central
CUST000435,Manya Sinha,Female,24,Noida,Uttar Pradesh,North
CUST000436,Sanya Gupta,Female,40,Guwahati,Assam,East
CUST000437,Shubham Thakur,Male,28,Mumbai,Maharashtra,West
CUST000438,Harsh Pillai,Male,19,Ahmedabad,Gujarat,West
CUST000439,Nikhil Deshmukh,Male,33,Patna,Bihar,East
CUST000440,Mohit Saxena,Male,38,Pune,Maharashtra,West
CUST000441,Payal Saxena,Female,23,Indore,Madhya Pradesh,Central
CUST000442,Komal Khanna,Female,36,Hyderabad,Telangana,South
CUST000443,Ritika Arora,Female,29,Delhi,Delhi,North
CUST000444,Pooja Arora,Female,31,Pune,Maharashtra,West
CUST000445,Dev Sethi,Male,32,Kochi,Kerala,South
CUST000446,Tushar Kulkarni,Male,21,Mumbai,Maharashtra,West
CUST000447,Piyush Tiwari,Male,20,Pune,Maharashtra,West
CUST000448,Kunal Mehta,Male,39,Pune,Maharashtra,West
CUST000449,Dhruv Mehta,Male,33,Bengaluru,Karnataka,South
CUST000450,Avni Chauhan,Female,31,Coimbatore,Tamil Nadu,South
CUST000451,Kabir Pandey,Male,22,Hyderabad,Telangana,South
CUST000452,Ritika Bhatia,Female,44,Kolkata,West Bengal,East
CUST000453,Kavya Tiwari,Female,31,Pune,Maharashtra,West
CUST000454,Ayush Bhatia,Male,35,Noida,Uttar Pradesh,North
CUST000455,Vikram Singh,Male,24,Raipur,Chhattisgarh,Central
CUST000456,Khushi Nair,Female,31,Bengaluru,Karnataka,South
CUST000457,Radhika Goyal,Female,21,Indore,Madhya Pradesh,Central
CUST000458,Sakshi Reddy,Female,18,Chennai,Tamil Nadu,South
CUST000459,Diya Shah,Female,38,Pune,Maharashtra,West
CUST000460,Ankit Roy,Male,37,Pune,Maharashtra,West
CUST000461,Aarav Gupta,Male,19,Jaipur,Rajasthan,North
CUST000462,Nandini Gupta,Female,38,Delhi,Delhi,North
CUST000463,Saurabh Chatterjee,Male,36,Coimbatore,Tamil Nadu,South
CUST000464,Komal Yadav,Female,41,Bhopal,Madhya Pradesh,Central
CUST000465,Tushar Mehta,Male,27,Lucknow,Uttar Pradesh,North
CUST000466,Neha Mehta,Female,27,Noida,Uttar Pradesh,North
CUST000467,Arjun Thakur,Male,27,Lucknow,Uttar Pradesh,North
CUST000468,Pooja Yadav,Female,22,Dehradun,Uttarakhand,North
CUST000469,Palak Arora,Female,35,Ranchi,Jharkhand,East
CUST000470,Apoorva Bansal,Female,28,Bengaluru,Karnataka,South
CUST000471,Apoorva Banerjee,Female,20,Mumbai,Maharashtra,West
CUST000472,Vikram Gupta,Male,48,Chennai,Tamil Nadu,South
CUST000473,Meera Shah,Female,29,Dehradun,Uttarakhand,North
CUST000474,Shubham Rao,Male,18,Hyderabad,Telangana,South
CUST000475,Gaurav Bansal,Male,18,Coimbatore,Tamil Nadu,South
CUST000476,Siddharth Malhotra,Male,29,Coimbatore,Tamil Nadu,South
CUST000477,Palak Saxena,Female,35,Bengaluru,Karnataka,South
CUST000478,Shreya Singh,Female,37,Bengaluru,Karnataka,South
CUST000479,Nikhil Khanna,Male,31,Jaipur,Rajasthan,North
CUST000480,Shruti Reddy,Female,30,Ranchi,Jharkhand,East
CUST000481,Neha Menon,Female,45,Patna,Bihar,East
CUST000482,Gaurav Chatterjee,Male,34,Kolkata,West Bengal,East
CUST000483,Isha Agarwal,Female,24,Chennai,Tamil Nadu,South
CUST000484,Meera Mishra,Female,29,Raipur,Chhattisgarh,Central
CUST000485,Rishi Tripathi,Male,20,Kochi,Kerala,South
CUST000486,Simran Saxena,Female,24,Bengaluru,Karnataka,South
CUST000487,Akash Deshmukh,Male,27,Bengaluru,Karnataka,South
CUST000488,Kavya Chauhan,Female,18,Ahmedabad,Gujarat,West
CUST000489,Mohit Deshmukh,Male,33,Kochi,Kerala,South
CUST000490,Simran Pillai,Female,43,Raipur,Chhattisgarh,Central
CUST000491,Dev Chopra,Male,34,Ranchi,Jharkhand,East
CUST000492,Kunal Banerjee,Male,32,Noida,Uttar Pradesh,North
CUST000493,Ananya Patel,Female,18,Lucknow,Uttar Pradesh,North
CUST000494,Mohit Gupta,Male,36,Bhubaneswar,Odisha,East
CUST000495,Nisha Pandey,Female,25,Bhopal,Madhya Pradesh,Central
CUST000496,Harsh Rao,Male,36,Kolkata,West Bengal,East
CUST000497,Vikram Gupta,Male,36,Patna,Bihar,East
CUST000498,Avni Patel,Female,49,Pune,Maharashtra,West
CUST000499,Akash Saxena,Male,26,Kochi,Kerala,South
CUST000500,Kunal Nair,Male,26,Mumbai,Maharashtra,West
CUST000501,Anushka Naidu,Female,23,Lucknow,Uttar Pradesh,North
CUST000502,Vikram Mehta,Male,23,Coimbatore,Tamil Nadu,South
CUST000503,Tushar Yadav,Male,21,Raipur,Chhattisgarh,Central
CUST000504,Swati Yadav,Female,18,Bengaluru,Karnataka,South
CUST000505,Arjun Pillai,Male,31,Kolkata,West Bengal,East
CUST000506,Khushi Chatterjee,Female,36,Surat,Gujarat,West
CUST000507,Priya Khanna,Female,27,Ahmedabad,Gujarat,West
CUST000508,Manya Tiwari,Female,27,Noida,Uttar Pradesh,North
CUST000509,Rahul Agarwal,Male,33,Bengaluru,Karnataka,South
CUST000510,Nikhil Bhatia,Male,18,Kolkata,West Bengal,East
CUST000511,Shruti Thakur,Female,20,Chandigarh,Chandigarh,North
CUST000512,Amit Malhotra,Male,29,Mumbai,Maharashtra,West
CUST000513,Rahul Arora,Male,24,Surat,Gujarat,West
CUST000514,Yash Singh,Male,23,Chandigarh,Chandigarh,North
CUST000515,Rajat Reddy,Male,22,Bengaluru,Karnataka,South
CUST000516,Simran Reddy,Female,31,Surat,Gujarat,West
CUST000517,Radhika Arora,Female,19,Delhi,Delhi,North
CUST000518,Anushka Malhotra,Female,19,Nagpur,Maharashtra,West
CUST000519,Amit Bhatia,Male,25,Delhi,Delhi,North
CUST000520,Karan Tripathi,Male,32,Surat,Gujarat,West
CUST000521,Yash Malhotra,Male,39,Hyderabad,Telangana,South
CUST000522,Rohan Das,Male,27,Bengaluru,Karnataka,South
CUST000523,Apoorva Chatterjee,Female,32,Chandigarh,Chandigarh,North
CUST000524,Ananya Sharma,Female,26,Pune,Maharashtra,West
CUST000525,Sameer Verma,Male,24,Pune,Maharashtra,West
CUST000526,Kabir Malhotra,Male,28,Jaipur,Rajasthan,North
CUST000527,Ayush Bansal,Male,25,Lucknow,Uttar Pradesh,North
CUST000528,Manish Khanna,Male,30,Guwahati,Assam,East
CUST000529,Neha Sethi,Female,18,Indore,Madhya Pradesh,Central
CUST000530,Pranav Shah,Male,39,Nagpur,Maharashtra,West
CUST000531,Yash Das,Male,18,Delhi,Delhi,North
CUST000532,Dev Malhotra,Male,26,Lucknow,Uttar Pradesh,North
CUST000533,Anushka Deshmukh,Female,33,Ahmedabad,Gujarat,West
CUST000534,Vikram Arora,Male,38,Delhi,Delhi,North
CUST000535,Rohan Menon,Male,29,Ahmedabad,Gujarat,West
CUST000536,Avni Gupta,Female,35,Delhi,Delhi,North
CUST000537,Ritika Patel,Female,35,Ranchi,Jharkhand,East
CUST000538,Khushi Chopra,Female,31,Bengaluru,Karnataka,South
CUST000539,Divya Bansal,Female,36,Bengaluru,Karnataka,South
CUST000540,Neha Bansal,Female,24,Noida,Uttar Pradesh,North
CUST000541,Nisha Tripathi,Female,18,Bengaluru,Karnataka,South
CUST000542,Tanvi Menon,Female,25,Lucknow,Uttar Pradesh,North
CUST000543,Aditya Chatterjee,Male,29,Bhubaneswar,Odisha,East
CUST000544,Arjun Das,Male,21,Indore,Madhya Pradesh,Central
CUST000545,Rishi Malhotra,Male,28,Pune,Maharashtra,West
CUST000546,Amit Deshmukh,Male,39,Ranchi,Jharkhand,East
CUST000547,Kavya Kumar,Female,22,Patna,Bihar,East
CUST000548,Kavya Tripathi,Female,26,Bengaluru,Karnataka,South
CUST000549,Aditya Naidu,Male,26,Chennai,Tamil Nadu,South
CUST000550,Khushi Reddy,Female,31,Mumbai,Maharashtra,West
CUST000551,Avni Singh,Female,24,Hyderabad,Telangana,South
CUST000552,Sanya Deshmukh,Female,27,Mumbai,Maharashtra,West
CUST000553,Priya Kulkarni,Female,19,Chennai,Tamil Nadu,South
CUST000554,Arjun Tripathi,Male,33,Bhubaneswar,Odisha,East
CUST000555,Rishi Naidu,Male,25,Surat,Gujarat,West
CUST000556,Manish Sinha,Male,27,Mumbai,Maharashtra,West
CUST000557,Ayush Rao,Male,28,Kolkata,West Bengal,East
CUST000558,Karan Saxena,Male,28,Chandigarh,Chandigarh,North
CUST000559,Sanya Chatterjee,Female,18,Mumbai,Maharashtra,West
CUST000560,Piyush Tripathi,Male,31,Bengaluru,Karnataka,South
CUST000561,Akash Patel,Male,25,Bengaluru,Karnataka,South
CUST000562,Sameer Singh,Male,23,Pune,Maharashtra,West
CUST000563,Rajat Tripathi,Male,30,Delhi,Delhi,North
CUST000564,Mohit Arora,Male,26,Raipur,Chhattisgarh,Central
CUST000565,Pranav Agarwal,Male,32,Mumbai,Maharashtra,West
CUST000566,Nandini Khanna,Female,30,Pune,Maharashtra,West
CUST000567,Shubham Reddy,Male,31,Delhi,Delhi,North
CUST000568,Dev Sharma,Male,31,Kochi,Kerala,South
CUST000569,Karan Gupta,Male,20,Indore,Madhya Pradesh,Central
CUST000570,Simran Rao,Female,25,Noida,Uttar Pradesh,North
CUST000571,Palak Deshmukh,Female,39,Mumbai,Maharashtra,West
CUST000572,Khushi Joshi,Female,27,Delhi,Delhi,North
CUST000573,Sanya Joshi,Female,23,Mumbai,Maharashtra,West
CUST000574,Nisha Goyal,Female,18,Delhi,Delhi,North
CUST000575,Sneha Bhatia,Female,47,Indore,Madhya Pradesh,Central
CUST000576,Siddharth Tiwari,Male,29,Patna,Bihar,East
CUST000577,Nikhil Shah,Male,27,Delhi,Delhi,North
CUST000578,Palak Roy,Female,27,Nagpur,Maharashtra,West
CUST000579,Aanya Malhotra,Female,21,Delhi,Delhi,North
CUST000580,Tushar Jain,Male,18,Noida,Uttar Pradesh,North
CUST000581,Radhika Kapoor,Female,18,Hyderabad,Telangana,South
CUST000582,Siddharth Bhatia,Male,23,Delhi,Delhi,North
CUST000583,Ankit Roy,Male,21,Lucknow,Uttar Pradesh,North
CUST000584,Rahul Tripathi,Male,28,Lucknow,Uttar Pradesh,North
CUST000585,Rajat Nair,Male,21,Chennai,Tamil Nadu,South
CUST000586,Manya Deshmukh,Female,26,Nagpur,Maharashtra,West
CUST000587,Manish Shah,Male,18,Delhi,Delhi,North
CUST000588,Yash Pillai,Male,26,Delhi,Delhi,North
CUST000589,Ayush Sethi,Male,37,Chennai,Tamil Nadu,South
CUST000590,Pranav Thakur,Male,22,Ahmedabad,Gujarat,West
CUST000591,Anushka Yadav,Female,29,Noida,Uttar Pradesh,North
CUST000592,Rishi Joshi,Male,38,Mumbai,Maharashtra,West
CUST000593,Isha Kapoor,Female,26,Mumbai,Maharashtra,West
CUST000594,Tushar Das,Male,38,Coimbatore,Tamil Nadu,South
CUST000595,Vikram Roy,Male,24,Noida,Uttar Pradesh,North
CUST000596,Abhishek Saxena,Male,41,Pune,Maharashtra,West
CUST000597,Sakshi Gupta,Female,31,Mumbai,Maharashtra,West
CUST000598,Sameer Joshi,Male,28,Delhi,Delhi,North
CUST000599,Anushka Yadav,Female,43,Ahmedabad,Gujarat,West
CUST000600,Piyush Deshmukh,Male,26,Nagpur,Maharashtra,West
CUST000601,Komal Tripathi,Female,18,Delhi,Delhi,North
CUST000602,Anushka Patel,Female,32,Lucknow,Uttar Pradesh,North
CUST000603,Sakshi Arora,Female,28,Coimbatore,Tamil Nadu,South
CUST000604,Akash Jain,Male,31,Kochi,Kerala,South
CUST000605,Karan Menon,Male,26,Kochi,Kerala,South
CUST000606,Ankit Malhotra,Male,33,Bengaluru,Karnataka,South
CUST000607,Priya Chopra,Female,19,Nagpur,Maharashtra,West
CUST000608,Rahul Chatterjee,Male,18,Hyderabad,Telangana,South
CUST000609,Isha Pillai,Female,18,Surat,Gujarat,West
CUST000610,Sneha Bansal,Female,35,Jaipur,Rajasthan,North
CUST000611,Shreya Nair,Female,40,Kolkata,West Bengal,East
CUST000612,Yash Yadav,Male,36,Raipur,Chhattisgarh,Central
CUST000613,Aditi Iyer,Female,30,Bhopal,Madhya Pradesh,Central
CUST000614,Ritika Jain,Female,27,Surat,Gujarat,West
CUST000615,Kavya Malhotra,Female,25,Bengaluru,Karnataka,South
CUST000616,Nisha Mishra,Female,22,Chennai,Tamil Nadu,South
CUST000617,Sanya Mishra,Female,39,Noida,Uttar Pradesh,North
CUST000618,Divya Thakur,Female,24,Mumbai,Maharashtra,West
CUST000619,Aditi Nair,Female,29,Noida,Uttar Pradesh,North
CUST000620,Yash Thakur,Male,18,Lucknow,Uttar Pradesh,North
CUST000621,Aditya Tripathi,Male,20,Bengaluru,Karnataka,South
CUST000622,Siddharth Agarwal,Male,23,Ahmedabad,Gujarat,West
CUST000623,Neha Pillai,Female,19,Pune,Maharashtra,West
CUST000624,Aarav Banerjee,Male,23,Mumbai,Maharashtra,West
CUST000625,Sanya Joshi,Female,23,Delhi,Delhi,North
CUST000626,Isha Reddy,Female,32,Delhi,Delhi,North
CUST000627,Varun Malhotra,Male,41,Hyderabad,Telangana,South
CUST000628,Neha Malhotra,Female,28,Hyderabad,Telangana,South
CUST000629,Tanvi Nair,Female,31,Hyderabad,Telangana,South
CUST000630,Gaurav Reddy,Male,19,Delhi,Delhi,North
CUST000631,Rohan Deshmukh,Male,36,Mumbai,Maharashtra,West
CUST000632,Tushar Roy,Male,18,Nagpur,Maharashtra,West
CUST000633,Ayush Malhotra,Male,26,Pune,Maharashtra,West
CUST000634,Vikram Verma,Male,28,Mumbai,Maharashtra,West
CUST000635,Isha Nair,Female,25,Indore,Madhya Pradesh,Central
CUST000636,Simran Tiwari,Female,34,Pune,Maharashtra,West
CUST000637,Mohit Chatterjee,Male,29,Kolkata,West Bengal,East
CUST000638,Priya Kumar,Female,39,Surat,Gujarat,West
CUST000639,Varun Yadav,Male,34,Bhubaneswar,Odisha,East
CUST000640,Meera Deshmukh,Female,50,Noida,Uttar Pradesh,North
CUST000641,Manish Jain,Male,25,Delhi,Delhi,North
CUST000642,Swati Sharma,Female,22,Pune,Maharashtra,West
CUST000643,Amit Naidu,Male,39,Kolkata,West Bengal,East
CUST000644,Payal Yadav,Female,29,Bengaluru,Karnataka,South
CUST000645,Shruti Kulkarni,Female,33,Surat,Gujarat,West
CUST000646,Arjun Sharma,Male,32,Bhopal,Madhya Pradesh,Central
CUST000647,Tanvi Deshmukh,Female,26,Ahmedabad,Gujarat,West
CUST000648,Karan Chatterjee,Male,38,Kolkata,West Bengal,East
CUST000649,Abhishek Verma,Male,32,Jaipur,Rajasthan,North
CUST000650,Vivek Pandey,Male,40,Kochi,Kerala,South
CUST000651,Dev Mehta,Male,18,Lucknow,Uttar Pradesh,North
CUST000652,Aditya Srivastava,Male,20,Pune,Maharashtra,West
CUST000653,Apoorva Sharma,Female,25,Kolkata,West Bengal,East
CUST000654,Khushi Pandey,Female,36,Pune,Maharashtra,West
CUST000655,Swati Jain,Female,34,Delhi,Delhi,North
CUST000656,Rahul Thakur,Male,18,Dehradun,Uttarakhand,North
CUST000657,Karan Bhatia,Male,32,Chennai,Tamil Nadu,South
CUST000658,Arjun Nair,Male,25,Surat,Gujarat,West
CUST000659,Aditi Sinha,Female,23,Pune,Maharashtra,West
CUST000660,Neha Srivastava,Female,28,Indore,Madhya Pradesh,Central
CUST000661,Pranav Sinha,Male,24,Hyderabad,Telangana,South
CUST000662,Shreya Sinha,Female,30,Mumbai,Maharashtra,West
CUST000663,Avni Iyer,Female,31,Kolkata,West Bengal,East
CUST000664,Mohit Mehta,Male,33,Kolkata,West Bengal,East
CUST000665,Gaurav Roy,Male,26,Mumbai,Maharashtra,West
CUST000666,Neha Srivastava,Female,35,Hyderabad,Telangana,South
CUST000667,Neha Shah,Female,30,Kolkata,West Bengal,East
CUST000668,Arjun Das,Male,38,Bengaluru,Karnataka,South
CUST000669,Khushi Tiwari,Female,37,Nagpur,Maharashtra,West
CUST000670,Piyush Chauhan,Male,32,Bhubaneswar,Odisha,East
CUST000671,Mohit Singh,Male,34,Bengaluru,Karnataka,South
CUST000672,Aditya Naidu,Male,22,Guwahati,Assam,East
CUST000673,Ishita Bansal,Female,23,Kolkata,West Bengal,East
CUST000674,Shruti Deshmukh,Female,21,Chennai,Tamil Nadu,South
CUST000675,Ritika Shah,Female,27,Chennai,Tamil Nadu,South
CUST000676,Avni Srivastava,Female,26,Mumbai,Maharashtra,West
CUST000677,Arjun Mehta,Male,19,Kochi,Kerala,South
CUST000678,Abhishek Deshmukh,Male,27,Pune,Maharashtra,West
CUST000679,Sneha Gupta,Female,27,Bengaluru,Karnataka,South
CUST000680,Ayush Sharma,Male,37,Noida,Uttar Pradesh,North
CUST000681,Divya Rao,Female,25,Mumbai,Maharashtra,West
CUST000682,Nikhil Banerjee,Male,33,Kochi,Kerala,South
CUST000683,Ritika Das,Female,35,Kolkata,West Bengal,East
CUST000684,Aanya Yadav,Female,18,Hyderabad,Telangana,South
CUST000685,Aditi Kapoor,Female,27,Ranchi,Jharkhand,East
CUST000686,Vivek Saxena,Male,18,Bengaluru,Karnataka,South
CUST000687,Ayush Kumar,Male,25,Jaipur,Rajasthan,North
CUST000688,Rishi Menon,Male,25,Indore,Madhya Pradesh,Central
CUST000689,Simran Bansal,Female,20,Pune,Maharashtra,West
CUST000690,Rishi Gupta,Male,43,Chennai,Tamil Nadu,South
CUST000691,Sneha Kapoor,Female,39,Jaipur,Rajasthan,North
CUST000692,Payal Tiwari,Female,29,Hyderabad,Telangana,South
CUST000693,Neha Jain,Female,37,Ahmedabad,Gujarat,West
CUST000694,Avni Saxena,Female,28,Delhi,Delhi,North
CUST000695,Swati Bansal,Female,22,Mumbai,Maharashtra,West
CUST000696,Kunal Khanna,Male,31,Surat,Gujarat,West
CUST000697,Gaurav Arora,Male,49,Bengaluru,Karnataka,South
CUST000698,Siddharth Bhatia,Male,44,Mumbai,Maharashtra,West
CUST000699,Meera Deshmukh,Female,20,Delhi,Delhi,North
CUST000700,Saurabh Rao,Male,24,Hyderabad,Telangana,South
CUST000701,Nisha Thakur,Female,30,Kochi,Kerala,South
CUST000702,Palak Singh,Female,25,Jaipur,Rajasthan,North
CUST000703,Kabir Goyal,Male,25,Lucknow,Uttar Pradesh,North
CUST000704,Yash Shah,Male,42,Surat,Gujarat,West
CUST000705,Muskan Srivastava,Female,19,Pune,Maharashtra,West
CUST000706,Pranav Das,Male,18,Bhopal,Madhya Pradesh,Central
CUST000707,Ankit Pillai,Male,44,Nagpur,Maharashtra,West
CUST000708,Ritika Reddy,Female,27,Hyderabad,Telangana,South
CUST000709,Meera Bhatia,Female,39,Noida,Uttar Pradesh,North
CUST000710,Amit Sethi,Male,23,Delhi,Delhi,North
CUST000711,Kunal Khanna,Male,28,Hyderabad,Telangana,South
CUST000712,Manish Rao,Male,36,Mumbai,Maharashtra,West
CUST000713,Mohit Mishra,Male,34,Mumbai,Maharashtra,West
CUST000714,Ankit Gupta,Male,18,Nagpur,Maharashtra,West
CUST000715,Shreya Kulkarni,Female,26,Nagpur,Maharashtra,West
CUST000716,Radhika Deshmukh,Female,33,Kolkata,West Bengal,East
CUST000717,Rahul Chopra,Male,29,Ahmedabad,Gujarat,West
CUST000718,Nikhil Malhotra,Male,23,Mumbai,Maharashtra,West
CUST000719,Anushka Verma,Female,18,Chennai,Tamil Nadu,South
CUST000720,Mohit Patel,Male,19,Nagpur,Maharashtra,West
CUST000721,Harsh Saxena,Male,40,Mumbai,Maharashtra,West
CUST000722,Pranav Srivastava,Male,29,Surat,Gujarat,West
CUST000723,Aanya Mishra,Female,20,Kolkata,West Bengal,East
CUST000724,Saurabh Naidu,Male,22,Jaipur,Rajasthan,North
CUST000725,Varun Goyal,Male,27,Delhi,Delhi,North
CUST000726,Mohit Saxena,Male,20,Bengaluru,Karnataka,South
CUST000727,Shruti Menon,Female,28,Kolkata,West Bengal,East
CUST000728,Aditya Shah,Male,36,Ahmedabad,Gujarat,West
CUST000729,Rajat Reddy,Male,18,Delhi,Delhi,North
CUST000730,Abhishek Malhotra,Male,27,Bengaluru,Karnataka,South
CUST000731,Rohan Khanna,Male,30,Delhi,Delhi,North
CUST000732,Kavya Thakur,Female,30,Jaipur,Rajasthan,North
CUST000733,Ritesh Verma,Male,24,Jaipur,Rajasthan,North
CUST000734,Dhruv Rao,Male,34,Delhi,Delhi,North
CUST000735,Neha Sethi,Female,32,Delhi,Delhi,North
CUST000736,Isha Chauhan,Female,35,Chennai,Tamil Nadu,South
CUST000737,Rahul Jain,Male,36,Lucknow,Uttar Pradesh,North
CUST000738,Aanya Malhotra,Female,19,Kochi,Kerala,South
CUST000739,Aditya Verma,Male,18,Lucknow,Uttar Pradesh,North
CUST000740,Varun Sethi,Male,19,Ahmedabad,Gujarat,West
CUST000741,Ananya Naidu,Female,27,Bengaluru,Karnataka,South
CUST000742,Shruti Tripathi,Female,41,Chandigarh,Chandigarh,North
CUST000743,Ishita Mishra,Female,21,Bengaluru,Karnataka,South
CUST000744,Isha Sethi,Female,35,Patna,Bihar,East
CUST000745,Aarav Sharma,Male,18,Indore,Madhya Pradesh,Central
CUST000746,Arjun Das,Male,31,Bhopal,Madhya Pradesh,Central
CUST000747,Shubham Naidu,Male,20,Lucknow,Uttar Pradesh,North
CUST000748,Tushar Nair,Male,42,Noida,Uttar Pradesh,North
CUST000749,Vivek Pillai,Male,19,Bhubaneswar,Odisha,East
CUST000750,Varun Tripathi,Male,47,Lucknow,Uttar Pradesh,North
CUST000751,Apoorva Kulkarni,Female,24,Hyderabad,Telangana,South
CUST000752,Sneha Mishra,Female,35,Kolkata,West Bengal,East
CUST000753,Rishi Sinha,Male,34,Noida,Uttar Pradesh,North
CUST000754,Aditya Naidu,Male,42,Lucknow,Uttar Pradesh,North
CUST000755,Isha Mishra,Female,28,Nagpur,Maharashtra,West
CUST000756,Akash Srivastava,Male,34,Bhopal,Madhya Pradesh,Central
CUST000757,Dev Gupta,Male,40,Bhopal,Madhya Pradesh,Central
CUST000758,Muskan Pandey,Female,35,Delhi,Delhi,North
CUST000759,Piyush Menon,Male,30,Lucknow,Uttar Pradesh,North
CUST000760,Abhishek Mehta,Male,32,Jaipur,Rajasthan,North
CUST000761,Aarav Singh,Male,30,Bhopal,Madhya Pradesh,Central
CUST000762,Aanya Saxena,Female,29,Hyderabad,Telangana,South
CUST000763,Saurabh Reddy,Male,36,Lucknow,Uttar Pradesh,North
CUST000764,Shruti Iyer,Female,26,Indore,Madhya Pradesh,Central
CUST000765,Shruti Naidu,Female,27,Indore,Madhya Pradesh,Central
CUST000766,Vivek Mehta,Male,33,Bhubaneswar,Odisha,East
CUST000767,Saurabh Rao,Male,26,Kolkata,West Bengal,East
CUST000768,Manish Agarwal,Male,27,Delhi,Delhi,North
CUST000769,Kavya Sharma,Female,18,Mumbai,Maharashtra,West
CUST000770,Amit Agarwal,Male,25,Chennai,Tamil Nadu,South
CUST000771,Kabir Joshi,Male,27,Indore,Madhya Pradesh,Central
CUST000772,Manish Yadav,Male,40,Hyderabad,Telangana,South
CUST000773,Pranav Chatterjee,Male,21,Hyderabad,Telangana,South
CUST000774,Radhika Sethi,Female,23,Bengaluru,Karnataka,South
CUST000775,Aarav Tripathi,Male,39,Indore,Madhya Pradesh,Central
CUST000776,Simran Bansal,Female,27,Raipur,Chhattisgarh,Central
CUST000777,Rishi Sethi,Male,18,Ahmedabad,Gujarat,West
CUST000778,Sakshi Banerjee,Female,24,Pune,Maharashtra,West
CUST000779,Palak Pillai,Female,45,Bengaluru,Karnataka,South
CUST000780,Divya Malhotra,Female,31,Mumbai,Maharashtra,West
CUST000781,Arjun Roy,Male,26,Ahmedabad,Gujarat,West
CUST000782,Tanvi Kumar,Female,29,Jaipur,Rajasthan,North
CUST000783,Sakshi Mishra,Female,24,Bhopal,Madhya Pradesh,Central
CUST000784,Rahul Bansal,Male,34,Indore,Madhya Pradesh,Central
CUST000785,Tushar Sinha,Male,24,Bhubaneswar,Odisha,East
CUST000786,Akash Pandey,Male,31,Indore,Madhya Pradesh,Central
CUST000787,Siddharth Chopra,Male,33,Kolkata,West Bengal,East
CUST000788,Aarav Sharma,Male,28,Surat,Gujarat,West
CUST000789,Muskan Malhotra,Female,35,Pune,Maharashtra,West
CUST000790,Kavya Joshi,Female,33,Ahmedabad,Gujarat,West
CUST000791,Manish Joshi,Male,28,Mumbai,Maharashtra,West
CUST000792,Karan Rao,Male,29,Delhi,Delhi,North
CUST000793,Sanya Arora,Female,18,Pune,Maharashtra,West
CUST000794,Gaurav Agarwal,Male,18,Bengaluru,Karnataka,South
CUST000795,Rohan Kumar,Male,23,Mumbai,Maharashtra,West
CUST000796,Muskan Das,Female,21,Delhi,Delhi,North
CUST000797,Gaurav Yadav,Male,40,Kolkata,West Bengal,East
CUST000798,Meera Thakur,Female,32,Hyderabad,Telangana,South
CUST000799,Sameer Bhatia,Male,33,Lucknow,Uttar Pradesh,North
CUST000800,Dhruv Bhatia,Male,37,Patna,Bihar,East
CUST000801,Palak Khanna,Female,21,Kolkata,West Bengal,East
CUST000802,Sakshi Rao,Female,20,Lucknow,Uttar Pradesh,North
CUST000803,Karan Singh,Male,24,Delhi,Delhi,North
CUST000804,Sanya Bhatia,Female,27,Lucknow,Uttar Pradesh,North
CUST000805,Aanya Kapoor,Female,23,Kolkata,West Bengal,East
CUST000806,Rajat Goyal,Male,23,Delhi,Delhi,North
CUST000807,Palak Patel,Female,39,Ahmedabad,Gujarat,West
CUST000808,Harsh Chauhan,Male,28,Lucknow,Uttar Pradesh,North
CUST000809,Kavya Sharma,Female,31,Jaipur,Rajasthan,North
CUST000810,Piyush Chatterjee,Male,29,Dehradun,Uttarakhand,North
CUST000811,Palak Kulkarni,Female,22,Chandigarh,Chandigarh,North
CUST000812,Kavya Das,Female,28,Nagpur,Maharashtra,West
CUST000813,Aanya Goyal,Female,27,Pune,Maharashtra,West
CUST000814,Swati Bansal,Female,25,Noida,Uttar Pradesh,North
CUST000815,Aditya Roy,Male,41,Surat,Gujarat,West
CUST000816,Ankit Reddy,Male,18,Lucknow,Uttar Pradesh,North
CUST000817,Shreya Reddy,Female,18,Surat,Gujarat,West
CUST000818,Aanya Shah,Female,44,Bengaluru,Karnataka,South
CUST000819,Shubham Gupta,Male,18,Bhubaneswar,Odisha,East
CUST000820,Arjun Thakur,Male,22,Jaipur,Rajasthan,North
CUST000821,Riya Nair,Female,28,Bengaluru,Karnataka,South
CUST000822,Ritesh Nair,Male,35,Patna,Bihar,East
CUST000823,Pooja Chatterjee,Female,18,Bengaluru,Karnataka,South
CUST000824,Isha Roy,Female,20,Ahmedabad,Gujarat,West
CUST000825,Amit Agarwal,Male,25,Lucknow,Uttar Pradesh,North
CUST000826,Rajat Chauhan,Male,44,Kochi,Kerala,South
CUST000827,Simran Sinha,Female,25,Kochi,Kerala,South
CUST000828,Nisha Rao,Female,18,Jaipur,Rajasthan,North
CUST000829,Ananya Tripathi,Female,31,Bhubaneswar,Odisha,East
CUST000830,Komal Sharma,Female,31,Nagpur,Maharashtra,West
CUST000831,Yash Chauhan,Male,29,Indore,Madhya Pradesh,Central
CUST000832,Vikram Naidu,Male,33,Bhopal,Madhya Pradesh,Central
CUST000833,Mohit Agarwal,Male,18,Bengaluru,Karnataka,South
CUST000834,Rajat Tiwari,Male,33,Jaipur,Rajasthan,North
CUST000835,Divya Sharma,Female,33,Indore,Madhya Pradesh,Central
CUST000836,Shreya Mehta,Female,36,Coimbatore,Tamil Nadu,South
CUST000837,Vivek Tripathi,Male,38,Patna,Bihar,East
CUST000838,Shreya Deshmukh,Female,27,Delhi,Delhi,North
CUST000839,Abhishek Sinha,Male,36,Coimbatore,Tamil Nadu,South
CUST000840,Manish Chopra,Male,27,Bhubaneswar,Odisha,East
CUST000841,Tanvi Roy,Female,18,Hyderabad,Telangana,South
CUST000842,Kunal Sethi,Male,32,Bengaluru,Karnataka,South
CUST000843,Aarav Yadav,Male,41,Patna,Bihar,East
CUST000844,Shubham Goyal,Male,20,Surat,Gujarat,West
CUST000845,Karan Mehta,Male,18,Ahmedabad,Gujarat,West
CUST000846,Saurabh Arora,Male,28,Bengaluru,Karnataka,South
CUST000847,Nandini Banerjee,Female,26,Jaipur,Rajasthan,North
CUST000848,Kavya Chopra,Female,23,Lucknow,Uttar Pradesh,North
CUST000849,Nisha Singh,Female,27,Dehradun,Uttarakhand,North
CUST000850,Sameer Menon,Male,30,Bhopal,Madhya Pradesh,Central
CUST000851,Vivek Das,Male,25,Lucknow,Uttar Pradesh,North
CUST000852,Rahul Chatterjee,Male,27,Chennai,Tamil Nadu,South
CUST000853,Kavya Singh,Female,29,Indore,Madhya Pradesh,Central
CUST000854,Divya Singh,Female,27,Ahmedabad,Gujarat,West
CUST000855,Aarav Deshmukh,Male,35,Hyderabad,Telangana,South
CUST000856,Akash Kulkarni,Male,24,Mumbai,Maharashtra,West
CUST000857,Ankit Khanna,Male,34,Ahmedabad,Gujarat,West
CUST000858,Kavya Khanna,Female,18,Delhi,Delhi,North
CUST000859,Sakshi Yadav,Female,25,Nagpur,Maharashtra,West
CUST000860,Aditi Banerjee,Female,32,Delhi,Delhi,North
CUST000861,Kavya Pandey,Female,20,Lucknow,Uttar Pradesh,North
CUST000862,Ankit Mishra,Male,24,Lucknow,Uttar Pradesh,North
CUST000863,Sanya Verma,Female,18,Hyderabad,Telangana,South
CUST000864,Karan Menon,Male,18,Kolkata,West Bengal,East
CUST000865,Nikhil Naidu,Male,34,Noida,Uttar Pradesh,North
CUST000866,Tanvi Goyal,Female,32,Lucknow,Uttar Pradesh,North
CUST000867,Apoorva Kumar,Female,38,Hyderabad,Telangana,South
CUST000868,Ayush Chatterjee,Male,26,Ahmedabad,Gujarat,West
CUST000869,Khushi Singh,Female,42,Lucknow,Uttar Pradesh,North
CUST000870,Arjun Banerjee,Male,24,Hyderabad,Telangana,South
CUST000871,Priya Joshi,Female,29,Lucknow,Uttar Pradesh,North
CUST000872,Gaurav Roy,Male,20,Mumbai,Maharashtra,West
CUST000873,Harsh Kulkarni,Male,26,Pune,Maharashtra,West
CUST000874,Piyush Khanna,Male,22,Patna,Bihar,East
CUST000875,Akash Nair,Male,39,Pune,Maharashtra,West
CUST000876,Pooja Pillai,Female,40,Lucknow,Uttar Pradesh,North
CUST000877,Abhishek Das,Male,34,Ahmedabad,Gujarat,West
CUST000878,Tanvi Kapoor,Female,35,Surat,Gujarat,West
CUST000879,Vikram Rao,Male,21,Nagpur,Maharashtra,West
CUST000880,Sameer Malhotra,Male,44,Hyderabad,Telangana,South
CUST000881,Ritika Reddy,Female,23,Jaipur,Rajasthan,North
CUST000882,Gaurav Pandey,Male,31,Chennai,Tamil Nadu,South
CUST000883,Radhika Gupta,Female,30,Bengaluru,Karnataka,South
CUST000884,Ananya Mehta,Female,48,Noida,Uttar Pradesh,North
CUST000885,Gaurav Agarwal,Male,18,Pune,Maharashtra,West
CUST000886,Vivek Pandey,Male,23,Kolkata,West Bengal,East
CUST000887,Pranav Menon,Male,28,Chennai,Tamil Nadu,South
CUST000888,Pooja Agarwal,Female,41,Delhi,Delhi,North
CUST000889,Rajat Deshmukh,Male,27,Noida,Uttar Pradesh,North
CUST000890,Abhishek Khanna,Male,23,Noida,Uttar Pradesh,North
CUST000891,Priya Chopra,Female,20,Mumbai,Maharashtra,West
CUST000892,Ayush Iyer,Male,23,Raipur,Chhattisgarh,Central
CUST000893,Shubham Tripathi,Male,33,Pune,Maharashtra,West
CUST000894,Muskan Kapoor,Female,29,Kolkata,West Bengal,East
CUST000895,Shreya Bhatia,Female,31,Guwahati,Assam,East
CUST000896,Karan Mehta,Male,28,Lucknow,Uttar Pradesh,North
CUST000897,Karan Mehta,Male,26,Bengaluru,Karnataka,South
CUST000898,Varun Pillai,Male,34,Delhi,Delhi,North
CUST000899,Rishi Shah,Male,36,Chennai,Tamil Nadu,South
CUST000900,Muskan Bhatia,Female,28,Ahmedabad,Gujarat,West
CUST000901,Nisha Shah,Female,21,Jaipur,Rajasthan,North
CUST000902,Siddharth Iyer,Male,26,Delhi,Delhi,North
CUST000903,Akash Chatterjee,Male,45,Nagpur,Maharashtra,West
CUST000904,Vikram Goyal,Male,27,Bhopal,Madhya Pradesh,Central
CUST000905,Khushi Chauhan,Female,24,Dehradun,Uttarakhand,North
CUST000906,Avni Agarwal,Female,26,Mumbai,Maharashtra,West
CUST000907,Ishita Bhatia,Female,24,Bhopal,Madhya Pradesh,Central
CUST000908,Sneha Pandey,Female,18,Surat,Gujarat,West
CUST000909,Riya Kumar,Female,36,Indore,Madhya Pradesh,Central
CUST000910,Rishi Chopra,Male,31,Kolkata,West Bengal,East
CUST000911,Arjun Banerjee,Male,22,Delhi,Delhi,North
CUST000912,Nikhil Chopra,Male,34,Noida,Uttar Pradesh,North
CUST000913,Nisha Kumar,Female,32,Ahmedabad,Gujarat,West
CUST000914,Abhishek Iyer,Male,21,Chennai,Tamil Nadu,South
CUST000915,Shreya Tiwari,Female,28,Ranchi,Jharkhand,East
CUST000916,Amit Bansal,Male,31,Patna,Bihar,East
CUST000917,Kabir Deshmukh,Male,42,Mumbai,Maharashtra,West
CUST000918,Aditya Roy,Male,29,Lucknow,Uttar Pradesh,North
CUST000919,Yash Mehta,Male,33,Kolkata,West Bengal,East
CUST000920,Sanya Sinha,Female,30,Bhubaneswar,Odisha,East
CUST000921,Manish Saxena,Male,30,Chennai,Tamil Nadu,South
CUST000922,Priya Patel,Female,21,Kochi,Kerala,South
CUST000923,Rajat Sinha,Male,35,Jaipur,Rajasthan,North
CUST000924,Nisha Mishra,Female,40,Pune,Maharashtra,West
CUST000925,Anushka Iyer,Female,37,Chennai,Tamil Nadu,South
CUST000926,Ritika Mishra,Female,24,Pune,Maharashtra,West
CUST000927,Ananya Srivastava,Female,18,Kolkata,West Bengal,East
CUST000928,Radhika Agarwal,Female,25,Chennai,Tamil Nadu,South
CUST000929,Ritesh Khanna,Male,33,Mumbai,Maharashtra,West
CUST000930,Siddharth Bhatia,Male,41,Lucknow,Uttar Pradesh,North
CUST000931,Siddharth Iyer,Male,33,Noida,Uttar Pradesh,North
CUST000932,Gaurav Joshi,Male,30,Lucknow,Uttar Pradesh,North
CUST000933,Aanya Nair,Female,20,Nagpur,Maharashtra,West
CUST000934,Ankit Tiwari,Male,32,Bengaluru,Karnataka,South
CUST000935,Amit Banerjee,Male,24,Ahmedabad,Gujarat,West
CUST000936,Kabir Naidu,Male,28,Surat,Gujarat,West
CUST000937,Pranav Tripathi,Male,41,Indore,Madhya Pradesh,Central
CUST000938,Varun Goyal,Male,34,Ahmedabad,Gujarat,West
CUST000939,Priya Goyal,Female,34,Mumbai,Maharashtra,West
CUST000940,Muskan Deshmukh,Female,27,Chandigarh,Chandigarh,North
CUST000941,Manya Banerjee,Female,21,Chennai,Tamil Nadu,South
CUST000942,Ritika Chauhan,Female,34,Kochi,Kerala,South
CUST000943,Nisha Yadav,Female,37,Kolkata,West Bengal,East
CUST000944,Shubham Deshmukh,Male,37,Lucknow,Uttar Pradesh,North
CUST000945,Ritika Deshmukh,Female,30,Coimbatore,Tamil Nadu,South
CUST000946,Priya Deshmukh,Female,31,Surat,Gujarat,West
CUST000947,Ankit Kapoor,Male,26,Delhi,Delhi,North
CUST000948,Piyush Pillai,Male,30,Kolkata,West Bengal,East
CUST000949,Manish Joshi,Male,26,Hyderabad,Telangana,South
CUST000950,Ayush Chauhan,Male,27,Noida,Uttar Pradesh,North
CUST000951,Palak Verma,Female,28,Noida,Uttar Pradesh,North
CUST000952,Tushar Chauhan,Male,20,Surat,Gujarat,West
CUST000953,Ayush Sethi,Male,23,Surat,Gujarat,West
CUST000954,Amit Jain,Male,22,Ranchi,Jharkhand,East
CUST000955,Aditya Singh,Male,24,Hyderabad,Telangana,South
CUST000956,Ankit Kumar,Male,32,Kolkata,West Bengal,East
CUST000957,Dev Sharma,Male,30,Ahmedabad,Gujarat,West
CUST000958,Ritesh Bhatia,Male,20,Kochi,Kerala,South
CUST000959,Abhishek Naidu,Male,26,Hyderabad,Telangana,South
CUST000960,Ritesh Verma,Male,34,Hyderabad,Telangana,South
CUST000961,Divya Malhotra,Female,18,Delhi,Delhi,North
CUST000962,Ritesh Verma,Male,33,Indore,Madhya Pradesh,Central
CUST000963,Mohit Arora,Male,38,Chennai,Tamil Nadu,South
CUST000964,Ritesh Kapoor,Male,18,Jaipur,Rajasthan,North
CUST000965,Shreya Yadav,Female,50,Bengaluru,Karnataka,South
CUST000966,Tushar Bhatia,Male,28,Pune,Maharashtra,West
CUST000967,Tushar Sharma,Male,36,Hyderabad,Telangana,South
CUST000968,Diya Saxena,Female,21,Kolkata,West Bengal,East
CUST000969,Ritesh Arora,Male,35,Noida,Uttar Pradesh,North
CUST000970,Meera Tiwari,Female,29,Mumbai,Maharashtra,West
CUST000971,Piyush Thakur,Male,26,Hyderabad,Telangana,South
CUST000972,Swati Verma,Female,25,Pune,Maharashtra,West
CUST000973,Sanya Menon,Female,26,Pune,Maharashtra,West
CUST000974,Ayush Arora,Male,23,Raipur,Chhattisgarh,Central
CUST000975,Divya Kumar,Female,39,Indore,Madhya Pradesh,Central
CUST000976,Kabir Chauhan,Male,28,Bengaluru,Karnataka,South
CUST000977,Ayush Goyal,Male,32,Raipur,Chhattisgarh,Central
CUST000978,Kabir Gupta,Male,18,Hyderabad,Telangana,South
CUST000979,Dhruv Mehta,Male,26,Bengaluru,Karnataka,South
CUST000980,Avni Sharma,Female,19,Mumbai,Maharashtra,West
CUST000981,Komal Goyal,Female,36,Mumbai,Maharashtra,West
CUST000982,Mohit Rao,Male,30,Hyderabad,Telangana,South
CUST000983,Pranav Sinha,Male,36,Mumbai,Maharashtra,West
CUST000984,Khushi Patel,Female,20,Bengaluru,Karnataka,South
CUST000985,Anushka Kapoor,Female,34,Kolkata,West Bengal,East
CUST000986,Anushka Saxena,Female,26,Raipur,Chhattisgarh,Central
CUST000987,Piyush Patel,Male,34,Nagpur,Maharashtra,West
CUST000988,Vikram Joshi,Male,18,Delhi,Delhi,North
CUST000989,Sneha Patel,Female,21,Mumbai,Maharashtra,West
CUST000990,Isha Mehta,Female,33,Delhi,Delhi,North
CUST000991,Ayush Verma,Male,23,Chennai,Tamil Nadu,South
CUST000992,Ananya Chatterjee,Female,37,Jaipur,Rajasthan,North
CUST000993,Apoorva Srivastava,Female,35,Delhi,Delhi,North
CUST000994,Muskan Rao,Female,23,Delhi,Delhi,North
CUST000995,Shubham Agarwal,Male,34,Patna,Bihar,East
CUST000996,Arjun Kumar,Male,20,Mumbai,Maharashtra,West
CUST000997,Swati Nair,Female,31,Ahmedabad,Gujarat,West
CUST000998,Dhruv Srivastava,Male,18,Pune,Maharashtra,West
CUST000999,Mohit Nair,Male,24,Delhi,Delhi,North
CUST001000,Kunal Mehta,Male,32,Lucknow,Uttar Pradesh,North
CUST001001,Rishi Banerjee,Male,40,Ranchi,Jharkhand,East
CUST001002,Piyush Thakur,Male,23,Surat,Gujarat,West
CUST001003,Mohit Goyal,Male,20,Indore,Madhya Pradesh,Central
CUST001004,Khushi Shah,Female,23,Mumbai,Maharashtra,West
CUST001005,Ritika Pillai,Female,33,Lucknow,Uttar Pradesh,North
CUST001006,Amit Deshmukh,Male,22,Chandigarh,Chandigarh,North
CUST001007,Khushi Chatterjee,Female,51,Delhi,Delhi,North
CUST001008,Diya Deshmukh,Female,28,Indore,Madhya Pradesh,Central
CUST001009,Muskan Tiwari,Female,23,Mumbai,Maharashtra,West
CUST001010,Saurabh Patel,Male,25,Raipur,Chhattisgarh,Central
CUST001011,Komal Singh,Female,33,Ahmedabad,Gujarat,West
CUST001012,Ishita Reddy,Female,24,Lucknow,Uttar Pradesh,North
CUST001013,Amit Deshmukh,Male,32,Mumbai,Maharashtra,West
CUST001014,Swati Chauhan,Female,26,Lucknow,Uttar Pradesh,North
CUST001015,Rishi Verma,Male,34,Hyderabad,Telangana,South
CUST001016,Nikhil Mishra,Male,41,Bhopal,Madhya Pradesh,Central
CUST001017,Anushka Singh,Female,38,Chennai,Tamil Nadu,South
CUST001018,Riya Sharma,Female,26,Bhubaneswar,Odisha,East
CUST001019,Kunal Mishra,Male,26,Ahmedabad,Gujarat,West
CUST001020,Rishi Iyer,Male,18,Coimbatore,Tamil Nadu,South
CUST001021,Rajat Kapoor,Male,29,Lucknow,Uttar Pradesh,North
CUST001022,Tanvi Naidu,Female,33,Surat,Gujarat,West
CUST001023,Siddharth Chauhan,Male,28,Delhi,Delhi,North
CUST001024,Saurabh Khanna,Male,25,Lucknow,Uttar Pradesh,North
CUST001025,Isha Tiwari,Female,31,Chennai,Tamil Nadu,South
CUST001026,Arjun Rao,Male,40,Chennai,Tamil Nadu,South
CUST001027,Khushi Mishra,Female,24,Hyderabad,Telangana,South
CUST001028,Isha Goyal,Female,22,Kochi,Kerala,South
CUST001029,Manish Banerjee,Male,35,Bengaluru,Karnataka,South
CUST001030,Rishi Yadav,Male,19,Delhi,Delhi,North
CUST001031,Pranav Bansal,Male,32,Hyderabad,Telangana,South
CUST001032,Shruti Chauhan,Female,36,Mumbai,Maharashtra,West
CUST001033,Arjun Srivastava,Male,34,Pune,Maharashtra,West
CUST001034,Pranav Srivastava,Male,24,Nagpur,Maharashtra,West
CUST001035,Ishita Rao,Female,48,Mumbai,Maharashtra,West
CUST001036,Shubham Nair,Male,28,Bhubaneswar,Odisha,East
CUST001037,Abhishek Malhotra,Male,33,Pune,Maharashtra,West
CUST001038,Neha Nair,Female,27,Kolkata,West Bengal,East
CUST001039,Payal Thakur,Female,30,Mumbai,Maharashtra,West
CUST001040,Piyush Tiwari,Male,22,Surat,Gujarat,West
CUST001041,Nandini Chauhan,Female,25,Pune,Maharashtra,West
CUST001042,Arjun Banerjee,Male,25,Mumbai,Maharashtra,West
CUST001043,Karan Kumar,Male,24,Bengaluru,Karnataka,South
CUST001044,Manya Verma,Female,44,Ahmedabad,Gujarat,West
CUST001045,Isha Sharma,Female,27,Surat,Gujarat,West
CUST001046,Khushi Khanna,Female,25,Kochi,Kerala,South
CUST001047,Nikhil Chatterjee,Male,35,Chennai,Tamil Nadu,South
CUST001048,Gaurav Thakur,Male,27,Delhi,Delhi,North
CUST001049,Ananya Shah,Female,36,Dehradun,Uttarakhand,North
CUST001050,Sakshi Shah,Female,22,Kochi,Kerala,South
CUST001051,Shruti Sharma,Female,30,Chennai,Tamil Nadu,South
CUST001052,Ananya Reddy,Female,18,Jaipur,Rajasthan,North
CUST001053,Varun Sharma,Male,23,Bhopal,Madhya Pradesh,Central
CUST001054,Sneha Banerjee,Female,38,Mumbai,Maharashtra,West
CUST001055,Neha Mishra,Female,31,Delhi,Delhi,North
CUST001056,Muskan Kumar,Female,21,Delhi,Delhi,North
CUST001057,Pranav Banerjee,Male,25,Delhi,Delhi,North
CUST001058,Anushka Arora,Female,21,Noida,Uttar Pradesh,North
CUST001059,Tanvi Menon,Female,30,Kochi,Kerala,South
CUST001060,Pranav Naidu,Male,21,Mumbai,Maharashtra,West
CUST001061,Akash Thakur,Male,33,Delhi,Delhi,North
CUST001062,Arjun Tripathi,Male,21,Patna,Bihar,East
CUST001063,Arjun Gupta,Male,38,Hyderabad,Telangana,South
CUST001064,Shruti Reddy,Female,39,Hyderabad,Telangana,South
CUST001065,Vikram Banerjee,Male,48,Hyderabad,Telangana,South
CUST001066,Rahul Verma,Male,30,Mumbai,Maharashtra,West
CUST001067,Varun Pandey,Male,36,Mumbai,Maharashtra,West
CUST001068,Rahul Tripathi,Male,31,Kolkata,West Bengal,East
CUST001069,Ritesh Tripathi,Male,29,Mumbai,Maharashtra,West
CUST001070,Kunal Gupta,Male,18,Ranchi,Jharkhand,East
CUST001071,Vikram Kapoor,Male,25,Delhi,Delhi,North
CUST001072,Muskan Agarwal,Female,38,Pune,Maharashtra,West
CUST001073,Tushar Goyal,Male,18,Kochi,Kerala,South
CUST001074,Ananya Menon,Female,38,Coimbatore,Tamil Nadu,South
CUST001075,Payal Saxena,Female,22,Delhi,Delhi,North
CUST001076,Shreya Malhotra,Female,35,Mumbai,Maharashtra,West
CUST001077,Aditya Patel,Male,22,Pune,Maharashtra,West
CUST001078,Saurabh Malhotra,Male,32,Dehradun,Uttarakhand,North
CUST001079,Sanya Sinha,Female,18,Mumbai,Maharashtra,West
CUST001080,Harsh Rao,Male,18,Dehradun,Uttarakhand,North
CUST001081,Kabir Arora,Male,40,Ahmedabad,Gujarat,West
CUST001082,Komal Saxena,Female,43,Bengaluru,Karnataka,South
CUST001083,Nikhil Roy,Male,33,Jaipur,Rajasthan,North
CUST001084,Abhishek Malhotra,Male,27,Jaipur,Rajasthan,North
CUST001085,Aanya Khanna,Female,18,Lucknow,Uttar Pradesh,North
CUST001086,Nisha Pillai,Female,18,Patna,Bihar,East
CUST001087,Mohit Yadav,Male,18,Jaipur,Rajasthan,North
CUST001088,Arjun Naidu,Male,29,Mumbai,Maharashtra,West
CUST001089,Manya Kulkarni,Female,21,Chandigarh,Chandigarh,North
CUST001090,Palak Banerjee,Female,28,Bhubaneswar,Odisha,East
CUST001091,Kavya Patel,Female,20,Jaipur,Rajasthan,North
CUST001092,Yash Das,Male,32,Noida,Uttar Pradesh,North
CUST001093,Karan Sethi,Male,25,Chennai,Tamil Nadu,South
CUST001094,Yash Mishra,Male,25,Chandigarh,Chandigarh,North
CUST001095,Radhika Deshmukh,Female,18,Coimbatore,Tamil Nadu,South
CUST001096,Avni Verma,Female,25,Kolkata,West Bengal,East
CUST001097,Swati Tiwari,Female,36,Coimbatore,Tamil Nadu,South
CUST001098,Diya Mehta,Female,36,Kolkata,West Bengal,East
CUST001099,Aditya Tiwari,Male,25,Ahmedabad,Gujarat,West
CUST001100,Sakshi Kulkarni,Female,25,Delhi,Delhi,North
CUST001101,Meera Arora,Female,40,Hyderabad,Telangana,South
CUST001102,Isha Roy,Female,23,Delhi,Delhi,North
CUST001103,Khushi Arora,Female,18,Bhopal,Madhya Pradesh,Central
CUST001104,Yash Yadav,Male,32,Delhi,Delhi,North
CUST001105,Vivek Mehta,Male,40,Ranchi,Jharkhand,East
CUST001106,Meera Banerjee,Female,19,Jaipur,Rajasthan,North
CUST001107,Vivek Sethi,Male,27,Kochi,Kerala,South
CUST001108,Shruti Gupta,Female,22,Bhubaneswar,Odisha,East
CUST001109,Aarav Pillai,Male,23,Pune,Maharashtra,West
CUST001110,Sameer Tripathi,Male,30,Noida,Uttar Pradesh,North
CUST001111,Vivek Srivastava,Male,20,Surat,Gujarat,West
CUST001112,Ritesh Patel,Male,36,Dehradun,Uttarakhand,North
CUST001113,Akash Kulkarni,Male,23,Bengaluru,Karnataka,South
CUST001114,Isha Kapoor,Female,33,Raipur,Chhattisgarh,Central
CUST001115,Varun Joshi,Male,26,Indore,Madhya Pradesh,Central
CUST001116,Khushi Mishra,Female,30,Ahmedabad,Gujarat,West
CUST001117,Nikhil Rao,Male,20,Hyderabad,Telangana,South
CUST001118,Tanvi Saxena,Female,33,Bengaluru,Karnataka,South
CUST001119,Harsh Jain,Male,23,Hyderabad,Telangana,South
CUST001120,Ankit Khanna,Male,25,Mumbai,Maharashtra,West
CUST001121,Saurabh Nair,Male,39,Lucknow,Uttar Pradesh,North
CUST001122,Vivek Deshmukh,Male,21,Bengaluru,Karnataka,South
CUST001123,Akash Kulkarni,Male,30,Chennai,Tamil Nadu,South
CUST001124,Nisha Goyal,Female,29,Kolkata,West Bengal,East
CUST001125,Ritesh Joshi,Male,18,Ahmedabad,Gujarat,West
CUST001126,Tushar Kumar,Male,32,Chennai,Tamil Nadu,South
CUST001127,Shubham Goyal,Male,33,Pune,Maharashtra,West
CUST001128,Gaurav Banerjee,Male,19,Ranchi,Jharkhand,East
CUST001129,Amit Thakur,Male,35,Patna,Bihar,East
CUST001130,Aditya Mishra,Male,32,Hyderabad,Telangana,South
CUST001131,Varun Banerjee,Male,18,Mumbai,Maharashtra,West
CUST001132,Meera Tripathi,Female,30,Indore,Madhya Pradesh,Central
CUST001133,Harsh Nair,Male,23,Hyderabad,Telangana,South
CUST001134,Anushka Nair,Female,31,Lucknow,Uttar Pradesh,North
CUST001135,Abhishek Sinha,Male,20,Mumbai,Maharashtra,West
CUST001136,Swati Banerjee,Female,26,Coimbatore,Tamil Nadu,South
CUST001137,Ankit Shah,Male,27,Pune,Maharashtra,West
CUST001138,Ananya Yadav,Female,26,Mumbai,Maharashtra,West
CUST001139,Vikram Sinha,Male,38,Bengaluru,Karnataka,South
CUST001140,Nikhil Roy,Male,29,Hyderabad,Telangana,South
CUST001141,Khushi Patel,Female,36,Kolkata,West Bengal,East
CUST001142,Ankit Joshi,Male,25,Nagpur,Maharashtra,West
CUST001143,Varun Agarwal,Male,30,Noida,Uttar Pradesh,North
CUST001144,Dhruv Gupta,Male,33,Bengaluru,Karnataka,South
CUST001145,Manya Patel,Female,30,Mumbai,Maharashtra,West
CUST001146,Saurabh Khanna,Male,37,Bengaluru,Karnataka,South
CUST001147,Aditi Tripathi,Female,42,Delhi,Delhi,North
CUST001148,Amit Mishra,Male,38,Bengaluru,Karnataka,South
CUST001149,Ayush Banerjee,Male,35,Bengaluru,Karnataka,South
CUST001150,Saurabh Kapoor,Male,18,Surat,Gujarat,West
CUST001151,Manish Sinha,Male,29,Delhi,Delhi,North
CUST001152,Rohan Agarwal,Male,27,Bengaluru,Karnataka,South
CUST001153,Rahul Shah,Male,19,Lucknow,Uttar Pradesh,North
CUST001154,Vivek Verma,Male,36,Mumbai,Maharashtra,West
CUST001155,Avni Chatterjee,Female,18,Dehradun,Uttarakhand,North
CUST001156,Palak Mehta,Female,25,Delhi,Delhi,North
CUST001157,Piyush Tripathi,Male,32,Chennai,Tamil Nadu,South
CUST001158,Dev Jain,Male,41,Surat,Gujarat,West
CUST001159,Aarav Rao,Male,34,Delhi,Delhi,North
CUST001160,Nikhil Roy,Male,48,Nagpur,Maharashtra,West
CUST001161,Sakshi Sethi,Female,22,Pune,Maharashtra,West
CUST001162,Kunal Singh,Male,46,Bengaluru,Karnataka,South
CUST001163,Diya Banerjee,Female,30,Bhubaneswar,Odisha,East
CUST001164,Ankit Sharma,Male,23,Delhi,Delhi,North
CUST001165,Nandini Nair,Female,37,Kolkata,West Bengal,East
CUST001166,Kunal Chauhan,Male,18,Patna,Bihar,East
CUST001167,Muskan Tiwari,Female,33,Bhopal,Madhya Pradesh,Central
CUST001168,Akash Srivastava,Male,31,Hyderabad,Telangana,South
CUST001169,Tanvi Singh,Female,27,Bengaluru,Karnataka,South
CUST001170,Muskan Naidu,Female,26,Coimbatore,Tamil Nadu,South
CUST001171,Arjun Naidu,Male,32,Delhi,Delhi,North
CUST001172,Anushka Singh,Female,40,Lucknow,Uttar Pradesh,North
CUST001173,Manish Kapoor,Male,37,Chennai,Tamil Nadu,South
CUST001174,Yash Yadav,Male,22,Bengaluru,Karnataka,South
CUST001175,Avni Chopra,Female,28,Jaipur,Rajasthan,North
CUST001176,Dhruv Banerjee,Male,35,Pune,Maharashtra,West
CUST001177,Shubham Pandey,Male,18,Hyderabad,Telangana,South
CUST001178,Ananya Kulkarni,Female,30,Bhubaneswar,Odisha,East
CUST001179,Dhruv Tiwari,Male,39,Coimbatore,Tamil Nadu,South
CUST001180,Radhika Bansal,Female,32,Lucknow,Uttar Pradesh,North
CUST001181,Komal Malhotra,Female,29,Mumbai,Maharashtra,West
CUST001182,Mohit Deshmukh,Male,48,Bengaluru,Karnataka,South
CUST001183,Rishi Thakur,Male,43,Bengaluru,Karnataka,South
CUST001184,Kabir Kumar,Male,18,Bengaluru,Karnataka,South
CUST001185,Sakshi Sharma,Female,25,Mumbai,Maharashtra,West
CUST001186,Varun Shah,Male,32,Patna,Bihar,East
CUST001187,Apoorva Kulkarni,Female,29,Jaipur,Rajasthan,North
CUST001188,Pooja Bansal,Female,18,Chennai,Tamil Nadu,South
CUST001189,Rohan Srivastava,Male,18,Surat,Gujarat,West
CUST001190,Ananya Chopra,Female,18,Chennai,Tamil Nadu,South
CUST001191,Amit Malhotra,Male,23,Pune,Maharashtra,West
CUST001192,Dev Reddy,Male,21,Mumbai,Maharashtra,West
CUST001193,Aanya Kapoor,Female,20,Lucknow,Uttar Pradesh,North
CUST001194,Rohan Bhatia,Male,30,Delhi,Delhi,North
CUST001195,Tanvi Saxena,Female,30,Jaipur,Rajasthan,North
CUST001196,Rahul Joshi,Male,40,Delhi,Delhi,North
CUST001197,Gaurav Naidu,Male,23,Bengaluru,Karnataka,South
CUST001198,Arjun Das,Male,30,Mumbai,Maharashtra,West
CUST001199,Piyush Khanna,Male,30,Surat,Gujarat,West
CUST001200,Sneha Singh,Female,32,Noida,Uttar Pradesh,North
CUST001201,Vikram Mishra,Male,26,Bhopal,Madhya Pradesh,Central
CUST001202,Divya Rao,Female,24,Kolkata,West Bengal,East
CUST001203,Aditi Banerjee,Female,31,Jaipur,Rajasthan,North
CUST001204,Abhishek Kulkarni,Male,22,Noida,Uttar Pradesh,North
CUST001205,Karan Pillai,Male,25,Ahmedabad,Gujarat,West
CUST001206,Divya Tiwari,Female,36,Mumbai,Maharashtra,West
CUST001207,Gaurav Chatterjee,Male,33,Nagpur,Maharashtra,West
CUST001208,Anushka Yadav,Female,25,Chennai,Tamil Nadu,South
CUST001209,Divya Patel,Female,29,Indore,Madhya Pradesh,Central
CUST001210,Divya Khanna,Female,22,Bengaluru,Karnataka,South
CUST001211,Vivek Verma,Male,18,Delhi,Delhi,North
CUST001212,Dhruv Menon,Male,28,Pune,Maharashtra,West
CUST001213,Divya Banerjee,Female,38,Mumbai,Maharashtra,West
CUST001214,Arjun Tiwari,Male,31,Hyderabad,Telangana,South
CUST001215,Tanvi Sharma,Female,38,Chandigarh,Chandigarh,North
CUST001216,Riya Bhatia,Female,32,Delhi,Delhi,North
CUST001217,Aditya Joshi,Male,26,Bengaluru,Karnataka,South
CUST001218,Vikram Saxena,Male,21,Pune,Maharashtra,West
CUST001219,Vikram Chauhan,Male,27,Hyderabad,Telangana,South
CUST001220,Nisha Bhatia,Female,21,Kolkata,West Bengal,East
CUST001221,Payal Bhatia,Female,35,Pune,Maharashtra,West
CUST001222,Varun Verma,Male,18,Guwahati,Assam,East
CUST001223,Ananya Nair,Female,34,Indore,Madhya Pradesh,Central
CUST001224,Aarav Menon,Male,22,Bengaluru,Karnataka,South
CUST001225,Vikram Naidu,Male,27,Hyderabad,Telangana,South
CUST001226,Dhruv Shah,Male,36,Bengaluru,Karnataka,South
CUST001227,Nisha Gupta,Female,18,Delhi,Delhi,North
CUST001228,Amit Chatterjee,Male,18,Patna,Bihar,East
CUST001229,Ayush Das,Male,25,Bengaluru,Karnataka,South
CUST001230,Karan Mishra,Male,19,Noida,Uttar Pradesh,North
CUST001231,Nikhil Arora,Male,34,Nagpur,Maharashtra,West
CUST001232,Pranav Singh,Male,40,Bhopal,Madhya Pradesh,Central
CUST001233,Aarav Naidu,Male,23,Nagpur,Maharashtra,West
CUST001234,Shubham Saxena,Male,25,Bengaluru,Karnataka,South
CUST001235,Kavya Verma,Female,37,Kochi,Kerala,South
CUST001236,Vikram Pandey,Male,32,Jaipur,Rajasthan,North
CUST001237,Shreya Tiwari,Female,20,Raipur,Chhattisgarh,Central
CUST001238,Neha Rao,Female,18,Chennai,Tamil Nadu,South
CUST001239,Payal Shah,Female,21,Bhopal,Madhya Pradesh,Central
CUST001240,Sameer Sharma,Male,19,Bengaluru,Karnataka,South
CUST001241,Palak Gupta,Female,21,Kolkata,West Bengal,East
CUST001242,Simran Kumar,Female,27,Hyderabad,Telangana,South
CUST001243,Pranav Menon,Male,31,Indore,Madhya Pradesh,Central
CUST001244,Shruti Pandey,Female,23,Bengaluru,Karnataka,South
CUST001245,Ritika Khanna,Female,26,Mumbai,Maharashtra,West
CUST001246,Swati Arora,Female,37,Kochi,Kerala,South
CUST001247,Ritesh Reddy,Male,28,Bhubaneswar,Odisha,East
CUST001248,Ritesh Kumar,Male,41,Surat,Gujarat,West
CUST001249,Neha Verma,Female,33,Kolkata,West Bengal,East
CUST001250,Sakshi Kulkarni,Female,30,Kochi,Kerala,South
CUST001251,Rajat Yadav,Male,23,Kolkata,West Bengal,East
CUST001252,Kabir Kulkarni,Male,36,Bengaluru,Karnataka,South
CUST001253,Shreya Gupta,Female,24,Pune,Maharashtra,West
CUST001254,Aarav Agarwal,Male,26,Patna,Bihar,East
CUST001255,Kavya Khanna,Female,24,Coimbatore,Tamil Nadu,South
CUST001256,Manish Goyal,Male,19,Indore,Madhya Pradesh,Central
CUST001257,Diya Verma,Female,35,Nagpur,Maharashtra,West
CUST001258,Piyush Gupta,Male,39,Mumbai,Maharashtra,West
CUST001259,Sneha Mehta,Female,31,Bengaluru,Karnataka,South
CUST001260,Shruti Bhatia,Female,30,Hyderabad,Telangana,South
CUST001261,Kunal Thakur,Male,28,Lucknow,Uttar Pradesh,North
CUST001262,Ananya Chauhan,Female,20,Ahmedabad,Gujarat,West
CUST001263,Dev Gupta,Male,18,Jaipur,Rajasthan,North
CUST001264,Ankit Nair,Male,18,Guwahati,Assam,East
CUST001265,Ananya Roy,Female,37,Patna,Bihar,East
CUST001266,Palak Shah,Female,18,Surat,Gujarat,West
CUST001267,Ankit Chatterjee,Male,18,Coimbatore,Tamil Nadu,South
CUST001268,Anushka Agarwal,Female,32,Patna,Bihar,East
CUST001269,Muskan Naidu,Female,28,Delhi,Delhi,North
CUST001270,Sakshi Pillai,Female,26,Noida,Uttar Pradesh,North
CUST001271,Divya Khanna,Female,25,Ahmedabad,Gujarat,West
CUST001272,Ishita Iyer,Female,24,Noida,Uttar Pradesh,North
CUST001273,Simran Gupta,Female,18,Bengaluru,Karnataka,South
CUST001274,Arjun Iyer,Male,26,Indore,Madhya Pradesh,Central
CUST001275,Manya Jain,Female,19,Jaipur,Rajasthan,North
CUST001276,Priya Sinha,Female,42,Noida,Uttar Pradesh,North
CUST001277,Manish Rao,Male,22,Ahmedabad,Gujarat,West
CUST001278,Rajat Verma,Male,26,Lucknow,Uttar Pradesh,North
CUST001279,Tanvi Mehta,Female,42,Bengaluru,Karnataka,South
CUST001280,Manish Patel,Male,36,Bhopal,Madhya Pradesh,Central
CUST001281,Isha Chauhan,Female,23,Kolkata,West Bengal,East
CUST001282,Manya Bansal,Female,36,Hyderabad,Telangana,South
CUST001283,Simran Tiwari,Female,27,Indore,Madhya Pradesh,Central
CUST001284,Piyush Naidu,Male,40,Mumbai,Maharashtra,West
CUST001285,Saurabh Patel,Male,37,Bengaluru,Karnataka,South
CUST001286,Vivek Sharma,Male,18,Mumbai,Maharashtra,West
CUST001287,Komal Deshmukh,Female,27,Ahmedabad,Gujarat,West
CUST001288,Piyush Reddy,Male,30,Kolkata,West Bengal,East
CUST001289,Komal Mishra,Female,31,Mumbai,Maharashtra,West
CUST001290,Aanya Verma,Female,33,Ahmedabad,Gujarat,West
CUST001291,Sneha Das,Female,39,Bhubaneswar,Odisha,East
CUST001292,Shruti Das,Female,24,Chennai,Tamil Nadu,South
CUST001293,Dhruv Patel,Male,28,Mumbai,Maharashtra,West
CUST001294,Abhishek Mehta,Male,23,Chandigarh,Chandigarh,North
CUST001295,Ankit Das,Male,22,Dehradun,Uttarakhand,North
CUST001296,Apoorva Banerjee,Female,25,Chennai,Tamil Nadu,South
CUST001297,Swati Menon,Female,31,Coimbatore,Tamil Nadu,South
CUST001298,Vikram Sinha,Male,31,Pune,Maharashtra,West
CUST001299,Swati Rao,Female,38,Pune,Maharashtra,West
CUST001300,Avni Kulkarni,Female,32,Mumbai,Maharashtra,West
CUST001301,Pooja Naidu,Female,28,Ahmedabad,Gujarat,West
CUST001302,Ananya Sharma,Female,29,Hyderabad,Telangana,South
CUST001303,Akash Joshi,Male,36,Hyderabad,Telangana,South
CUST001304,Manya Saxena,Female,34,Indore,Madhya Pradesh,Central
CUST001305,Radhika Patel,Female,39,Mumbai,Maharashtra,West
CUST001306,Radhika Banerjee,Female,40,Ranchi,Jharkhand,East
CUST001307,Apoorva Saxena,Female,23,Delhi,Delhi,North
CUST001308,Radhika Srivastava,Female,27,Mumbai,Maharashtra,West
CUST001309,Piyush Reddy,Male,35,Bengaluru,Karnataka,South
CUST001310,Rajat Srivastava,Male,18,Delhi,Delhi,North
CUST001311,Palak Gupta,Female,29,Pune,Maharashtra,West
CUST001312,Mohit Kulkarni,Male,42,Nagpur,Maharashtra,West
CUST001313,Isha Sinha,Female,33,Mumbai,Maharashtra,West
CUST001314,Mohit Khanna,Male,32,Hyderabad,Telangana,South
CUST001315,Muskan Iyer,Female,29,Ahmedabad,Gujarat,West
CUST001316,Nikhil Mehta,Male,24,Ahmedabad,Gujarat,West
CUST001317,Tushar Malhotra,Male,49,Surat,Gujarat,West
CUST001318,Rohan Kumar,Male,24,Lucknow,Uttar Pradesh,North
CUST001319,Shubham Verma,Male,27,Jaipur,Rajasthan,North
CUST001320,Nandini Mishra,Female,27,Noida,Uttar Pradesh,North
CUST001321,Pooja Sethi,Female,28,Mumbai,Maharashtra,West
CUST001322,Arjun Yadav,Male,47,Chennai,Tamil Nadu,South
CUST001323,Pranav Menon,Male,42,Kochi,Kerala,South
CUST001324,Tushar Chatterjee,Male,26,Lucknow,Uttar Pradesh,North
CUST001325,Manish Arora,Male,35,Jaipur,Rajasthan,North
CUST001326,Ankit Naidu,Male,31,Bhopal,Madhya Pradesh,Central
CUST001327,Shruti Chatterjee,Female,36,Chennai,Tamil Nadu,South
CUST001328,Rahul Banerjee,Male,29,Mumbai,Maharashtra,West
CUST001329,Manya Menon,Female,24,Delhi,Delhi,North
CUST001330,Isha Gupta,Female,35,Pune,Maharashtra,West
CUST001331,Rajat Shah,Male,26,Pune,Maharashtra,West
CUST001332,Kavya Naidu,Female,38,Kolkata,West Bengal,East
CUST001333,Yash Shah,Male,36,Indore,Madhya Pradesh,Central
CUST001334,Nisha Menon,Female,29,Pune,Maharashtra,West
CUST001335,Khushi Tiwari,Female,41,Coimbatore,Tamil Nadu,South
CUST001336,Piyush Sharma,Male,35,Surat,Gujarat,West
CUST001337,Sneha Bhatia,Female,26,Pune,Maharashtra,West
CUST001338,Saurabh Verma,Male,38,Delhi,Delhi,North
CUST001339,Harsh Rao,Male,31,Kolkata,West Bengal,East
CUST001340,Priya Pillai,Female,18,Patna,Bihar,East
CUST001341,Pranav Joshi,Male,29,Coimbatore,Tamil Nadu,South
CUST001342,Riya Agarwal,Female,36,Pune,Maharashtra,West
CUST001343,Aditya Tiwari,Male,39,Delhi,Delhi,North
CUST001344,Sneha Naidu,Female,18,Hyderabad,Telangana,South
CUST001345,Yash Mishra,Male,28,Pune,Maharashtra,West
CUST001346,Saurabh Singh,Male,28,Kolkata,West Bengal,East
CUST001347,Isha Yadav,Female,29,Hyderabad,Telangana,South
CUST001348,Kunal Pillai,Male,27,Indore,Madhya Pradesh,Central
CUST001349,Akash Mehta,Male,41,Chennai,Tamil Nadu,South
CUST001350,Ritesh Patel,Male,18,Coimbatore,Tamil Nadu,South
CUST001351,Nandini Iyer,Female,27,Kochi,Kerala,South
CUST001352,Arjun Malhotra,Male,27,Delhi,Delhi,North
CUST001353,Rahul Jain,Male,30,Noida,Uttar Pradesh,North
CUST001354,Saurabh Deshmukh,Male,34,Ahmedabad,Gujarat,West
CUST001355,Anushka Tiwari,Female,18,Bengaluru,Karnataka,South
CUST001356,Dhruv Deshmukh,Male,41,Coimbatore,Tamil Nadu,South
CUST001357,Palak Thakur,Female,18,Pune,Maharashtra,West
CUST001358,Rajat Jain,Male,48,Jaipur,Rajasthan,North
CUST001359,Ritesh Sharma,Male,29,Lucknow,Uttar Pradesh,North
CUST001360,Kavya Srivastava,Female,25,Kolkata,West Bengal,East
CUST001361,Nikhil Sethi,Male,31,Pune,Maharashtra,West
CUST001362,Tanvi Gupta,Female,22,Guwahati,Assam,East
CUST001363,Shruti Chopra,Female,26,Lucknow,Uttar Pradesh,North
CUST001364,Pranav Pillai,Male,18,Bengaluru,Karnataka,South
CUST001365,Mohit Yadav,Male,49,Delhi,Delhi,North
CUST001366,Manish Banerjee,Male,26,Ahmedabad,Gujarat,West
CUST001367,Riya Verma,Female,31,Lucknow,Uttar Pradesh,North
CUST001368,Pranav Patel,Male,33,Kolkata,West Bengal,East
CUST001369,Shubham Chatterjee,Male,26,Mumbai,Maharashtra,West
CUST001370,Piyush Bhatia,Male,24,Bhopal,Madhya Pradesh,Central
CUST001371,Aarav Iyer,Male,18,Ahmedabad,Gujarat,West
CUST001372,Amit Sethi,Male,30,Delhi,Delhi,North
CUST001373,Varun Saxena,Male,34,Lucknow,Uttar Pradesh,North
CUST001374,Siddharth Verma,Male,41,Surat,Gujarat,West
CUST001375,Tanvi Sharma,Female,41,Dehradun,Uttarakhand,North
CUST001376,Ishita Sinha,Female,30,Guwahati,Assam,East
CUST001377,Avni Goyal,Female,31,Ahmedabad,Gujarat,West
CUST001378,Karan Banerjee,Male,18,Ahmedabad,Gujarat,West
CUST001379,Abhishek Kumar,Male,26,Chandigarh,Chandigarh,North
CUST001380,Aditya Mehta,Male,25,Kochi,Kerala,South
CUST001381,Gaurav Pandey,Male,28,Mumbai,Maharashtra,West
CUST001382,Palak Reddy,Female,36,Indore,Madhya Pradesh,Central
CUST001383,Pooja Sharma,Female,24,Patna,Bihar,East
CUST001384,Sneha Roy,Female,35,Mumbai,Maharashtra,West
CUST001385,Diya Pillai,Female,30,Bengaluru,Karnataka,South
CUST001386,Simran Malhotra,Female,18,Noida,Uttar Pradesh,North
CUST001387,Nandini Mishra,Female,21,Pune,Maharashtra,West
CUST001388,Aanya Singh,Female,41,Chennai,Tamil Nadu,South
CUST001389,Aditya Verma,Male,31,Pune,Maharashtra,West
CUST001390,Pranav Goyal,Male,34,Coimbatore,Tamil Nadu,South
CUST001391,Shreya Pandey,Female,28,Kochi,Kerala,South
CUST001392,Yash Arora,Male,30,Chennai,Tamil Nadu,South
CUST001393,Sameer Chopra,Male,39,Surat,Gujarat,West
CUST001394,Sanya Rao,Female,24,Lucknow,Uttar Pradesh,North
CUST001395,Rishi Thakur,Male,29,Lucknow,Uttar Pradesh,North
CUST001396,Sameer Sharma,Male,37,Bhubaneswar,Odisha,East
CUST001397,Ishita Kulkarni,Female,26,Hyderabad,Telangana,South
CUST001398,Shubham Iyer,Male,36,Ahmedabad,Gujarat,West
CUST001399,Mohit Menon,Male,27,Ahmedabad,Gujarat,West
CUST001400,Harsh Mehta,Male,18,Bhubaneswar,Odisha,East
CUST001401,Vikram Singh,Male,27,Patna,Bihar,East
CUST001402,Aanya Tripathi,Female,36,Chandigarh,Chandigarh,North
CUST001403,Rajat Chopra,Male,26,Patna,Bihar,East
CUST001404,Saurabh Nair,Male,26,Dehradun,Uttarakhand,North
CUST001405,Meera Tripathi,Female,33,Delhi,Delhi,North
CUST001406,Gaurav Yadav,Male,28,Hyderabad,Telangana,South
CUST001407,Riya Sharma,Female,29,Chandigarh,Chandigarh,North
CUST001408,Karan Thakur,Male,24,Bhubaneswar,Odisha,East
CUST001409,Kunal Mishra,Male,34,Ranchi,Jharkhand,East
CUST001410,Siddharth Deshmukh,Male,27,Hyderabad,Telangana,South
CUST001411,Shreya Roy,Female,40,Chandigarh,Chandigarh,North
CUST001412,Amit Nair,Male,27,Mumbai,Maharashtra,West
CUST001413,Ayush Iyer,Male,28,Bengaluru,Karnataka,South
CUST001414,Akash Saxena,Male,26,Delhi,Delhi,North
CUST001415,Amit Joshi,Male,18,Nagpur,Maharashtra,West
CUST001416,Meera Reddy,Female,20,Patna,Bihar,East
CUST001417,Isha Goyal,Female,25,Noida,Uttar Pradesh,North
CUST001418,Tushar Bansal,Male,39,Mumbai,Maharashtra,West
CUST001419,Ritesh Sethi,Male,31,Kolkata,West Bengal,East
CUST001420,Vikram Malhotra,Male,42,Jaipur,Rajasthan,North
CUST001421,Sakshi Chatterjee,Female,27,Bhopal,Madhya Pradesh,Central
CUST001422,Rohan Sethi,Male,18,Bhopal,Madhya Pradesh,Central
CUST001423,Aditi Malhotra,Female,25,Indore,Madhya Pradesh,Central
CUST001424,Radhika Malhotra,Female,44,Surat,Gujarat,West
CUST001425,Amit Menon,Male,18,Pune,Maharashtra,West
CUST001426,Aanya Reddy,Female,25,Bhopal,Madhya Pradesh,Central
CUST001427,Kavya Saxena,Female,27,Jaipur,Rajasthan,North
CUST001428,Harsh Srivastava,Male,30,Patna,Bihar,East
CUST001429,Dhruv Sharma,Male,32,Hyderabad,Telangana,South
CUST001430,Kavya Mishra,Female,37,Coimbatore,Tamil Nadu,South
CUST001431,Mohit Kumar,Male,38,Noida,Uttar Pradesh,North
CUST001432,Simran Verma,Female,27,Delhi,Delhi,North
CUST001433,Shruti Thakur,Female,18,Surat,Gujarat,West
CUST001434,Saurabh Chatterjee,Male,35,Raipur,Chhattisgarh,Central
CUST001435,Apoorva Singh,Female,37,Pune,Maharashtra,West
CUST001436,Yash Das,Male,19,Delhi,Delhi,North
CUST001437,Pranav Chopra,Male,18,Mumbai,Maharashtra,West
CUST001438,Diya Mishra,Female,43,Pune,Maharashtra,West
CUST001439,Yash Gupta,Male,32,Kolkata,West Bengal,East
CUST001440,Aarav Chatterjee,Male,37,Chennai,Tamil Nadu,South
CUST001441,Harsh Goyal,Male,35,Bhopal,Madhya Pradesh,Central
CUST001442,Shruti Bansal,Female,33,Bhubaneswar,Odisha,East
CUST001443,Arjun Rao,Male,23,Mumbai,Maharashtra,West
CUST001444,Aanya Kulkarni,Female,26,Hyderabad,Telangana,South
CUST001445,Apoorva Banerjee,Female,31,Delhi,Delhi,North
CUST001446,Ritika Pillai,Female,23,Mumbai,Maharashtra,West
CUST001447,Vivek Kapoor,Male,31,Bengaluru,Karnataka,South
CUST001448,Sameer Joshi,Male,33,Surat,Gujarat,West
CUST001449,Ishita Verma,Female,37,Kolkata,West Bengal,East
CUST001450,Sanya Chopra,Female,33,Mumbai,Maharashtra,West
CUST001451,Mohit Reddy,Male,23,Guwahati,Assam,East
CUST001452,Shruti Chauhan,Female,43,Pune,Maharashtra,West
CUST001453,Piyush Joshi,Male,28,Ahmedabad,Gujarat,West
CUST001454,Diya Joshi,Female,22,Delhi,Delhi,North
CUST001455,Komal Singh,Female,30,Bengaluru,Karnataka,South
CUST001456,Avni Tripathi,Female,39,Ahmedabad,Gujarat,West
CUST001457,Palak Bhatia,Female,37,Chandigarh,Chandigarh,North
CUST001458,Harsh Yadav,Male,32,Coimbatore,Tamil Nadu,South
CUST001459,Aanya Mehta,Female,21,Patna,Bihar,East
CUST001460,Yash Arora,Male,31,Noida,Uttar Pradesh,North
CUST001461,Yash Sinha,Male,18,Chennai,Tamil Nadu,South
CUST001462,Akash Goyal,Male,41,Patna,Bihar,East
CUST001463,Kabir Kumar,Male,30,Mumbai,Maharashtra,West
CUST001464,Karan Banerjee,Male,34,Jaipur,Rajasthan,North
CUST001465,Riya Shah,Female,18,Indore,Madhya Pradesh,Central
CUST001466,Saurabh Jain,Male,32,Mumbai,Maharashtra,West
CUST001467,Anushka Reddy,Female,18,Kolkata,West Bengal,East
CUST001468,Palak Gupta,Female,32,Nagpur,Maharashtra,West
CUST001469,Dhruv Rao,Male,27,Dehradun,Uttarakhand,North
CUST001470,Aditya Jain,Male,31,Delhi,Delhi,North
CUST001471,Nandini Pillai,Female,24,Jaipur,Rajasthan,North
CUST001472,Vivek Goyal,Male,26,Ranchi,Jharkhand,East
CUST001473,Nisha Deshmukh,Female,25,Pune,Maharashtra,West
CUST001474,Manish Sethi,Male,18,Bengaluru,Karnataka,South
CUST001475,Ritesh Bansal,Male,30,Lucknow,Uttar Pradesh,North
CUST001476,Vivek Gupta,Male,19,Lucknow,Uttar Pradesh,North
CUST001477,Ritesh Tripathi,Male,37,Delhi,Delhi,North
CUST001478,Rishi Patel,Male,31,Ahmedabad,Gujarat,West
CUST001479,Anushka Nair,Female,25,Dehradun,Uttarakhand,North
CUST001480,Shubham Rao,Male,21,Hyderabad,Telangana,South
CUST001481,Aditi Arora,Female,27,Mumbai,Maharashtra,West
CUST001482,Harsh Roy,Male,18,Pune,Maharashtra,West
CUST001483,Anushka Saxena,Female,32,Patna,Bihar,East
CUST001484,Ritesh Nair,Male,35,Noida,Uttar Pradesh,North
CUST001485,Harsh Thakur,Male,37,Pune,Maharashtra,West
CUST001486,Varun Khanna,Male,36,Ranchi,Jharkhand,East
CUST001487,Payal Verma,Female,18,Pune,Maharashtra,West
CUST001488,Harsh Yadav,Male,36,Ahmedabad,Gujarat,West
CUST001489,Shruti Thakur,Female,30,Mumbai,Maharashtra,West
CUST001490,Aarav Tiwari,Male,31,Hyderabad,Telangana,South
CUST001491,Apoorva Malhotra,Female,33,Lucknow,Uttar Pradesh,North
CUST001492,Isha Tripathi,Female,18,Kochi,Kerala,South
CUST001493,Yash Agarwal,Male,29,Chennai,Tamil Nadu,South
CUST001494,Pooja Reddy,Female,18,Bengaluru,Karnataka,South
CUST001495,Radhika Goyal,Female,28,Ranchi,Jharkhand,East
CUST001496,Karan Roy,Male,31,Raipur,Chhattisgarh,Central
CUST001497,Ankit Sethi,Male,37,Delhi,Delhi,North
CUST001498,Saurabh Arora,Male,27,Indore,Madhya Pradesh,Central
CUST001499,Vikram Reddy,Male,23,Guwahati,Assam,East
CUST001500,Sameer Srivastava,Male,29,Surat,Gujarat,West
CUST001501,Karan Iyer,Male,32,Bengaluru,Karnataka,South
CUST001502,Pooja Iyer,Female,33,Patna,Bihar,East
CUST001503,Aanya Kumar,Female,46,Chennai,Tamil Nadu,South
CUST001504,Kabir Banerjee,Male,36,Pune,Maharashtra,West
CUST001505,Yash Saxena,Male,41,Pune,Maharashtra,West
CUST001506,Dev Gupta,Male,33,Hyderabad,Telangana,South
CUST001507,Rahul Joshi,Male,40,Raipur,Chhattisgarh,Central
CUST001508,Aditi Mehta,Female,30,Pune,Maharashtra,West
CUST001509,Mohit Verma,Male,39,Pune,Maharashtra,West
CUST001510,Vikram Naidu,Male,30,Ahmedabad,Gujarat,West
CUST001511,Karan Bansal,Male,36,Hyderabad,Telangana,South
CUST001512,Priya Khanna,Female,42,Hyderabad,Telangana,South
CUST001513,Sanya Shah,Female,19,Pune,Maharashtra,West
CUST001514,Tanvi Roy,Female,27,Patna,Bihar,East
CUST001515,Aarav Rao,Male,34,Hyderabad,Telangana,South
CUST001516,Swati Agarwal,Female,31,Delhi,Delhi,North
CUST001517,Sakshi Arora,Female,32,Mumbai,Maharashtra,West
CUST001518,Amit Yadav,Male,25,Dehradun,Uttarakhand,North
CUST001519,Manish Sethi,Male,18,Patna,Bihar,East
CUST001520,Mohit Sharma,Male,32,Bengaluru,Karnataka,South
CUST001521,Varun Roy,Male,19,Patna,Bihar,East
CUST001522,Palak Sinha,Female,29,Lucknow,Uttar Pradesh,North
CUST001523,Isha Goyal,Female,38,Bengaluru,Karnataka,South
CUST001524,Apoorva Mishra,Female,25,Nagpur,Maharashtra,West
CUST001525,Pranav Menon,Male,31,Ranchi,Jharkhand,East
CUST001526,Khushi Sethi,Female,28,Raipur,Chhattisgarh,Central
CUST001527,Shubham Agarwal,Male,26,Kolkata,West Bengal,East
CUST001528,Arjun Nair,Male,28,Delhi,Delhi,North
CUST001529,Payal Gupta,Female,18,Pune,Maharashtra,West
CUST001530,Rahul Sinha,Male,25,Ahmedabad,Gujarat,West
CUST001531,Payal Srivastava,Female,36,Kolkata,West Bengal,East
CUST001532,Isha Kulkarni,Female,29,Kolkata,West Bengal,East
CUST001533,Gaurav Mishra,Male,27,Delhi,Delhi,North
CUST001534,Varun Gupta,Male,34,Indore,Madhya Pradesh,Central
CUST001535,Nikhil Bansal,Male,30,Indore,Madhya Pradesh,Central
CUST001536,Tanvi Srivastava,Female,26,Mumbai,Maharashtra,West
CUST001537,Nandini Pillai,Female,47,Jaipur,Rajasthan,North
CUST001538,Aditi Nair,Female,25,Mumbai,Maharashtra,West
CUST001539,Mohit Verma,Male,34,Pune,Maharashtra,West
CUST001540,Shreya Bansal,Female,43,Surat,Gujarat,West
CUST001541,Amit Pandey,Male,34,Delhi,Delhi,North
CUST001542,Nisha Kumar,Female,38,Ahmedabad,Gujarat,West
CUST001543,Diya Mehta,Female,26,Ahmedabad,Gujarat,West
CUST001544,Gaurav Mehta,Male,31,Ahmedabad,Gujarat,West
CUST001545,Rohan Kumar,Male,37,Ahmedabad,Gujarat,West
CUST001546,Anushka Iyer,Female,35,Bhopal,Madhya Pradesh,Central
CUST001547,Shruti Tiwari,Female,36,Mumbai,Maharashtra,West
CUST001548,Siddharth Nair,Male,40,Kolkata,West Bengal,East
CUST001549,Piyush Singh,Male,18,Dehradun,Uttarakhand,North
CUST001550,Rishi Kumar,Male,24,Bengaluru,Karnataka,South
CUST001551,Sameer Patel,Male,44,Jaipur,Rajasthan,North
CUST001552,Varun Chatterjee,Male,27,Bengaluru,Karnataka,South
CUST001553,Piyush Kulkarni,Male,33,Delhi,Delhi,North
CUST001554,Aditya Verma,Male,23,Nagpur,Maharashtra,West
CUST001555,Vivek Kapoor,Male,18,Guwahati,Assam,East
CUST001556,Shubham Menon,Male,30,Ahmedabad,Gujarat,West
CUST001557,Karan Malhotra,Male,36,Coimbatore,Tamil Nadu,South
CUST001558,Rahul Verma,Male,29,Lucknow,Uttar Pradesh,North
CUST001559,Payal Gupta,Female,39,Kolkata,West Bengal,East
CUST001560,Gaurav Sethi,Male,29,Mumbai,Maharashtra,West
CUST001561,Ananya Thakur,Female,37,Delhi,Delhi,North
CUST001562,Mohit Tiwari,Male,34,Ranchi,Jharkhand,East
CUST001563,Rajat Menon,Male,28,Kolkata,West Bengal,East
CUST001564,Rajat Malhotra,Male,36,Delhi,Delhi,North
CUST001565,Shubham Srivastava,Male,34,Lucknow,Uttar Pradesh,North
CUST001566,Diya Joshi,Female,35,Bhubaneswar,Odisha,East
CUST001567,Saurabh Verma,Male,26,Dehradun,Uttarakhand,North
CUST001568,Ananya Chopra,Female,34,Mumbai,Maharashtra,West
CUST001569,Nisha Kumar,Female,36,Hyderabad,Telangana,South
CUST001570,Apoorva Gupta,Female,24,Indore,Madhya Pradesh,Central
CUST001571,Khushi Das,Female,52,Bengaluru,Karnataka,South
CUST001572,Nandini Reddy,Female,36,Pune,Maharashtra,West
CUST001573,Sameer Roy,Male,36,Mumbai,Maharashtra,West
CUST001574,Vikram Shah,Male,39,Delhi,Delhi,North
CUST001575,Sakshi Joshi,Female,26,Ranchi,Jharkhand,East
CUST001576,Sneha Singh,Female,39,Kolkata,West Bengal,East
CUST001577,Shreya Tiwari,Female,30,Mumbai,Maharashtra,West
CUST001578,Harsh Shah,Male,29,Kolkata,West Bengal,East
CUST001579,Sanya Kumar,Female,18,Chennai,Tamil Nadu,South
CUST001580,Harsh Jain,Male,31,Nagpur,Maharashtra,West
CUST001581,Swati Verma,Female,25,Mumbai,Maharashtra,West
CUST001582,Pranav Kumar,Male,37,Indore,Madhya Pradesh,Central
CUST001583,Siddharth Chauhan,Male,18,Bengaluru,Karnataka,South
CUST001584,Saurabh Pandey,Male,31,Mumbai,Maharashtra,West
CUST001585,Varun Kapoor,Male,23,Lucknow,Uttar Pradesh,North
CUST001586,Swati Nair,Female,32,Coimbatore,Tamil Nadu,South
CUST001587,Vivek Goyal,Male,41,Mumbai,Maharashtra,West
CUST001588,Nikhil Khanna,Male,34,Nagpur,Maharashtra,West
CUST001589,Ritika Sharma,Female,28,Mumbai,Maharashtra,West
CUST001590,Kabir Mehta,Male,21,Bengaluru,Karnataka,South
CUST001591,Abhishek Kulkarni,Male,39,Indore,Madhya Pradesh,Central
CUST001592,Mohit Chopra,Male,38,Nagpur,Maharashtra,West
CUST001593,Varun Roy,Male,23,Chennai,Tamil Nadu,South
CUST001594,Aarav Kumar,Male,32,Kolkata,West Bengal,East
CUST001595,Shreya Tripathi,Female,18,Chennai,Tamil Nadu,South
CUST001596,Diya Khanna,Female,37,Nagpur,Maharashtra,West
CUST001597,Neha Goyal,Female,29,Delhi,Delhi,North
CUST001598,Ayush Shah,Male,33,Dehradun,Uttarakhand,North
CUST001599,Pooja Singh,Female,45,Bhubaneswar,Odisha,East
CUST001600,Ritesh Naidu,Male,45,Bhopal,Madhya Pradesh,Central
CUST001601,Payal Naidu,Female,33,Mumbai,Maharashtra,West
CUST001602,Tushar Chopra,Male,25,Lucknow,Uttar Pradesh,North
CUST001603,Pranav Bhatia,Male,35,Indore,Madhya Pradesh,Central
CUST001604,Pooja Saxena,Female,20,Delhi,Delhi,North
CUST001605,Ananya Agarwal,Female,28,Hyderabad,Telangana,South
CUST001606,Mohit Rao,Male,23,Lucknow,Uttar Pradesh,North
CUST001607,Rajat Rao,Male,25,Hyderabad,Telangana,South
CUST001608,Shubham Chopra,Male,38,Pune,Maharashtra,West
CUST001609,Riya Tripathi,Female,37,Ahmedabad,Gujarat,West
CUST001610,Yash Singh,Male,27,Patna,Bihar,East
CUST001611,Saurabh Chopra,Male,37,Indore,Madhya Pradesh,Central
CUST001612,Siddharth Srivastava,Male,36,Noida,Uttar Pradesh,North
CUST001613,Meera Singh,Female,18,Noida,Uttar Pradesh,North
CUST001614,Rajat Kulkarni,Male,33,Hyderabad,Telangana,South
CUST001615,Komal Pandey,Female,25,Delhi,Delhi,North
CUST001616,Aditi Singh,Female,18,Pune,Maharashtra,West
CUST001617,Sanya Chatterjee,Female,26,Bengaluru,Karnataka,South
CUST001618,Ankit Verma,Male,20,Patna,Bihar,East
CUST001619,Sakshi Sethi,Female,21,Lucknow,Uttar Pradesh,North
CUST001620,Ananya Saxena,Female,35,Lucknow,Uttar Pradesh,North
CUST001621,Ritesh Chatterjee,Male,29,Indore,Madhya Pradesh,Central
CUST001622,Kabir Yadav,Male,32,Guwahati,Assam,East
CUST001623,Harsh Bhatia,Male,32,Bengaluru,Karnataka,South
CUST001624,Khushi Kulkarni,Female,27,Patna,Bihar,East
CUST001625,Rishi Sethi,Male,31,Raipur,Chhattisgarh,Central
CUST001626,Riya Tripathi,Female,42,Chennai,Tamil Nadu,South
CUST001627,Gaurav Bansal,Male,38,Delhi,Delhi,North
CUST001628,Riya Patel,Female,25,Coimbatore,Tamil Nadu,South
CUST001629,Ankit Khanna,Male,18,Kolkata,West Bengal,East
CUST001630,Shruti Thakur,Female,22,Bengaluru,Karnataka,South
CUST001631,Palak Sethi,Female,40,Indore,Madhya Pradesh,Central
CUST001632,Aditya Shah,Male,29,Kolkata,West Bengal,East
CUST001633,Rohan Das,Male,18,Chennai,Tamil Nadu,South
CUST001634,Simran Deshmukh,Female,27,Ahmedabad,Gujarat,West
CUST001635,Sneha Naidu,Female,33,Chennai,Tamil Nadu,South
CUST001636,Kavya Mishra,Female,38,Delhi,Delhi,North
CUST001637,Aarav Jain,Male,44,Jaipur,Rajasthan,North
CUST001638,Dev Banerjee,Male,37,Delhi,Delhi,North
CUST001639,Varun Singh,Male,29,Lucknow,Uttar Pradesh,North
CUST001640,Shubham Srivastava,Male,25,Jaipur,Rajasthan,North
CUST001641,Anushka Pandey,Female,31,Raipur,Chhattisgarh,Central
CUST001642,Aditya Thakur,Male,29,Bengaluru,Karnataka,South
CUST001643,Radhika Patel,Female,38,Mumbai,Maharashtra,West
CUST001644,Rohan Verma,Male,18,Chandigarh,Chandigarh,North
CUST001645,Ayush Srivastava,Male,22,Ranchi,Jharkhand,East
CUST001646,Sakshi Khanna,Female,36,Indore,Madhya Pradesh,Central
CUST001647,Aditi Bansal,Female,35,Kolkata,West Bengal,East
CUST001648,Diya Pillai,Female,24,Kochi,Kerala,South
CUST001649,Nikhil Pillai,Male,25,Ranchi,Jharkhand,East
CUST001650,Aditya Pillai,Male,38,Pune,Maharashtra,West
CUST001651,Yash Deshmukh,Male,30,Surat,Gujarat,West
CUST001652,Shubham Naidu,Male,18,Patna,Bihar,East
CUST001653,Kavya Mehta,Female,31,Kochi,Kerala,South
CUST001654,Saurabh Kulkarni,Male,34,Surat,Gujarat,West
CUST001655,Rohan Chauhan,Male,43,Pune,Maharashtra,West
CUST001656,Akash Iyer,Male,29,Chennai,Tamil Nadu,South
CUST001657,Neha Menon,Female,22,Hyderabad,Telangana,South
CUST001658,Ananya Das,Female,27,Pune,Maharashtra,West
CUST001659,Shubham Arora,Male,29,Mumbai,Maharashtra,West
CUST001660,Karan Thakur,Male,36,Chennai,Tamil Nadu,South
CUST001661,Diya Arora,Female,35,Coimbatore,Tamil Nadu,South
CUST001662,Sakshi Sinha,Female,18,Bengaluru,Karnataka,South
CUST001663,Shubham Chatterjee,Male,44,Bengaluru,Karnataka,South
CUST001664,Ritesh Chopra,Male,24,Lucknow,Uttar Pradesh,North
CUST001665,Aarav Goyal,Male,23,Delhi,Delhi,North
CUST001666,Meera Pillai,Female,27,Patna,Bihar,East
CUST001667,Yash Mehta,Male,18,Bengaluru,Karnataka,South
CUST001668,Tanvi Patel,Female,29,Ahmedabad,Gujarat,West
CUST001669,Manish Thakur,Male,29,Lucknow,Uttar Pradesh,North
CUST001670,Shruti Kumar,Female,24,Lucknow,Uttar Pradesh,North
CUST001671,Tanvi Sinha,Female,35,Hyderabad,Telangana,South
CUST001672,Riya Yadav,Female,20,Coimbatore,Tamil Nadu,South
CUST001673,Abhishek Tiwari,Male,21,Guwahati,Assam,East
CUST001674,Ankit Sethi,Male,22,Kolkata,West Bengal,East
CUST001675,Rajat Pillai,Male,31,Chennai,Tamil Nadu,South
CUST001676,Vivek Srivastava,Male,39,Noida,Uttar Pradesh,North
CUST001677,Rahul Chatterjee,Male,34,Dehradun,Uttarakhand,North
CUST001678,Aditya Tiwari,Male,27,Kolkata,West Bengal,East
CUST001679,Pooja Chauhan,Female,23,Indore,Madhya Pradesh,Central
CUST001680,Dhruv Roy,Male,26,Ahmedabad,Gujarat,West
CUST001681,Divya Malhotra,Female,35,Mumbai,Maharashtra,West
CUST001682,Arjun Thakur,Male,30,Bengaluru,Karnataka,South
CUST001683,Priya Reddy,Female,19,Chennai,Tamil Nadu,South
CUST001684,Amit Mehta,Male,36,Kolkata,West Bengal,East
CUST001685,Akash Naidu,Male,46,Chennai,Tamil Nadu,South
CUST001686,Swati Joshi,Female,47,Bengaluru,Karnataka,South
CUST001687,Rohan Agarwal,Male,38,Mumbai,Maharashtra,West
CUST001688,Gaurav Yadav,Male,23,Indore,Madhya Pradesh,Central
CUST001689,Akash Kumar,Male,29,Nagpur,Maharashtra,West
CUST001690,Sanya Deshmukh,Female,28,Nagpur,Maharashtra,West
CUST001691,Meera Chauhan,Female,19,Surat,Gujarat,West
CUST001692,Vivek Reddy,Male,34,Chennai,Tamil Nadu,South
CUST001693,Shreya Pandey,Female,26,Mumbai,Maharashtra,West
CUST001694,Yash Menon,Male,39,Noida,Uttar Pradesh,North
CUST001695,Shreya Bansal,Female,22,Raipur,Chhattisgarh,Central
CUST001696,Abhishek Tiwari,Male,31,Chennai,Tamil Nadu,South
CUST001697,Simran Rao,Female,22,Ahmedabad,Gujarat,West
CUST001698,Palak Pillai,Female,23,Mumbai,Maharashtra,West
CUST001699,Siddharth Gupta,Male,30,Noida,Uttar Pradesh,North
CUST001700,Rajat Sethi,Male,18,Indore,Madhya Pradesh,Central
CUST001701,Aanya Naidu,Female,34,Delhi,Delhi,North
CUST001702,Ishita Pandey,Female,25,Patna,Bihar,East
CUST001703,Meera Rao,Female,20,Indore,Madhya Pradesh,Central
CUST001704,Riya Nair,Female,36,Kochi,Kerala,South
CUST001705,Aanya Yadav,Female,24,Chandigarh,Chandigarh,North
CUST001706,Siddharth Yadav,Male,26,Noida,Uttar Pradesh,North
CUST001707,Divya Thakur,Female,36,Dehradun,Uttarakhand,North
CUST001708,Ayush Joshi,Male,46,Pune,Maharashtra,West
CUST001709,Shubham Chauhan,Male,23,Chennai,Tamil Nadu,South
CUST001710,Muskan Sethi,Female,44,Bhubaneswar,Odisha,East
CUST001711,Rishi Sharma,Male,23,Bengaluru,Karnataka,South
CUST001712,Apoorva Banerjee,Female,18,Chennai,Tamil Nadu,South
CUST001713,Mohit Tripathi,Male,20,Pune,Maharashtra,West
CUST001714,Payal Kapoor,Female,37,Lucknow,Uttar Pradesh,North
CUST001715,Sameer Joshi,Male,30,Ahmedabad,Gujarat,West
CUST001716,Aarav Tiwari,Male,28,Ranchi,Jharkhand,East
CUST001717,Nikhil Deshmukh,Male,46,Coimbatore,Tamil Nadu,South
CUST001718,Sameer Menon,Male,32,Bengaluru,Karnataka,South
CUST001719,Rohan Mehta,Male,28,Mumbai,Maharashtra,West
CUST001720,Mohit Saxena,Male,34,Dehradun,Uttarakhand,North
CUST001721,Sneha Nair,Female,31,Chennai,Tamil Nadu,South
CUST001722,Dev Jain,Male,29,Jaipur,Rajasthan,North
CUST001723,Gaurav Sharma,Male,42,Coimbatore,Tamil Nadu,South
CUST001724,Rajat Verma,Male,37,Chennai,Tamil Nadu,South
CUST001725,Arjun Chauhan,Male,36,Mumbai,Maharashtra,West
CUST001726,Priya Srivastava,Female,33,Pune,Maharashtra,West
CUST001727,Ankit Deshmukh,Male,29,Delhi,Delhi,North
CUST001728,Apoorva Mehta,Female,32,Indore,Madhya Pradesh,Central
CUST001729,Saurabh Rao,Male,32,Hyderabad,Telangana,South
CUST001730,Palak Verma,Female,27,Patna,Bihar,East
CUST001731,Sanya Rao,Female,28,Chennai,Tamil Nadu,South
CUST001732,Dhruv Patel,Male,30,Pune,Maharashtra,West
CUST001733,Ritesh Sethi,Male,33,Jaipur,Rajasthan,North
CUST001734,Vivek Iyer,Male,23,Surat,Gujarat,West
CUST001735,Ayush Jain,Male,30,Chennai,Tamil Nadu,South
CUST001736,Piyush Agarwal,Male,29,Hyderabad,Telangana,South
CUST001737,Palak Chauhan,Female,31,Mumbai,Maharashtra,West
CUST001738,Shubham Malhotra,Male,27,Kolkata,West Bengal,East
CUST001739,Nisha Saxena,Female,28,Noida,Uttar Pradesh,North
CUST001740,Saurabh Chopra,Male,24,Mumbai,Maharashtra,West
CUST001741,Vivek Saxena,Male,42,Pune,Maharashtra,West
CUST001742,Riya Jain,Female,34,Bengaluru,Karnataka,South
CUST001743,Gaurav Tiwari,Male,22,Pune,Maharashtra,West
CUST001744,Dev Kulkarni,Male,36,Kochi,Kerala,South
CUST001745,Sanya Shah,Female,26,Chennai,Tamil Nadu,South
CUST001746,Saurabh Arora,Male,22,Ahmedabad,Gujarat,West
CUST001747,Neha Roy,Female,28,Jaipur,Rajasthan,North
CUST001748,Kunal Mehta,Male,30,Kolkata,West Bengal,East
CUST001749,Yash Rao,Male,36,Indore,Madhya Pradesh,Central
CUST001750,Ananya Shah,Female,35,Kolkata,West Bengal,East
CUST001751,Siddharth Shah,Male,27,Surat,Gujarat,West
CUST001752,Pranav Banerjee,Male,33,Surat,Gujarat,West
CUST001753,Siddharth Tripathi,Male,33,Bhopal,Madhya Pradesh,Central
CUST001754,Rohan Rao,Male,19,Kolkata,West Bengal,East
CUST001755,Ananya Kulkarni,Female,42,Kochi,Kerala,South
CUST001756,Aditya Sharma,Male,26,Chandigarh,Chandigarh,North
CUST001757,Abhishek Patel,Male,26,Pune,Maharashtra,West
CUST001758,Nikhil Srivastava,Male,33,Ahmedabad,Gujarat,West
CUST001759,Sanya Khanna,Female,31,Mumbai,Maharashtra,West
CUST001760,Avni Tripathi,Female,33,Mumbai,Maharashtra,West
CUST001761,Aanya Nair,Female,46,Surat,Gujarat,West
CUST001762,Ritesh Roy,Male,18,Mumbai,Maharashtra,West
CUST001763,Shruti Gupta,Female,34,Guwahati,Assam,East
CUST001764,Manya Rao,Female,22,Indore,Madhya Pradesh,Central
CUST001765,Siddharth Khanna,Male,19,Noida,Uttar Pradesh,North
CUST001766,Gaurav Agarwal,Male,26,Hyderabad,Telangana,South
CUST001767,Nandini Tripathi,Female,37,Hyderabad,Telangana,South
CUST001768,Ananya Roy,Female,24,Noida,Uttar Pradesh,North
CUST001769,Saurabh Banerjee,Male,35,Hyderabad,Telangana,South
CUST001770,Nandini Saxena,Female,26,Delhi,Delhi,North
CUST001771,Kabir Malhotra,Male,24,Bhopal,Madhya Pradesh,Central
CUST001772,Kabir Khanna,Male,31,Lucknow,Uttar Pradesh,North
CUST001773,Nisha Srivastava,Female,21,Delhi,Delhi,North
CUST001774,Abhishek Reddy,Male,22,Bhubaneswar,Odisha,East
CUST001775,Sakshi Naidu,Female,37,Chennai,Tamil Nadu,South
CUST001776,Aditya Kulkarni,Male,31,Surat,Gujarat,West
CUST001777,Aditya Rao,Male,38,Chandigarh,Chandigarh,North
CUST001778,Radhika Nair,Female,29,Jaipur,Rajasthan,North
CUST001779,Shreya Rao,Female,32,Kolkata,West Bengal,East
CUST001780,Dev Patel,Male,30,Kochi,Kerala,South
CUST001781,Aditya Singh,Male,28,Kochi,Kerala,South
CUST001782,Rishi Malhotra,Male,36,Mumbai,Maharashtra,West
CUST001783,Kunal Kumar,Male,26,Bengaluru,Karnataka,South
CUST001784,Ananya Thakur,Female,36,Mumbai,Maharashtra,West
CUST001785,Apoorva Kapoor,Female,40,Bengaluru,Karnataka,South
CUST001786,Shreya Jain,Female,23,Nagpur,Maharashtra,West
CUST001787,Manya Arora,Female,32,Hyderabad,Telangana,South
CUST001788,Vikram Banerjee,Male,34,Indore,Madhya Pradesh,Central
CUST001789,Kabir Yadav,Male,37,Coimbatore,Tamil Nadu,South
CUST001790,Simran Arora,Female,18,Surat,Gujarat,West
CUST001791,Priya Kumar,Female,42,Hyderabad,Telangana,South
CUST001792,Ritika Deshmukh,Female,21,Kolkata,West Bengal,East
CUST001793,Simran Kapoor,Female,18,Bengaluru,Karnataka,South
CUST001794,Rahul Kumar,Male,30,Jaipur,Rajasthan,North
CUST001795,Ayush Nair,Male,30,Mumbai,Maharashtra,West
CUST001796,Sameer Jain,Male,23,Kolkata,West Bengal,East
CUST001797,Siddharth Arora,Male,28,Bengaluru,Karnataka,South
CUST001798,Ankit Menon,Male,26,Noida,Uttar Pradesh,North
CUST001799,Dhruv Naidu,Male,35,Bhopal,Madhya Pradesh,Central
CUST001800,Gaurav Das,Male,22,Dehradun,Uttarakhand,North
CUST001801,Muskan Iyer,Female,35,Kolkata,West Bengal,East
CUST001802,Shreya Tiwari,Female,20,Pune,Maharashtra,West
CUST001803,Ritika Naidu,Female,25,Indore,Madhya Pradesh,Central
CUST001804,Sakshi Chopra,Female,27,Raipur,Chhattisgarh,Central
CUST001805,Dhruv Saxena,Male,28,Hyderabad,Telangana,South
CUST001806,Kunal Chatterjee,Male,18,Coimbatore,Tamil Nadu,South
CUST001807,Piyush Verma,Male,29,Bhubaneswar,Odisha,East
CUST001808,Komal Menon,Female,29,Nagpur,Maharashtra,West
CUST001809,Kunal Iyer,Male,26,Kochi,Kerala,South
CUST001810,Aditi Sharma,Female,39,Jaipur,Rajasthan,North
CUST001811,Anushka Sethi,Female,32,Nagpur,Maharashtra,West
CUST001812,Tanvi Saxena,Female,37,Hyderabad,Telangana,South
CUST001813,Sameer Das,Male,32,Raipur,Chhattisgarh,Central
CUST001814,Abhishek Khanna,Male,26,Bengaluru,Karnataka,South
CUST001815,Manya Chauhan,Female,22,Delhi,Delhi,North
CUST001816,Abhishek Roy,Male,18,Lucknow,Uttar Pradesh,North
CUST001817,Vivek Rao,Male,28,Coimbatore,Tamil Nadu,South
CUST001818,Abhishek Agarwal,Male,33,Bengaluru,Karnataka,South
CUST001819,Komal Kapoor,Female,35,Bengaluru,Karnataka,South
CUST001820,Neha Pandey,Female,33,Dehradun,Uttarakhand,North
CUST001821,Varun Das,Male,38,Delhi,Delhi,North
CUST001822,Aditi Rao,Female,28,Bengaluru,Karnataka,South
CUST001823,Ritesh Das,Male,38,Mumbai,Maharashtra,West
CUST001824,Saurabh Bhatia,Male,30,Kolkata,West Bengal,East
CUST001825,Sanya Saxena,Female,18,Chennai,Tamil Nadu,South
CUST001826,Aarav Singh,Male,31,Ahmedabad,Gujarat,West
CUST001827,Simran Bansal,Female,22,Coimbatore,Tamil Nadu,South
CUST001828,Ritika Pandey,Female,21,Delhi,Delhi,North
CUST001829,Ankit Kulkarni,Male,29,Bengaluru,Karnataka,South
CUST001830,Harsh Thakur,Male,27,Jaipur,Rajasthan,North
CUST001831,Simran Verma,Female,59,Pune,Maharashtra,West
CUST001832,Ishita Srivastava,Female,31,Bengaluru,Karnataka,South
CUST001833,Dev Chatterjee,Male,32,Lucknow,Uttar Pradesh,North
CUST001834,Yash Kumar,Male,18,Mumbai,Maharashtra,West
CUST001835,Saurabh Kulkarni,Male,42,Jaipur,Rajasthan,North
CUST001836,Yash Chopra,Male,25,Pune,Maharashtra,West
CUST001837,Muskan Thakur,Female,40,Raipur,Chhattisgarh,Central
CUST001838,Ritesh Deshmukh,Male,29,Chennai,Tamil Nadu,South
CUST001839,Rahul Jain,Male,26,Hyderabad,Telangana,South
CUST001840,Divya Sinha,Female,33,Mumbai,Maharashtra,West
CUST001841,Shubham Jain,Male,36,Pune,Maharashtra,West
CUST001842,Sakshi Iyer,Female,19,Hyderabad,Telangana,South
CUST001843,Nisha Chopra,Female,26,Ahmedabad,Gujarat,West
CUST001844,Gaurav Malhotra,Male,18,Coimbatore,Tamil Nadu,South
CUST001845,Isha Chauhan,Female,41,Kolkata,West Bengal,East
CUST001846,Isha Kumar,Female,34,Mumbai,Maharashtra,West
CUST001847,Rohan Reddy,Male,23,Nagpur,Maharashtra,West
CUST001848,Apoorva Rao,Female,41,Indore,Madhya Pradesh,Central
CUST001849,Harsh Mehta,Male,24,Kolkata,West Bengal,East
CUST001850,Nisha Rao,Female,26,Guwahati,Assam,East
CUST001851,Simran Jain,Female,28,Kolkata,West Bengal,East
CUST001852,Vivek Sharma,Male,34,Noida,Uttar Pradesh,North
CUST001853,Radhika Jain,Female,24,Coimbatore,Tamil Nadu,South
CUST001854,Nisha Deshmukh,Female,20,Bhubaneswar,Odisha,East
CUST001855,Sameer Chatterjee,Male,18,Lucknow,Uttar Pradesh,North
CUST001856,Komal Goyal,Female,37,Nagpur,Maharashtra,West
CUST001857,Priya Kumar,Female,37,Mumbai,Maharashtra,West
CUST001858,Piyush Roy,Male,21,Pune,Maharashtra,West
CUST001859,Pranav Pandey,Male,32,Bengaluru,Karnataka,South
CUST001860,Dhruv Naidu,Male,29,Coimbatore,Tamil Nadu,South
CUST001861,Arjun Kapoor,Male,29,Ahmedabad,Gujarat,West
CUST001862,Ananya Rao,Female,31,Jaipur,Rajasthan,North
CUST001863,Shubham Mehta,Male,20,Bengaluru,Karnataka,South
CUST001864,Isha Rao,Female,33,Bengaluru,Karnataka,South
CUST001865,Kunal Reddy,Male,31,Jaipur,Rajasthan,North
CUST001866,Gaurav Reddy,Male,35,Ahmedabad,Gujarat,West
CUST001867,Divya Agarwal,Female,32,Indore,Madhya Pradesh,Central
CUST001868,Pranav Srivastava,Male,37,Mumbai,Maharashtra,West
CUST001869,Rajat Tiwari,Male,24,Raipur,Chhattisgarh,Central
CUST001870,Gaurav Rao,Male,29,Ranchi,Jharkhand,East
CUST001871,Shreya Verma,Female,27,Jaipur,Rajasthan,North
CUST001872,Aditya Joshi,Male,34,Kolkata,West Bengal,East
CUST001873,Shreya Menon,Female,25,Mumbai,Maharashtra,West
CUST001874,Manish Patel,Male,35,Bengaluru,Karnataka,South
CUST001875,Manya Naidu,Female,27,Mumbai,Maharashtra,West
CUST001876,Manish Verma,Male,28,Noida,Uttar Pradesh,North
CUST001877,Manya Srivastava,Female,18,Ahmedabad,Gujarat,West
CUST001878,Aditi Kapoor,Female,25,Bhubaneswar,Odisha,East
CUST001879,Mohit Bansal,Male,41,Surat,Gujarat,West
CUST001880,Divya Malhotra,Female,26,Delhi,Delhi,North
CUST001881,Swati Yadav,Female,28,Pune,Maharashtra,West
CUST001882,Khushi Mehta,Female,34,Chennai,Tamil Nadu,South
CUST001883,Karan Thakur,Male,18,Surat,Gujarat,West
CUST001884,Palak Chatterjee,Female,35,Ahmedabad,Gujarat,West
CUST001885,Tanvi Srivastava,Female,19,Ahmedabad,Gujarat,West
CUST001886,Ananya Chatterjee,Female,19,Chennai,Tamil Nadu,South
CUST001887,Nisha Chopra,Female,39,Hyderabad,Telangana,South
CUST001888,Rahul Srivastava,Male,28,Patna,Bihar,East
CUST001889,Sameer Chauhan,Male,30,Delhi,Delhi,North
CUST001890,Kavya Kulkarni,Female,22,Chennai,Tamil Nadu,South
CUST001891,Vivek Iyer,Male,31,Dehradun,Uttarakhand,North
CUST001892,Kabir Shah,Male,22,Lucknow,Uttar Pradesh,North
CUST001893,Apoorva Patel,Female,25,Surat,Gujarat,West
CUST001894,Mohit Gupta,Male,33,Raipur,Chhattisgarh,Central
CUST001895,Swati Chauhan,Female,35,Patna,Bihar,East
CUST001896,Harsh Sethi,Male,30,Bengaluru,Karnataka,South
CUST001897,Priya Jain,Female,44,Chandigarh,Chandigarh,North
CUST001898,Piyush Kulkarni,Male,38,Bhubaneswar,Odisha,East
CUST001899,Aditi Pillai,Female,25,Indore,Madhya Pradesh,Central
CUST001900,Sameer Shah,Male,27,Nagpur,Maharashtra,West
CUST001901,Vivek Kulkarni,Male,30,Bengaluru,Karnataka,South
CUST001902,Palak Bhatia,Female,30,Bengaluru,Karnataka,South
CUST001903,Amit Thakur,Male,33,Noida,Uttar Pradesh,North
CUST001904,Kunal Verma,Male,33,Kolkata,West Bengal,East
CUST001905,Aanya Iyer,Female,33,Bengaluru,Karnataka,South
CUST001906,Pooja Tiwari,Female,37,Mumbai,Maharashtra,West
CUST001907,Neha Iyer,Female,30,Nagpur,Maharashtra,West
CUST001908,Ayush Sharma,Male,24,Delhi,Delhi,North
CUST001909,Aarav Banerjee,Male,29,Indore,Madhya Pradesh,Central
CUST001910,Priya Joshi,Female,31,Noida,Uttar Pradesh,North
CUST001911,Anushka Verma,Female,29,Chennai,Tamil Nadu,South
CUST001912,Vikram Singh,Male,27,Raipur,Chhattisgarh,Central
CUST001913,Palak Gupta,Female,28,Pune,Maharashtra,West
CUST001914,Tanvi Jain,Female,37,Chennai,Tamil Nadu,South
CUST001915,Sneha Sharma,Female,24,Bhopal,Madhya Pradesh,Central
CUST001916,Rishi Verma,Male,26,Mumbai,Maharashtra,West
CUST001917,Harsh Thakur,Male,41,Bengaluru,Karnataka,South
CUST001918,Amit Roy,Male,33,Ranchi,Jharkhand,East
CUST001919,Apoorva Roy,Female,30,Surat,Gujarat,West
CUST001920,Manya Sinha,Female,39,Hyderabad,Telangana,South
CUST001921,Rohan Shah,Male,18,Pune,Maharashtra,West
CUST001922,Siddharth Sinha,Male,23,Mumbai,Maharashtra,West
CUST001923,Sameer Thakur,Male,25,Bhubaneswar,Odisha,East
CUST001924,Sameer Naidu,Male,18,Lucknow,Uttar Pradesh,North
CUST001925,Komal Patel,Female,25,Mumbai,Maharashtra,West
CUST001926,Rishi Joshi,Male,18,Ahmedabad,Gujarat,West
CUST001927,Tanvi Reddy,Female,32,Jaipur,Rajasthan,North
CUST001928,Rajat Iyer,Male,39,Bengaluru,Karnataka,South
CUST001929,Varun Sharma,Male,38,Delhi,Delhi,North
CUST001930,Ritika Saxena,Female,27,Lucknow,Uttar Pradesh,North
CUST001931,Harsh Arora,Male,43,Dehradun,Uttarakhand,North
CUST001932,Abhishek Banerjee,Male,30,Pune,Maharashtra,West
CUST001933,Vivek Chatterjee,Male,36,Patna,Bihar,East
CUST001934,Diya Menon,Female,32,Kolkata,West Bengal,East
CUST001935,Mohit Sethi,Male,33,Hyderabad,Telangana,South
CUST001936,Ritesh Chopra,Male,32,Chennai,Tamil Nadu,South
CUST001937,Yash Nair,Male,47,Jaipur,Rajasthan,North
CUST001938,Nisha Iyer,Female,28,Pune,Maharashtra,West
CUST001939,Aditi Patel,Female,27,Hyderabad,Telangana,South
CUST001940,Rajat Iyer,Male,29,Raipur,Chhattisgarh,Central
CUST001941,Abhishek Menon,Male,29,Jaipur,Rajasthan,North
CUST001942,Aditya Kumar,Male,19,Kochi,Kerala,South
CUST001943,Anushka Bhatia,Female,32,Mumbai,Maharashtra,West
CUST001944,Kabir Sharma,Male,34,Noida,Uttar Pradesh,North
CUST001945,Aanya Mishra,Female,29,Coimbatore,Tamil Nadu,South
CUST001946,Divya Bansal,Female,36,Delhi,Delhi,North
CUST001947,Nisha Mehta,Female,23,Lucknow,Uttar Pradesh,North
CUST001948,Aarav Patel,Male,34,Bengaluru,Karnataka,South
CUST001949,Khushi Goyal,Female,24,Mumbai,Maharashtra,West
CUST001950,Manya Chauhan,Female,28,Mumbai,Maharashtra,West
CUST001951,Nikhil Saxena,Male,22,Bengaluru,Karnataka,South
CUST001952,Tanvi Mishra,Female,35,Ahmedabad,Gujarat,West
CUST001953,Karan Kapoor,Male,31,Noida,Uttar Pradesh,North
CUST001954,Varun Khanna,Male,41,Delhi,Delhi,North
CUST001955,Vikram Khanna,Male,29,Delhi,Delhi,North
CUST001956,Khushi Khanna,Female,27,Indore,Madhya Pradesh,Central
CUST001957,Nandini Srivastava,Female,50,Chennai,Tamil Nadu,South
CUST001958,Pranav Kumar,Male,42,Surat,Gujarat,West
CUST001959,Palak Yadav,Female,27,Ahmedabad,Gujarat,West
CUST001960,Tushar Yadav,Male,22,Pune,Maharashtra,West
CUST001961,Sanya Kumar,Female,28,Mumbai,Maharashtra,West
CUST001962,Saurabh Sharma,Male,50,Jaipur,Rajasthan,North
CUST001963,Ishita Jain,Female,31,Chennai,Tamil Nadu,South
CUST001964,Radhika Kumar,Female,31,Delhi,Delhi,North
CUST001965,Ishita Bhatia,Female,45,Hyderabad,Telangana,South
CUST001966,Siddharth Sethi,Male,33,Jaipur,Rajasthan,North
CUST001967,Amit Pillai,Male,35,Patna,Bihar,East
CUST001968,Kavya Sethi,Female,30,Coimbatore,Tamil Nadu,South
CUST001969,Abhishek Kapoor,Male,27,Indore,Madhya Pradesh,Central
CUST001970,Shreya Pandey,Female,30,Noida,Uttar Pradesh,North
CUST001971,Vivek Patel,Male,35,Mumbai,Maharashtra,West
CUST001972,Manya Iyer,Female,38,Delhi,Delhi,North
CUST001973,Manish Nair,Male,31,Mumbai,Maharashtra,West
CUST001974,Diya Menon,Female,32,Lucknow,Uttar Pradesh,North
CUST001975,Saurabh Nair,Male,29,Chennai,Tamil Nadu,South
CUST001976,Kabir Menon,Male,34,Delhi,Delhi,North
CUST001977,Pooja Patel,Female,18,Bhopal,Madhya Pradesh,Central
CUST001978,Pooja Deshmukh,Female,28,Kochi,Kerala,South
CUST001979,Apoorva Malhotra,Female,42,Indore,Madhya Pradesh,Central
CUST001980,Pranav Malhotra,Male,39,Chennai,Tamil Nadu,South
CUST001981,Saurabh Sharma,Male,28,Bhopal,Madhya Pradesh,Central
CUST001982,Akash Kumar,Male,38,Dehradun,Uttarakhand,North
CUST001983,Sneha Nair,Female,24,Surat,Gujarat,West
CUST001984,Shubham Deshmukh,Male,43,Nagpur,Maharashtra,West
CUST001985,Mohit Srivastava,Male,36,Noida,Uttar Pradesh,North
CUST001986,Piyush Reddy,Male,27,Hyderabad,Telangana,South
CUST001987,Shubham Chopra,Male,19,Hyderabad,Telangana,South
CUST001988,Khushi Tiwari,Female,38,Delhi,Delhi,North
CUST001989,Aarav Menon,Male,29,Pune,Maharashtra,West
CUST001990,Aarav Nair,Male,25,Chennai,Tamil Nadu,South
CUST001991,Vikram Verma,Male,37,Nagpur,Maharashtra,West
CUST001992,Ishita Khanna,Female,21,Indore,Madhya Pradesh,Central
CUST001993,Rajat Tripathi,Male,27,Ahmedabad,Gujarat,West
CUST001994,Karan Thakur,Male,26,Chandigarh,Chandigarh,North
CUST001995,Aditya Srivastava,Male,34,Bhubaneswar,Odisha,East
CUST001996,Nikhil Yadav,Male,33,Bengaluru,Karnataka,South
CUST001997,Yash Agarwal,Male,24,Jaipur,Rajasthan,North
CUST001998,Saurabh Srivastava,Male,19,Kolkata,West Bengal,East
CUST001999,Rahul Deshmukh,Male,18,Bengaluru,Karnataka,South
CUST002000,Ritesh Joshi,Male,20,Lucknow,Uttar Pradesh,North
CUST002001,Ayush Roy,Male,27,Chennai,Tamil Nadu,South
CUST002002,Khushi Patel,Female,39,Surat,Gujarat,West
CUST002003,Aditya Agarwal,Male,25,Noida,Uttar Pradesh,North
CUST002004,Manya Chauhan,Female,33,Hyderabad,Telangana,South
CUST002005,Aditya Bansal,Male,26,Jaipur,Rajasthan,North
CUST002006,Neha Tiwari,Female,20,Jaipur,Rajasthan,North
CUST002007,Piyush Sinha,Male,29,Delhi,Delhi,North
CUST002008,Mohit Sethi,Male,29,Mumbai,Maharashtra,West
CUST002009,Rahul Menon,Male,28,Indore,Madhya Pradesh,Central
CUST002010,Kabir Goyal,Male,26,Nagpur,Maharashtra,West
CUST002011,Abhishek Goyal,Male,32,Chennai,Tamil Nadu,South
CUST002012,Nandini Sinha,Female,33,Indore,Madhya Pradesh,Central
CUST002013,Rahul Tiwari,Male,28,Delhi,Delhi,North
CUST002014,Dev Thakur,Male,32,Jaipur,Rajasthan,North
CUST002015,Manish Sinha,Male,36,Mumbai,Maharashtra,West
CUST002016,Tanvi Goyal,Female,18,Chennai,Tamil Nadu,South
CUST002017,Nisha Iyer,Female,34,Lucknow,Uttar Pradesh,North
CUST002018,Ritika Nair,Female,43,Bengaluru,Karnataka,South
CUST002019,Nikhil Srivastava,Male,26,Pune,Maharashtra,West
CUST002020,Yash Kapoor,Male,18,Indore,Madhya Pradesh,Central
CUST002021,Mohit Naidu,Male,30,Delhi,Delhi,North
CUST002022,Rajat Sharma,Male,33,Delhi,Delhi,North
CUST002023,Vikram Chatterjee,Male,32,Delhi,Delhi,North
CUST002024,Khushi Iyer,Female,27,Bhubaneswar,Odisha,East
CUST002025,Piyush Mehta,Male,30,Chennai,Tamil Nadu,South
CUST002026,Divya Sharma,Female,39,Nagpur,Maharashtra,West
CUST002027,Amit Pillai,Male,18,Kolkata,West Bengal,East
CUST002028,Kabir Tripathi,Male,26,Chennai,Tamil Nadu,South
CUST002029,Nandini Bhatia,Female,28,Lucknow,Uttar Pradesh,North
CUST002030,Apoorva Mishra,Female,44,Patna,Bihar,East
CUST002031,Diya Yadav,Female,22,Surat,Gujarat,West
CUST002032,Sneha Bhatia,Female,37,Pune,Maharashtra,West
CUST002033,Ritika Rao,Female,36,Bhopal,Madhya Pradesh,Central
CUST002034,Amit Nair,Male,20,Ahmedabad,Gujarat,West
CUST002035,Vikram Nair,Male,36,Jaipur,Rajasthan,North
CUST002036,Ritesh Chopra,Male,22,Surat,Gujarat,West
CUST002037,Diya Thakur,Female,25,Kochi,Kerala,South
CUST002038,Simran Bansal,Female,29,Guwahati,Assam,East
CUST002039,Rishi Nair,Male,41,Chennai,Tamil Nadu,South
CUST002040,Ananya Agarwal,Female,25,Delhi,Delhi,North
CUST002041,Gaurav Yadav,Male,34,Bengaluru,Karnataka,South
CUST002042,Sneha Sinha,Female,33,Ahmedabad,Gujarat,West
CUST002043,Neha Kapoor,Female,37,Mumbai,Maharashtra,West
CUST002044,Vikram Pillai,Male,34,Hyderabad,Telangana,South
CUST002045,Gaurav Srivastava,Male,31,Bengaluru,Karnataka,South
CUST002046,Saurabh Shah,Male,19,Bhopal,Madhya Pradesh,Central
CUST002047,Radhika Malhotra,Female,29,Kochi,Kerala,South
CUST002048,Tanvi Banerjee,Female,26,Bengaluru,Karnataka,South
CUST002049,Siddharth Reddy,Male,24,Chennai,Tamil Nadu,South
CUST002050,Kavya Khanna,Female,20,Nagpur,Maharashtra,West
CUST002051,Palak Shah,Female,34,Patna,Bihar,East
CUST002052,Aarav Banerjee,Male,24,Delhi,Delhi,North
CUST002053,Pooja Kumar,Female,42,Raipur,Chhattisgarh,Central
CUST002054,Diya Tiwari,Female,20,Noida,Uttar Pradesh,North
CUST002055,Kabir Jain,Male,22,Delhi,Delhi,North
CUST002056,Shruti Tripathi,Female,30,Nagpur,Maharashtra,West
CUST002057,Manish Jain,Male,52,Dehradun,Uttarakhand,North
CUST002058,Aarav Bhatia,Male,18,Bengaluru,Karnataka,South
CUST002059,Shreya Joshi,Female,34,Raipur,Chhattisgarh,Central
CUST002060,Piyush Sethi,Male,24,Pune,Maharashtra,West
CUST002061,Piyush Khanna,Male,43,Ranchi,Jharkhand,East
CUST002062,Shreya Arora,Female,26,Kolkata,West Bengal,East
CUST002063,Shubham Saxena,Male,26,Surat,Gujarat,West
CUST002064,Varun Rao,Male,37,Mumbai,Maharashtra,West
CUST002065,Simran Shah,Female,26,Ahmedabad,Gujarat,West
CUST002066,Neha Chatterjee,Female,50,Chennai,Tamil Nadu,South
CUST002067,Vivek Yadav,Male,23,Bengaluru,Karnataka,South
CUST002068,Abhishek Bansal,Male,35,Hyderabad,Telangana,South
CUST002069,Nikhil Kulkarni,Male,18,Guwahati,Assam,East
CUST002070,Sneha Tripathi,Female,23,Jaipur,Rajasthan,North
CUST002071,Radhika Menon,Female,28,Bengaluru,Karnataka,South
CUST002072,Ananya Kumar,Female,35,Jaipur,Rajasthan,North
CUST002073,Sameer Sinha,Male,27,Mumbai,Maharashtra,West
CUST002074,Vikram Naidu,Male,25,Bengaluru,Karnataka,South
CUST002075,Sakshi Kulkarni,Female,36,Chennai,Tamil Nadu,South
CUST002076,Rishi Goyal,Male,31,Lucknow,Uttar Pradesh,North
CUST002077,Manya Sinha,Female,27,Nagpur,Maharashtra,West
CUST002078,Kavya Nair,Female,41,Delhi,Delhi,North
CUST002079,Apoorva Kulkarni,Female,26,Ranchi,Jharkhand,East
CUST002080,Arjun Chatterjee,Male,24,Guwahati,Assam,East
CUST002081,Saurabh Banerjee,Male,18,Kolkata,West Bengal,East
CUST002082,Rishi Mehta,Male,22,Indore,Madhya Pradesh,Central
CUST002083,Radhika Das,Female,35,Hyderabad,Telangana,South
CUST002084,Ritesh Iyer,Male,23,Chennai,Tamil Nadu,South
CUST002085,Vikram Chopra,Male,44,Bengaluru,Karnataka,South
CUST002086,Pranav Patel,Male,23,Lucknow,Uttar Pradesh,North
CUST002087,Siddharth Srivastava,Male,32,Chennai,Tamil Nadu,South
CUST002088,Amit Tiwari,Male,25,Dehradun,Uttarakhand,North
CUST002089,Rahul Srivastava,Male,31,Bengaluru,Karnataka,South
CUST002090,Dhruv Sharma,Male,33,Ahmedabad,Gujarat,West
CUST002091,Payal Kulkarni,Female,30,Lucknow,Uttar Pradesh,North
CUST002092,Mohit Chopra,Male,32,Mumbai,Maharashtra,West
CUST002093,Amit Sinha,Male,24,Ahmedabad,Gujarat,West
CUST002094,Siddharth Mehta,Male,21,Surat,Gujarat,West
CUST002095,Anushka Jain,Female,40,Ranchi,Jharkhand,East
CUST002096,Aditi Joshi,Female,26,Noida,Uttar Pradesh,North
CUST002097,Amit Naidu,Male,18,Bengaluru,Karnataka,South
CUST002098,Sanya Banerjee,Female,20,Nagpur,Maharashtra,West
CUST002099,Pooja Roy,Female,30,Jaipur,Rajasthan,North
CUST002100,Piyush Roy,Male,24,Kolkata,West Bengal,East
CUST002101,Divya Menon,Female,30,Indore,Madhya Pradesh,Central
CUST002102,Nandini Khanna,Female,50,Surat,Gujarat,West
CUST002103,Avni Sinha,Female,27,Surat,Gujarat,West
CUST002104,Gaurav Deshmukh,Male,22,Chandigarh,Chandigarh,North
CUST002105,Ritesh Menon,Male,30,Kochi,Kerala,South
CUST002106,Shreya Yadav,Female,35,Coimbatore,Tamil Nadu,South
CUST002107,Radhika Jain,Female,18,Bengaluru,Karnataka,South
CUST002108,Ankit Agarwal,Male,21,Pune,Maharashtra,West
CUST002109,Harsh Sharma,Male,31,Kolkata,West Bengal,East
CUST002110,Tushar Kapoor,Male,29,Lucknow,Uttar Pradesh,North
CUST002111,Diya Goyal,Female,31,Chennai,Tamil Nadu,South
CUST002112,Aditi Tiwari,Female,57,Hyderabad,Telangana,South
CUST002113,Manya Mehta,Female,20,Delhi,Delhi,North
CUST002114,Isha Pandey,Female,31,Patna,Bihar,East
CUST002115,Kunal Gupta,Male,34,Jaipur,Rajasthan,North
CUST002116,Karan Sinha,Male,22,Bengaluru,Karnataka,South
CUST002117,Gaurav Tripathi,Male,48,Noida,Uttar Pradesh,North
CUST002118,Kavya Shah,Female,26,Bengaluru,Karnataka,South
CUST002119,Arjun Khanna,Male,28,Coimbatore,Tamil Nadu,South
CUST002120,Aditi Jain,Female,22,Jaipur,Rajasthan,North
CUST002121,Vikram Jain,Male,42,Chennai,Tamil Nadu,South
CUST002122,Rajat Kumar,Male,34,Chandigarh,Chandigarh,North
CUST002123,Payal Kulkarni,Female,40,Hyderabad,Telangana,South
CUST002124,Riya Khanna,Female,18,Noida,Uttar Pradesh,North
CUST002125,Radhika Malhotra,Female,45,Hyderabad,Telangana,South
CUST002126,Siddharth Sethi,Male,25,Patna,Bihar,East
CUST002127,Ayush Goyal,Male,24,Delhi,Delhi,North
CUST002128,Vivek Srivastava,Male,21,Noida,Uttar Pradesh,North
CUST002129,Piyush Goyal,Male,32,Kolkata,West Bengal,East
CUST002130,Anushka Nair,Female,31,Bengaluru,Karnataka,South
CUST002131,Rahul Rao,Male,18,Raipur,Chhattisgarh,Central
CUST002132,Varun Gupta,Male,26,Ahmedabad,Gujarat,West
CUST002133,Nandini Agarwal,Female,34,Patna,Bihar,East
CUST002134,Muskan Jain,Female,37,Mumbai,Maharashtra,West
CUST002135,Anushka Chauhan,Female,46,Mumbai,Maharashtra,West
CUST002136,Anushka Reddy,Female,18,Surat,Gujarat,West
CUST002137,Aanya Iyer,Female,26,Bengaluru,Karnataka,South
CUST002138,Pooja Chatterjee,Female,26,Lucknow,Uttar Pradesh,North
CUST002139,Sameer Das,Male,27,Noida,Uttar Pradesh,North
CUST002140,Isha Mehta,Female,37,Bhubaneswar,Odisha,East
CUST002141,Aarav Pandey,Male,31,Noida,Uttar Pradesh,North
CUST002142,Ishita Banerjee,Female,27,Hyderabad,Telangana,South
CUST002143,Aditi Menon,Female,30,Chennai,Tamil Nadu,South
CUST002144,Gaurav Pandey,Male,18,Patna,Bihar,East
CUST002145,Aarav Chauhan,Male,29,Bengaluru,Karnataka,South
CUST002146,Abhishek Banerjee,Male,25,Lucknow,Uttar Pradesh,North
CUST002147,Kunal Mehta,Male,37,Ahmedabad,Gujarat,West
CUST002148,Priya Thakur,Female,38,Chennai,Tamil Nadu,South
CUST002149,Aditya Kumar,Male,19,Chennai,Tamil Nadu,South
CUST002150,Rohan Jain,Male,30,Lucknow,Uttar Pradesh,North
CUST002151,Manya Verma,Female,18,Ahmedabad,Gujarat,West
CUST002152,Piyush Kapoor,Male,40,Kolkata,West Bengal,East
CUST002153,Diya Chatterjee,Female,23,Lucknow,Uttar Pradesh,North
CUST002154,Vikram Sethi,Male,28,Nagpur,Maharashtra,West
CUST002155,Aanya Tripathi,Female,27,Coimbatore,Tamil Nadu,South
CUST002156,Sanya Banerjee,Female,24,Kolkata,West Bengal,East
CUST002157,Dhruv Menon,Male,35,Indore,Madhya Pradesh,Central
CUST002158,Manish Sinha,Male,34,Noida,Uttar Pradesh,North
CUST002159,Amit Singh,Male,34,Bengaluru,Karnataka,South
CUST002160,Shruti Pillai,Female,19,Raipur,Chhattisgarh,Central
CUST002161,Sneha Kapoor,Female,26,Bengaluru,Karnataka,South
CUST002162,Ankit Deshmukh,Male,19,Lucknow,Uttar Pradesh,North
CUST002163,Aditya Mehta,Male,20,Jaipur,Rajasthan,North
CUST002164,Karan Agarwal,Male,31,Surat,Gujarat,West
CUST002165,Diya Rao,Female,26,Patna,Bihar,East
CUST002166,Shubham Malhotra,Male,28,Bengaluru,Karnataka,South
CUST002167,Arjun Deshmukh,Male,36,Delhi,Delhi,North
CUST002168,Khushi Chopra,Female,22,Chandigarh,Chandigarh,North
CUST002169,Karan Agarwal,Male,22,Chennai,Tamil Nadu,South
CUST002170,Karan Mishra,Male,28,Ahmedabad,Gujarat,West
CUST002171,Dhruv Arora,Male,21,Nagpur,Maharashtra,West
CUST002172,Rahul Bhatia,Male,29,Delhi,Delhi,North
CUST002173,Sneha Gupta,Female,34,Mumbai,Maharashtra,West
CUST002174,Harsh Naidu,Male,27,Pune,Maharashtra,West
CUST002175,Amit Srivastava,Male,42,Ahmedabad,Gujarat,West
CUST002176,Riya Joshi,Female,39,Nagpur,Maharashtra,West
CUST002177,Rohan Tripathi,Male,28,Patna,Bihar,East
CUST002178,Ishita Kulkarni,Female,32,Delhi,Delhi,North
CUST002179,Akash Sinha,Male,28,Lucknow,Uttar Pradesh,North
CUST002180,Tanvi Jain,Female,38,Bhopal,Madhya Pradesh,Central
CUST002181,Ayush Menon,Male,36,Chennai,Tamil Nadu,South
CUST002182,Anushka Arora,Female,21,Patna,Bihar,East
CUST002183,Yash Reddy,Male,30,Hyderabad,Telangana,South
CUST002184,Sameer Malhotra,Male,25,Pune,Maharashtra,West
CUST002185,Tanvi Kapoor,Female,39,Lucknow,Uttar Pradesh,North
CUST002186,Tanvi Tiwari,Female,18,Kolkata,West Bengal,East
CUST002187,Payal Iyer,Female,24,Surat,Gujarat,West
CUST002188,Riya Kapoor,Female,36,Lucknow,Uttar Pradesh,North
CUST002189,Varun Bansal,Male,36,Bengaluru,Karnataka,South
CUST002190,Kunal Menon,Male,33,Hyderabad,Telangana,South
CUST002191,Radhika Kapoor,Female,28,Mumbai,Maharashtra,West
CUST002192,Tushar Bhatia,Male,26,Coimbatore,Tamil Nadu,South
CUST002193,Manish Nair,Male,22,Hyderabad,Telangana,South
CUST002194,Aanya Mishra,Female,18,Bengaluru,Karnataka,South
CUST002195,Varun Naidu,Male,18,Noida,Uttar Pradesh,North
CUST002196,Muskan Rao,Female,29,Jaipur,Rajasthan,North
CUST002197,Kavya Bansal,Female,18,Kochi,Kerala,South
CUST002198,Divya Naidu,Female,29,Patna,Bihar,East
CUST002199,Harsh Jain,Male,28,Jaipur,Rajasthan,North
CUST002200,Rishi Sethi,Male,33,Raipur,Chhattisgarh,Central
CUST002201,Arjun Chatterjee,Male,40,Jaipur,Rajasthan,North
CUST002202,Dev Naidu,Male,26,Hyderabad,Telangana,South
CUST002203,Manish Das,Male,44,Delhi,Delhi,North
CUST002204,Nikhil Srivastava,Male,28,Noida,Uttar Pradesh,North
CUST002205,Ankit Goyal,Male,26,Nagpur,Maharashtra,West
CUST002206,Abhishek Chopra,Male,24,Bengaluru,Karnataka,South
CUST002207,Kunal Thakur,Male,30,Noida,Uttar Pradesh,North
CUST002208,Riya Tripathi,Female,32,Coimbatore,Tamil Nadu,South
CUST002209,Dev Naidu,Male,27,Chandigarh,Chandigarh,North
CUST002210,Aditya Menon,Male,29,Chennai,Tamil Nadu,South
CUST002211,Sneha Khanna,Female,26,Kolkata,West Bengal,East
CUST002212,Sakshi Iyer,Female,34,Hyderabad,Telangana,South
CUST002213,Aditya Roy,Male,20,Hyderabad,Telangana,South
CUST002214,Komal Tiwari,Female,26,Ranchi,Jharkhand,East
CUST002215,Sakshi Banerjee,Female,44,Bengaluru,Karnataka,South
CUST002216,Manish Chopra,Male,40,Ranchi,Jharkhand,East
CUST002217,Ankit Chauhan,Male,50,Surat,Gujarat,West
CUST002218,Mohit Das,Male,30,Noida,Uttar Pradesh,North
CUST002219,Anushka Khanna,Female,32,Mumbai,Maharashtra,West
CUST002220,Ishita Malhotra,Female,32,Delhi,Delhi,North
CUST002221,Yash Arora,Male,35,Nagpur,Maharashtra,West
CUST002222,Shruti Mishra,Female,21,Indore,Madhya Pradesh,Central
CUST002223,Manya Sethi,Female,26,Bengaluru,Karnataka,South
CUST002224,Vivek Thakur,Male,28,Pune,Maharashtra,West
CUST002225,Anushka Menon,Female,18,Patna,Bihar,East
CUST002226,Akash Bhatia,Male,21,Raipur,Chhattisgarh,Central
CUST002227,Mohit Chauhan,Male,29,Mumbai,Maharashtra,West
CUST002228,Shruti Saxena,Female,34,Surat,Gujarat,West
CUST002229,Kabir Tripathi,Male,31,Kochi,Kerala,South
CUST002230,Komal Shah,Female,38,Surat,Gujarat,West
CUST002231,Khushi Saxena,Female,42,Bhubaneswar,Odisha,East
CUST002232,Ishita Nair,Female,25,Delhi,Delhi,North
CUST002233,Sanya Thakur,Female,34,Bengaluru,Karnataka,South
CUST002234,Avni Yadav,Female,27,Chandigarh,Chandigarh,North
CUST002235,Nikhil Agarwal,Male,27,Bengaluru,Karnataka,South
CUST002236,Pranav Sinha,Male,35,Delhi,Delhi,North
CUST002237,Komal Tripathi,Female,21,Mumbai,Maharashtra,West
CUST002238,Karan Agarwal,Male,44,Kolkata,West Bengal,East
CUST002239,Siddharth Joshi,Male,29,Mumbai,Maharashtra,West
CUST002240,Piyush Menon,Male,31,Bengaluru,Karnataka,South
CUST002241,Pranav Kumar,Male,27,Bhopal,Madhya Pradesh,Central
CUST002242,Rajat Shah,Male,32,Ahmedabad,Gujarat,West
CUST002243,Vikram Goyal,Male,33,Coimbatore,Tamil Nadu,South
CUST002244,Diya Roy,Female,28,Noida,Uttar Pradesh,North
CUST002245,Komal Pandey,Female,33,Noida,Uttar Pradesh,North
CUST002246,Muskan Arora,Female,32,Indore,Madhya Pradesh,Central
CUST002247,Riya Joshi,Female,23,Mumbai,Maharashtra,West
CUST002248,Yash Shah,Male,33,Guwahati,Assam,East
CUST002249,Vikram Tripathi,Male,29,Bengaluru,Karnataka,South
CUST002250,Rishi Arora,Male,29,Noida,Uttar Pradesh,North
CUST002251,Manish Thakur,Male,29,Lucknow,Uttar Pradesh,North
CUST002252,Mohit Mishra,Male,32,Bengaluru,Karnataka,South
CUST002253,Meera Yadav,Female,18,Pune,Maharashtra,West
CUST002254,Sameer Gupta,Male,33,Surat,Gujarat,West
CUST002255,Palak Shah,Female,36,Noida,Uttar Pradesh,North
CUST002256,Manya Goyal,Female,34,Noida,Uttar Pradesh,North
CUST002257,Sameer Bhatia,Male,18,Bhopal,Madhya Pradesh,Central
CUST002258,Komal Reddy,Female,18,Noida,Uttar Pradesh,North
CUST002259,Kabir Das,Male,31,Pune,Maharashtra,West
CUST002260,Ritika Srivastava,Female,30,Coimbatore,Tamil Nadu,South
CUST002261,Shubham Rao,Male,18,Pune,Maharashtra,West
CUST002262,Radhika Das,Female,40,Mumbai,Maharashtra,West
CUST002263,Ritika Nair,Female,31,Kolkata,West Bengal,East
CUST002264,Tanvi Pillai,Female,38,Mumbai,Maharashtra,West
CUST002265,Muskan Shah,Female,20,Hyderabad,Telangana,South
CUST002266,Rishi Agarwal,Male,34,Bhopal,Madhya Pradesh,Central
CUST002267,Siddharth Roy,Male,19,Delhi,Delhi,North
CUST002268,Avni Sinha,Female,31,Pune,Maharashtra,West
CUST002269,Divya Malhotra,Female,39,Bhopal,Madhya Pradesh,Central
CUST002270,Ananya Khanna,Female,29,Mumbai,Maharashtra,West
CUST002271,Vikram Pandey,Male,23,Hyderabad,Telangana,South
CUST002272,Harsh Joshi,Male,27,Kochi,Kerala,South
CUST002273,Amit Jain,Male,27,Delhi,Delhi,North
CUST002274,Simran Pandey,Female,28,Bhopal,Madhya Pradesh,Central
CUST002275,Kabir Reddy,Male,32,Delhi,Delhi,North
CUST002276,Payal Saxena,Female,32,Pune,Maharashtra,West
CUST002277,Manya Tripathi,Female,41,Chennai,Tamil Nadu,South
CUST002278,Sanya Kapoor,Female,21,Delhi,Delhi,North
CUST002279,Saurabh Kulkarni,Male,33,Bengaluru,Karnataka,South
CUST002280,Rajat Tripathi,Male,26,Pune,Maharashtra,West
CUST002281,Ananya Bhatia,Female,31,Noida,Uttar Pradesh,North
CUST002282,Muskan Bansal,Female,25,Hyderabad,Telangana,South
CUST002283,Isha Srivastava,Female,26,Ahmedabad,Gujarat,West
CUST002284,Swati Sharma,Female,19,Ahmedabad,Gujarat,West
CUST002285,Aarav Das,Male,27,Kolkata,West Bengal,East
CUST002286,Shubham Thakur,Male,39,Raipur,Chhattisgarh,Central
CUST002287,Ankit Menon,Male,43,Mumbai,Maharashtra,West
CUST002288,Meera Naidu,Female,18,Bengaluru,Karnataka,South
CUST002289,Radhika Kumar,Female,27,Delhi,Delhi,North
CUST002290,Priya Malhotra,Female,30,Mumbai,Maharashtra,West
CUST002291,Siddharth Bhatia,Male,32,Chandigarh,Chandigarh,North
CUST002292,Simran Deshmukh,Female,30,Bengaluru,Karnataka,South
CUST002293,Pranav Srivastava,Male,20,Noida,Uttar Pradesh,North
CUST002294,Riya Kulkarni,Female,30,Kochi,Kerala,South
CUST002295,Payal Menon,Female,35,Indore,Madhya Pradesh,Central
CUST002296,Kabir Das,Male,31,Ranchi,Jharkhand,East
CUST002297,Ayush Chauhan,Male,20,Mumbai,Maharashtra,West
CUST002298,Shruti Tiwari,Female,18,Bengaluru,Karnataka,South
CUST002299,Saurabh Deshmukh,Male,31,Ranchi,Jharkhand,East
CUST002300,Karan Khanna,Male,29,Lucknow,Uttar Pradesh,North
CUST002301,Ritesh Banerjee,Male,25,Hyderabad,Telangana,South
CUST002302,Neha Shah,Female,28,Chandigarh,Chandigarh,North
CUST002303,Rajat Pillai,Male,32,Raipur,Chhattisgarh,Central
CUST002304,Mohit Sharma,Male,22,Chennai,Tamil Nadu,South
CUST002305,Ankit Kulkarni,Male,34,Kolkata,West Bengal,East
CUST002306,Ritika Malhotra,Female,31,Kochi,Kerala,South
CUST002307,Siddharth Saxena,Male,18,Chennai,Tamil Nadu,South
CUST002308,Ayush Banerjee,Male,31,Chandigarh,Chandigarh,North
CUST002309,Muskan Khanna,Female,39,Bhubaneswar,Odisha,East
CUST002310,Mohit Srivastava,Male,37,Kochi,Kerala,South
CUST002311,Aarav Mishra,Male,45,Coimbatore,Tamil Nadu,South
CUST002312,Ankit Verma,Male,29,Raipur,Chhattisgarh,Central
CUST002313,Rajat Joshi,Male,18,Noida,Uttar Pradesh,North
CUST002314,Shreya Bansal,Female,40,Mumbai,Maharashtra,West
CUST002315,Kunal Yadav,Male,31,Bengaluru,Karnataka,South
CUST002316,Nikhil Saxena,Male,28,Nagpur,Maharashtra,West
CUST002317,Rajat Agarwal,Male,47,Delhi,Delhi,North
CUST002318,Sanya Saxena,Female,25,Jaipur,Rajasthan,North
CUST002319,Gaurav Chauhan,Male,27,Raipur,Chhattisgarh,Central
CUST002320,Shruti Jain,Female,19,Delhi,Delhi,North
CUST002321,Shubham Goyal,Male,33,Ranchi,Jharkhand,East
CUST002322,Kavya Patel,Female,29,Delhi,Delhi,North
CUST002323,Yash Singh,Male,28,Hyderabad,Telangana,South
CUST002324,Muskan Das,Female,23,Lucknow,Uttar Pradesh,North
CUST002325,Payal Joshi,Female,30,Guwahati,Assam,East
CUST002326,Kabir Reddy,Male,24,Hyderabad,Telangana,South
CUST002327,Priya Naidu,Female,46,Patna,Bihar,East
CUST002328,Sneha Yadav,Female,27,Jaipur,Rajasthan,North
CUST002329,Sakshi Mehta,Female,27,Chennai,Tamil Nadu,South
CUST002330,Priya Pillai,Female,37,Surat,Gujarat,West
CUST002331,Tanvi Pandey,Female,31,Kolkata,West Bengal,East
CUST002332,Vivek Mishra,Male,28,Pune,Maharashtra,West
CUST002333,Sakshi Kumar,Female,34,Pune,Maharashtra,West
CUST002334,Aditi Das,Female,31,Bhopal,Madhya Pradesh,Central
CUST002335,Saurabh Chopra,Male,28,Kolkata,West Bengal,East
CUST002336,Yash Reddy,Male,33,Delhi,Delhi,North
CUST002337,Manya Sethi,Female,20,Bengaluru,Karnataka,South
CUST002338,Palak Reddy,Female,27,Delhi,Delhi,North
CUST002339,Ritesh Menon,Male,37,Surat,Gujarat,West
CUST002340,Nikhil Kumar,Male,25,Ahmedabad,Gujarat,West
CUST002341,Mohit Sinha,Male,22,Chandigarh,Chandigarh,North
CUST002342,Piyush Bhatia,Male,22,Kolkata,West Bengal,East
CUST002343,Aditi Rao,Female,18,Ahmedabad,Gujarat,West
CUST002344,Meera Srivastava,Female,39,Lucknow,Uttar Pradesh,North
CUST002345,Ayush Roy,Male,31,Ahmedabad,Gujarat,West
CUST002346,Riya Banerjee,Female,36,Patna,Bihar,East
CUST002347,Manish Yadav,Male,39,Chennai,Tamil Nadu,South
CUST002348,Dev Tripathi,Male,18,Bhopal,Madhya Pradesh,Central
CUST002349,Aarav Roy,Male,19,Kolkata,West Bengal,East
CUST002350,Rahul Yadav,Male,38,Pune,Maharashtra,West
CUST002351,Akash Reddy,Male,21,Kolkata,West Bengal,East
CUST002352,Ananya Tiwari,Female,26,Ahmedabad,Gujarat,West
CUST002353,Nandini Deshmukh,Female,34,Dehradun,Uttarakhand,North
CUST002354,Diya Mehta,Female,34,Surat,Gujarat,West
CUST002355,Divya Roy,Female,35,Ahmedabad,Gujarat,West
CUST002356,Ayush Mishra,Male,40,Pune,Maharashtra,West
CUST002357,Shreya Naidu,Female,36,Ahmedabad,Gujarat,West
CUST002358,Harsh Nair,Male,19,Ahmedabad,Gujarat,West
CUST002359,Sameer Kapoor,Male,25,Bengaluru,Karnataka,South
CUST002360,Harsh Goyal,Male,18,Hyderabad,Telangana,South
CUST002361,Dhruv Chatterjee,Male,18,Lucknow,Uttar Pradesh,North
CUST002362,Tushar Shah,Male,29,Hyderabad,Telangana,South
CUST002363,Vikram Rao,Male,35,Lucknow,Uttar Pradesh,North
CUST002364,Shruti Mehta,Female,35,Nagpur,Maharashtra,West
CUST002365,Siddharth Thakur,Male,32,Bengaluru,Karnataka,South
CUST002366,Rishi Chauhan,Male,31,Mumbai,Maharashtra,West
CUST002367,Shubham Shah,Male,33,Coimbatore,Tamil Nadu,South
CUST002368,Sakshi Sharma,Female,24,Surat,Gujarat,West
CUST002369,Mohit Chopra,Male,18,Mumbai,Maharashtra,West
CUST002370,Swati Mishra,Female,18,Raipur,Chhattisgarh,Central
CUST002371,Komal Sinha,Female,26,Chennai,Tamil Nadu,South
CUST002372,Saurabh Kapoor,Male,29,Bhopal,Madhya Pradesh,Central
CUST002373,Shreya Pillai,Female,21,Ahmedabad,Gujarat,West
CUST002374,Anushka Sharma,Female,27,Lucknow,Uttar Pradesh,North
CUST002375,Ananya Agarwal,Female,25,Ahmedabad,Gujarat,West
CUST002376,Radhika Verma,Female,23,Mumbai,Maharashtra,West
CUST002377,Shruti Chatterjee,Female,26,Bengaluru,Karnataka,South
CUST002378,Vivek Mishra,Male,38,Ahmedabad,Gujarat,West
CUST002379,Aditi Khanna,Female,29,Indore,Madhya Pradesh,Central
CUST002380,Akash Iyer,Male,31,Patna,Bihar,East
CUST002381,Shruti Khanna,Female,23,Noida,Uttar Pradesh,North
CUST002382,Aditya Naidu,Male,18,Guwahati,Assam,East
CUST002383,Dev Banerjee,Male,33,Mumbai,Maharashtra,West
CUST002384,Pooja Tiwari,Female,28,Ahmedabad,Gujarat,West
CUST002385,Akash Iyer,Male,23,Mumbai,Maharashtra,West
CUST002386,Kunal Saxena,Male,24,Lucknow,Uttar Pradesh,North
CUST002387,Apoorva Srivastava,Female,30,Pune,Maharashtra,West
CUST002388,Anushka Sethi,Female,30,Guwahati,Assam,East
CUST002389,Rajat Srivastava,Male,37,Hyderabad,Telangana,South
CUST002390,Shubham Menon,Male,18,Kochi,Kerala,South
CUST002391,Aditi Menon,Female,35,Mumbai,Maharashtra,West
CUST002392,Kabir Patel,Male,20,Kochi,Kerala,South
CUST002393,Saurabh Srivastava,Male,22,Chennai,Tamil Nadu,South
CUST002394,Priya Arora,Female,24,Bhopal,Madhya Pradesh,Central
CUST002395,Kunal Deshmukh,Male,20,Delhi,Delhi,North
CUST002396,Dhruv Thakur,Male,40,Guwahati,Assam,East
CUST002397,Siddharth Nair,Male,22,Delhi,Delhi,North
CUST002398,Amit Bansal,Male,33,Chennai,Tamil Nadu,South
CUST002399,Dhruv Goyal,Male,39,Kolkata,West Bengal,East
CUST002400,Komal Mishra,Female,27,Ranchi,Jharkhand,East
CUST002401,Gaurav Verma,Male,22,Mumbai,Maharashtra,West
CUST002402,Payal Khanna,Female,18,Bengaluru,Karnataka,South
CUST002403,Vikram Sinha,Male,31,Noida,Uttar Pradesh,North
CUST002404,Kabir Tiwari,Male,50,Kochi,Kerala,South
CUST002405,Kabir Malhotra,Male,29,Pune,Maharashtra,West
CUST002406,Simran Rao,Female,26,Ahmedabad,Gujarat,West
CUST002407,Abhishek Shah,Male,27,Kochi,Kerala,South
CUST002408,Tushar Chopra,Male,18,Pune,Maharashtra,West
CUST002409,Payal Bhatia,Female,34,Nagpur,Maharashtra,West
CUST002410,Vivek Kumar,Male,38,Dehradun,Uttarakhand,North
CUST002411,Tushar Sinha,Male,26,Mumbai,Maharashtra,West
CUST002412,Shreya Nair,Female,37,Kochi,Kerala,South
CUST002413,Palak Kapoor,Female,25,Ranchi,Jharkhand,East
CUST002414,Harsh Malhotra,Male,27,Bengaluru,Karnataka,South
CUST002415,Tanvi Pandey,Female,27,Surat,Gujarat,West
CUST002416,Kabir Shah,Male,36,Pune,Maharashtra,West
CUST002417,Ritesh Das,Male,38,Kolkata,West Bengal,East
CUST002418,Tanvi Saxena,Female,25,Chennai,Tamil Nadu,South
CUST002419,Aanya Verma,Female,31,Noida,Uttar Pradesh,North
CUST002420,Abhishek Iyer,Male,33,Delhi,Delhi,North
CUST002421,Aditi Gupta,Female,22,Ranchi,Jharkhand,East
CUST002422,Nikhil Das,Male,32,Chennai,Tamil Nadu,South
CUST002423,Harsh Thakur,Male,41,Bhubaneswar,Odisha,East
CUST002424,Rajat Nair,Male,47,Bengaluru,Karnataka,South
CUST002425,Shubham Iyer,Male,28,Lucknow,Uttar Pradesh,North
CUST002426,Ishita Tripathi,Female,18,Bhubaneswar,Odisha,East
CUST002427,Pooja Iyer,Female,25,Mumbai,Maharashtra,West
CUST002428,Aditi Sethi,Female,18,Bengaluru,Karnataka,South
CUST002429,Aditi Verma,Female,18,Indore,Madhya Pradesh,Central
CUST002430,Simran Singh,Female,27,Patna,Bihar,East
CUST002431,Dev Kapoor,Male,19,Chennai,Tamil Nadu,South
CUST002432,Avni Menon,Female,32,Bengaluru,Karnataka,South
CUST002433,Saurabh Mehta,Male,18,Patna,Bihar,East
CUST002434,Isha Srivastava,Female,33,Noida,Uttar Pradesh,North
CUST002435,Tanvi Thakur,Female,18,Indore,Madhya Pradesh,Central
CUST002436,Ritesh Singh,Male,31,Indore,Madhya Pradesh,Central
CUST002437,Kavya Deshmukh,Female,30,Lucknow,Uttar Pradesh,North
CUST002438,Sameer Patel,Male,43,Mumbai,Maharashtra,West
CUST002439,Divya Das,Female,33,Bhopal,Madhya Pradesh,Central
CUST002440,Nisha Kulkarni,Female,27,Chennai,Tamil Nadu,South
CUST002441,Sanya Kumar,Female,36,Nagpur,Maharashtra,West
CUST002442,Vivek Malhotra,Male,28,Bengaluru,Karnataka,South
CUST002443,Ankit Gupta,Male,32,Bengaluru,Karnataka,South
CUST002444,Vikram Kulkarni,Male,34,Bhubaneswar,Odisha,East
CUST002445,Aarav Nair,Male,28,Dehradun,Uttarakhand,North
CUST002446,Nikhil Chatterjee,Male,23,Pune,Maharashtra,West
CUST002447,Yash Tiwari,Male,27,Lucknow,Uttar Pradesh,North
CUST002448,Gaurav Sharma,Male,31,Jaipur,Rajasthan,North
CUST002449,Ayush Pillai,Male,20,Jaipur,Rajasthan,North
CUST002450,Nandini Chauhan,Female,25,Kochi,Kerala,South
CUST002451,Riya Mehta,Female,33,Lucknow,Uttar Pradesh,North
CUST002452,Varun Yadav,Male,18,Indore,Madhya Pradesh,Central
CUST002453,Simran Chopra,Female,26,Surat,Gujarat,West
CUST002454,Vivek Arora,Male,20,Kolkata,West Bengal,East
CUST002455,Manish Iyer,Male,22,Chennai,Tamil Nadu,South
CUST002456,Ishita Bansal,Female,34,Pune,Maharashtra,West
CUST002457,Avni Yadav,Female,21,Delhi,Delhi,North
CUST002458,Siddharth Kulkarni,Male,27,Ahmedabad,Gujarat,West
CUST002459,Komal Iyer,Female,32,Dehradun,Uttarakhand,North
CUST002460,Pranav Arora,Male,40,Bengaluru,Karnataka,South
CUST002461,Shubham Sethi,Male,21,Lucknow,Uttar Pradesh,North
CUST002462,Simran Roy,Female,29,Nagpur,Maharashtra,West
CUST002463,Radhika Bhatia,Female,18,Chandigarh,Chandigarh,North
CUST002464,Amit Tiwari,Male,35,Bhubaneswar,Odisha,East
CUST002465,Mohit Sharma,Male,22,Delhi,Delhi,North
CUST002466,Divya Shah,Female,32,Delhi,Delhi,North
CUST002467,Saurabh Rao,Male,18,Pune,Maharashtra,West
CUST002468,Payal Roy,Female,24,Chennai,Tamil Nadu,South
CUST002469,Neha Khanna,Female,42,Ahmedabad,Gujarat,West
CUST002470,Shruti Pillai,Female,37,Noida,Uttar Pradesh,North
CUST002471,Kabir Chauhan,Male,30,Delhi,Delhi,North
CUST002472,Diya Kapoor,Female,33,Hyderabad,Telangana,South
CUST002473,Anushka Kulkarni,Female,37,Mumbai,Maharashtra,West
CUST002474,Neha Arora,Female,37,Kochi,Kerala,South
CUST002475,Komal Tiwari,Female,23,Jaipur,Rajasthan,North
CUST002476,Varun Verma,Male,27,Bengaluru,Karnataka,South
CUST002477,Nikhil Tiwari,Male,25,Delhi,Delhi,North
CUST002478,Yash Menon,Male,34,Guwahati,Assam,East
CUST002479,Rohan Tiwari,Male,34,Pune,Maharashtra,West
CUST002480,Aditi Pandey,Female,24,Hyderabad,Telangana,South
CUST002481,Saurabh Mishra,Male,45,Chennai,Tamil Nadu,South
CUST002482,Neha Nair,Female,20,Kochi,Kerala,South
CUST002483,Dev Gupta,Male,33,Jaipur,Rajasthan,North
CUST002484,Rohan Goyal,Male,33,Kolkata,West Bengal,East
CUST002485,Avni Iyer,Female,38,Hyderabad,Telangana,South
CUST002486,Diya Bansal,Female,19,Kochi,Kerala,South
CUST002487,Pooja Gupta,Female,40,Surat,Gujarat,West
CUST002488,Palak Tripathi,Female,18,Pune,Maharashtra,West
CUST002489,Yash Nair,Male,37,Bengaluru,Karnataka,South
CUST002490,Neha Srivastava,Female,18,Mumbai,Maharashtra,West
CUST002491,Nisha Patel,Female,25,Lucknow,Uttar Pradesh,North
CUST002492,Anushka Bansal,Female,31,Chennai,Tamil Nadu,South
CUST002493,Kabir Khanna,Male,36,Bengaluru,Karnataka,South
CUST002494,Neha Kumar,Female,27,Pune,Maharashtra,West
CUST002495,Sameer Pandey,Male,30,Delhi,Delhi,North
CUST002496,Mohit Gupta,Male,32,Guwahati,Assam,East
CUST002497,Saurabh Tiwari,Male,21,Dehradun,Uttarakhand,North
CUST002498,Ananya Pandey,Female,30,Nagpur,Maharashtra,West
CUST002499,Aditya Sinha,Male,32,Jaipur,Rajasthan,North
CUST002500,Nikhil Khanna,Male,26,Chennai,Tamil Nadu,South
CUST002501,Radhika Kumar,Female,25,Lucknow,Uttar Pradesh,North
CUST002502,Diya Menon,Female,20,Hyderabad,Telangana,South
CUST002503,Tushar Roy,Male,26,Delhi,Delhi,North
CUST002504,Radhika Iyer,Female,35,Bengaluru,Karnataka,South
CUST002505,Ayush Malhotra,Male,26,Pune,Maharashtra,West
CUST002506,Piyush Goyal,Male,19,Noida,Uttar Pradesh,North
CUST002507,Ananya Mehta,Female,24,Surat,Gujarat,West
CUST002508,Sameer Yadav,Male,26,Nagpur,Maharashtra,West
CUST002509,Varun Sinha,Male,27,Delhi,Delhi,North
CUST002510,Nandini Patel,Female,27,Noida,Uttar Pradesh,North
CUST002511,Diya Nair,Female,19,Dehradun,Uttarakhand,North
CUST002512,Muskan Menon,Female,23,Bengaluru,Karnataka,South
CUST002513,Simran Saxena,Female,19,Patna,Bihar,East
CUST002514,Mohit Bansal,Male,29,Dehradun,Uttarakhand,North
CUST002515,Karan Gupta,Male,32,Bhubaneswar,Odisha,East
CUST002516,Harsh Singh,Male,23,Raipur,Chhattisgarh,Central
CUST002517,Manish Joshi,Male,24,Jaipur,Rajasthan,North
CUST002518,Avni Patel,Female,33,Pune,Maharashtra,West
CUST002519,Karan Banerjee,Male,36,Indore,Madhya Pradesh,Central
CUST002520,Khushi Naidu,Female,26,Chennai,Tamil Nadu,South
CUST002521,Aarav Das,Male,22,Nagpur,Maharashtra,West
CUST002522,Manish Kulkarni,Male,29,Delhi,Delhi,North
CUST002523,Swati Joshi,Female,29,Kolkata,West Bengal,East
CUST002524,Ishita Banerjee,Female,22,Delhi,Delhi,North
CUST002525,Varun Reddy,Male,42,Bengaluru,Karnataka,South
CUST002526,Sameer Goyal,Male,28,Jaipur,Rajasthan,North
CUST002527,Akash Goyal,Male,24,Surat,Gujarat,West
CUST002528,Ishita Banerjee,Female,23,Pune,Maharashtra,West
CUST002529,Yash Kumar,Male,44,Bengaluru,Karnataka,South
CUST002530,Ankit Sethi,Male,25,Mumbai,Maharashtra,West
CUST002531,Ankit Saxena,Male,22,Bhubaneswar,Odisha,East
CUST002532,Simran Goyal,Female,21,Ahmedabad,Gujarat,West
CUST002533,Komal Khanna,Female,24,Jaipur,Rajasthan,North
CUST002534,Kavya Shah,Female,18,Bhopal,Madhya Pradesh,Central
CUST002535,Harsh Yadav,Male,38,Bengaluru,Karnataka,South
CUST002536,Manish Jain,Male,20,Lucknow,Uttar Pradesh,North
CUST002537,Siddharth Kapoor,Male,31,Pune,Maharashtra,West
CUST002538,Apoorva Sinha,Female,29,Hyderabad,Telangana,South
CUST002539,Swati Rao,Female,24,Indore,Madhya Pradesh,Central
CUST002540,Abhishek Srivastava,Male,32,Surat,Gujarat,West
CUST002541,Dev Tiwari,Male,28,Mumbai,Maharashtra,West
CUST002542,Nandini Kulkarni,Female,33,Bhubaneswar,Odisha,East
CUST002543,Meera Patel,Female,22,Ahmedabad,Gujarat,West
CUST002544,Harsh Saxena,Male,28,Ranchi,Jharkhand,East
CUST002545,Aanya Saxena,Female,42,Chennai,Tamil Nadu,South
CUST002546,Akash Saxena,Male,39,Chennai,Tamil Nadu,South
CUST002547,Aarav Jain,Male,39,Hyderabad,Telangana,South
CUST002548,Piyush Saxena,Male,29,Nagpur,Maharashtra,West
CUST002549,Shruti Bansal,Female,40,Delhi,Delhi,North
CUST002550,Aditi Mehta,Female,20,Bengaluru,Karnataka,South
CUST002551,Harsh Thakur,Male,30,Chennai,Tamil Nadu,South
CUST002552,Simran Verma,Female,26,Bengaluru,Karnataka,South
CUST002553,Ankit Yadav,Male,33,Nagpur,Maharashtra,West
CUST002554,Nandini Roy,Female,18,Pune,Maharashtra,West
CUST002555,Kunal Rao,Male,32,Chennai,Tamil Nadu,South
CUST002556,Shreya Verma,Female,20,Mumbai,Maharashtra,West
CUST002557,Komal Jain,Female,20,Noida,Uttar Pradesh,North
CUST002558,Divya Agarwal,Female,30,Pune,Maharashtra,West
CUST002559,Rohan Jain,Male,30,Pune,Maharashtra,West
CUST002560,Nikhil Khanna,Male,28,Kolkata,West Bengal,East
CUST002561,Komal Kulkarni,Female,23,Bhopal,Madhya Pradesh,Central
CUST002562,Pranav Jain,Male,33,Surat,Gujarat,West
CUST002563,Apoorva Kulkarni,Female,23,Patna,Bihar,East
CUST002564,Mohit Bansal,Male,32,Surat,Gujarat,West
CUST002565,Shubham Saxena,Male,33,Surat,Gujarat,West
CUST002566,Vivek Kapoor,Male,33,Delhi,Delhi,North
CUST002567,Amit Singh,Male,29,Ahmedabad,Gujarat,West
CUST002568,Kavya Khanna,Female,32,Coimbatore,Tamil Nadu,South
CUST002569,Neha Reddy,Female,27,Hyderabad,Telangana,South
CUST002570,Aditi Sinha,Female,36,Guwahati,Assam,East
CUST002571,Meera Rao,Female,33,Indore,Madhya Pradesh,Central
CUST002572,Anushka Bhatia,Female,20,Chandigarh,Chandigarh,North
CUST002573,Piyush Nair,Male,33,Bengaluru,Karnataka,South
CUST002574,Nandini Menon,Female,27,Bengaluru,Karnataka,South
CUST002575,Ritesh Iyer,Male,33,Hyderabad,Telangana,South
CUST002576,Ritesh Thakur,Male,32,Pune,Maharashtra,West
CUST002577,Varun Gupta,Male,27,Chennai,Tamil Nadu,South
CUST002578,Vivek Pandey,Male,18,Nagpur,Maharashtra,West
CUST002579,Priya Reddy,Female,22,Indore,Madhya Pradesh,Central
CUST002580,Akash Agarwal,Male,18,Pune,Maharashtra,West
CUST002581,Ritesh Singh,Male,26,Bhopal,Madhya Pradesh,Central
CUST002582,Aarav Mishra,Male,35,Bengaluru,Karnataka,South
CUST002583,Rajat Arora,Male,32,Bhubaneswar,Odisha,East
CUST002584,Dev Gupta,Male,39,Ahmedabad,Gujarat,West
CUST002585,Vikram Sharma,Male,22,Raipur,Chhattisgarh,Central
CUST002586,Manish Malhotra,Male,24,Kochi,Kerala,South
CUST002587,Shruti Kumar,Female,23,Chennai,Tamil Nadu,South
CUST002588,Isha Jain,Female,47,Hyderabad,Telangana,South
CUST002589,Aditi Rao,Female,36,Surat,Gujarat,West
CUST002590,Nikhil Shah,Male,35,Chandigarh,Chandigarh,North
CUST002591,Pranav Chauhan,Male,25,Lucknow,Uttar Pradesh,North
CUST002592,Riya Bhatia,Female,23,Hyderabad,Telangana,South
CUST002593,Ankit Singh,Male,44,Delhi,Delhi,North
CUST002594,Simran Bansal,Female,27,Mumbai,Maharashtra,West
CUST002595,Sneha Mishra,Female,31,Bengaluru,Karnataka,South
CUST002596,Harsh Nair,Male,19,Jaipur,Rajasthan,North
CUST002597,Sanya Khanna,Female,30,Jaipur,Rajasthan,North
CUST002598,Radhika Deshmukh,Female,38,Hyderabad,Telangana,South
CUST002599,Khushi Kulkarni,Female,18,Kolkata,West Bengal,East
CUST002600,Vikram Reddy,Male,36,Kochi,Kerala,South
CUST002601,Dhruv Sinha,Male,24,Kochi,Kerala,South
CUST002602,Tushar Roy,Male,26,Delhi,Delhi,North
CUST002603,Khushi Joshi,Female,27,Delhi,Delhi,North
CUST002604,Shruti Joshi,Female,31,Chennai,Tamil Nadu,South
CUST002605,Yash Reddy,Male,18,Hyderabad,Telangana,South
CUST002606,Nikhil Jain,Male,30,Lucknow,Uttar Pradesh,North
CUST002607,Priya Pandey,Female,18,Mumbai,Maharashtra,West
CUST002608,Sameer Jain,Male,42,Jaipur,Rajasthan,North
CUST002609,Ishita Mishra,Female,23,Delhi,Delhi,North
CUST002610,Ankit Jain,Male,26,Nagpur,Maharashtra,West
CUST002611,Shreya Naidu,Female,26,Ahmedabad,Gujarat,West
CUST002612,Pranav Joshi,Male,41,Dehradun,Uttarakhand,North
CUST002613,Isha Pillai,Female,24,Surat,Gujarat,West
CUST002614,Ritesh Das,Male,48,Surat,Gujarat,West
CUST002615,Rohan Chatterjee,Male,31,Bengaluru,Karnataka,South
CUST002616,Riya Pandey,Female,18,Raipur,Chhattisgarh,Central
CUST002617,Neha Sharma,Female,30,Ranchi,Jharkhand,East
CUST002618,Sameer Banerjee,Male,37,Ranchi,Jharkhand,East
CUST002619,Aanya Chauhan,Female,22,Bhopal,Madhya Pradesh,Central
CUST002620,Varun Sharma,Male,44,Surat,Gujarat,West
CUST002621,Siddharth Naidu,Male,30,Chennai,Tamil Nadu,South
CUST002622,Vivek Thakur,Male,37,Bengaluru,Karnataka,South
CUST002623,Akash Tripathi,Male,24,Bengaluru,Karnataka,South
CUST002624,Priya Verma,Female,28,Delhi,Delhi,North
CUST002625,Divya Sethi,Female,36,Dehradun,Uttarakhand,North
CUST002626,Anushka Rao,Female,29,Noida,Uttar Pradesh,North
CUST002627,Riya Arora,Female,31,Noida,Uttar Pradesh,North
CUST002628,Kavya Kulkarni,Female,24,Pune,Maharashtra,West
CUST002629,Avni Jain,Female,38,Kolkata,West Bengal,East
CUST002630,Ishita Arora,Female,27,Noida,Uttar Pradesh,North
CUST002631,Saurabh Kapoor,Male,25,Bengaluru,Karnataka,South
CUST002632,Abhishek Kapoor,Male,38,Bengaluru,Karnataka,South
CUST002633,Piyush Tiwari,Male,36,Bengaluru,Karnataka,South
CUST002634,Avni Menon,Female,20,Hyderabad,Telangana,South
CUST002635,Ishita Sinha,Female,27,Kolkata,West Bengal,East
CUST002636,Aditya Nair,Male,41,Bengaluru,Karnataka,South
CUST002637,Aditi Sinha,Female,28,Jaipur,Rajasthan,North
CUST002638,Harsh Gupta,Male,30,Bhubaneswar,Odisha,East
CUST002639,Dev Gupta,Male,27,Kochi,Kerala,South
CUST002640,Palak Shah,Female,39,Surat,Gujarat,West
CUST002641,Meera Gupta,Female,18,Pune,Maharashtra,West
CUST002642,Divya Deshmukh,Female,32,Bengaluru,Karnataka,South
CUST002643,Ananya Pandey,Female,22,Chandigarh,Chandigarh,North
CUST002644,Priya Gupta,Female,52,Ahmedabad,Gujarat,West
CUST002645,Tanvi Singh,Female,21,Delhi,Delhi,North
CUST002646,Aarav Joshi,Male,25,Mumbai,Maharashtra,West
CUST002647,Manish Roy,Male,20,Bengaluru,Karnataka,South
CUST002648,Vivek Chauhan,Male,44,Kochi,Kerala,South
CUST002649,Akash Tripathi,Male,24,Noida,Uttar Pradesh,North
CUST002650,Aditi Pandey,Female,37,Ahmedabad,Gujarat,West
CUST002651,Rahul Roy,Male,28,Kolkata,West Bengal,East
CUST002652,Pooja Menon,Female,30,Delhi,Delhi,North
CUST002653,Akash Chopra,Male,18,Guwahati,Assam,East
CUST002654,Nandini Gupta,Female,27,Bhubaneswar,Odisha,East
CUST002655,Isha Roy,Female,28,Lucknow,Uttar Pradesh,North
CUST002656,Shruti Das,Female,26,Ranchi,Jharkhand,East
CUST002657,Aditya Goyal,Male,32,Indore,Madhya Pradesh,Central
CUST002658,Ishita Kapoor,Female,32,Hyderabad,Telangana,South
CUST002659,Akash Chopra,Male,30,Delhi,Delhi,North
CUST002660,Shruti Mehta,Female,20,Bengaluru,Karnataka,South
CUST002661,Nandini Shah,Female,34,Dehradun,Uttarakhand,North
CUST002662,Rishi Kulkarni,Male,41,Kochi,Kerala,South
CUST002663,Aanya Kulkarni,Female,42,Kochi,Kerala,South
CUST002664,Dhruv Goyal,Male,34,Noida,Uttar Pradesh,North
CUST002665,Abhishek Chopra,Male,57,Pune,Maharashtra,West
CUST002666,Tushar Iyer,Male,34,Jaipur,Rajasthan,North
CUST002667,Payal Chatterjee,Female,39,Pune,Maharashtra,West
CUST002668,Muskan Goyal,Female,35,Ahmedabad,Gujarat,West
CUST002669,Divya Khanna,Female,35,Jaipur,Rajasthan,North
CUST002670,Rahul Mehta,Male,39,Ranchi,Jharkhand,East
CUST002671,Swati Naidu,Female,20,Surat,Gujarat,West
CUST002672,Radhika Tripathi,Female,28,Kolkata,West Bengal,East
CUST002673,Amit Mehta,Male,18,Bhubaneswar,Odisha,East
CUST002674,Rahul Singh,Male,20,Bhubaneswar,Odisha,East
CUST002675,Avni Reddy,Female,20,Kolkata,West Bengal,East
CUST002676,Dhruv Reddy,Male,25,Mumbai,Maharashtra,West
CUST002677,Abhishek Singh,Male,24,Hyderabad,Telangana,South
CUST002678,Anushka Verma,Female,34,Mumbai,Maharashtra,West
CUST002679,Isha Kumar,Female,19,Lucknow,Uttar Pradesh,North
CUST002680,Ananya Iyer,Female,30,Jaipur,Rajasthan,North
CUST002681,Ishita Chopra,Female,41,Lucknow,Uttar Pradesh,North
CUST002682,Siddharth Reddy,Male,21,Delhi,Delhi,North
CUST002683,Manish Arora,Male,26,Bhubaneswar,Odisha,East
CUST002684,Ayush Sethi,Male,23,Ranchi,Jharkhand,East
CUST002685,Khushi Nair,Female,33,Bengaluru,Karnataka,South
CUST002686,Ayush Jain,Male,37,Guwahati,Assam,East
CUST002687,Rahul Thakur,Male,18,Bengaluru,Karnataka,South
CUST002688,Amit Tripathi,Male,32,Hyderabad,Telangana,South
CUST002689,Manish Verma,Male,30,Pune,Maharashtra,West
CUST002690,Shreya Pillai,Female,36,Indore,Madhya Pradesh,Central
CUST002691,Aarav Bhatia,Male,23,Patna,Bihar,East
CUST002692,Ishita Pandey,Female,25,Kolkata,West Bengal,East
CUST002693,Dev Iyer,Male,18,Hyderabad,Telangana,South
CUST002694,Sneha Menon,Female,34,Delhi,Delhi,North
CUST002695,Aanya Singh,Female,36,Mumbai,Maharashtra,West
CUST002696,Kabir Arora,Male,21,Lucknow,Uttar Pradesh,North
CUST002697,Ayush Chatterjee,Male,27,Hyderabad,Telangana,South
CUST002698,Meera Rao,Female,25,Surat,Gujarat,West
CUST002699,Piyush Shah,Male,26,Patna,Bihar,East
CUST002700,Riya Pillai,Female,37,Hyderabad,Telangana,South
CUST002701,Avni Khanna,Female,23,Lucknow,Uttar Pradesh,North
CUST002702,Dev Mishra,Male,22,Pune,Maharashtra,West
CUST002703,Aditi Roy,Female,28,Nagpur,Maharashtra,West
CUST002704,Ishita Shah,Female,31,Mumbai,Maharashtra,West
CUST002705,Dev Shah,Male,43,Nagpur,Maharashtra,West
CUST002706,Nandini Kumar,Female,43,Ahmedabad,Gujarat,West
CUST002707,Komal Bansal,Female,42,Hyderabad,Telangana,South
CUST002708,Aarav Sethi,Male,36,Jaipur,Rajasthan,North
CUST002709,Ananya Bhatia,Female,18,Mumbai,Maharashtra,West
CUST002710,Shruti Sethi,Female,23,Kolkata,West Bengal,East
CUST002711,Aditi Pillai,Female,28,Bengaluru,Karnataka,South
CUST002712,Vikram Chatterjee,Male,19,Bengaluru,Karnataka,South
CUST002713,Anushka Jain,Female,25,Ahmedabad,Gujarat,West
CUST002714,Neha Tripathi,Female,21,Surat,Gujarat,West
CUST002715,Harsh Kapoor,Male,25,Bengaluru,Karnataka,South
CUST002716,Manish Sethi,Male,20,Pune,Maharashtra,West
CUST002717,Aanya Tripathi,Female,28,Bhubaneswar,Odisha,East
CUST002718,Ayush Patel,Male,28,Coimbatore,Tamil Nadu,South
CUST002719,Nisha Chauhan,Female,29,Noida,Uttar Pradesh,North
CUST002720,Vivek Thakur,Male,39,Lucknow,Uttar Pradesh,North
CUST002721,Siddharth Malhotra,Male,39,Kochi,Kerala,South
CUST002722,Saurabh Arora,Male,34,Coimbatore,Tamil Nadu,South
CUST002723,Shubham Patel,Male,28,Jaipur,Rajasthan,North
CUST002724,Ayush Sethi,Male,34,Ahmedabad,Gujarat,West
CUST002725,Tushar Rao,Male,24,Hyderabad,Telangana,South
CUST002726,Sanya Kumar,Female,24,Bengaluru,Karnataka,South
CUST002727,Rohan Das,Male,25,Lucknow,Uttar Pradesh,North
CUST002728,Ayush Arora,Male,25,Lucknow,Uttar Pradesh,North
CUST002729,Rohan Joshi,Male,41,Lucknow,Uttar Pradesh,North
CUST002730,Neha Saxena,Female,29,Bhubaneswar,Odisha,East
CUST002731,Vivek Pandey,Male,26,Raipur,Chhattisgarh,Central
CUST002732,Neha Naidu,Female,33,Coimbatore,Tamil Nadu,South
CUST002733,Aditi Kapoor,Female,31,Bhubaneswar,Odisha,East
CUST002734,Kabir Verma,Male,23,Mumbai,Maharashtra,West
CUST002735,Neha Nair,Female,36,Dehradun,Uttarakhand,North
CUST002736,Harsh Bansal,Male,27,Bengaluru,Karnataka,South
CUST002737,Gaurav Saxena,Male,27,Lucknow,Uttar Pradesh,North
CUST002738,Neha Mishra,Female,47,Ahmedabad,Gujarat,West
CUST002739,Apoorva Khanna,Female,26,Lucknow,Uttar Pradesh,North
CUST002740,Ritesh Malhotra,Male,26,Pune,Maharashtra,West
CUST002741,Palak Agarwal,Female,36,Jaipur,Rajasthan,North
CUST002742,Varun Tiwari,Male,31,Hyderabad,Telangana,South
CUST002743,Priya Pandey,Female,21,Hyderabad,Telangana,South
CUST002744,Swati Chatterjee,Female,24,Indore,Madhya Pradesh,Central
CUST002745,Piyush Das,Male,26,Coimbatore,Tamil Nadu,South
CUST002746,Avni Bansal,Female,33,Mumbai,Maharashtra,West
CUST002747,Piyush Mehta,Male,32,Kochi,Kerala,South
CUST002748,Mohit Joshi,Male,29,Coimbatore,Tamil Nadu,South
CUST002749,Ritika Kulkarni,Female,18,Hyderabad,Telangana,South
CUST002750,Isha Pandey,Female,31,Guwahati,Assam,East
CUST002751,Aditi Goyal,Female,33,Lucknow,Uttar Pradesh,North
CUST002752,Shreya Tiwari,Female,26,Jaipur,Rajasthan,North
CUST002753,Simran Shah,Female,40,Kolkata,West Bengal,East
CUST002754,Diya Bhatia,Female,36,Lucknow,Uttar Pradesh,North
CUST002755,Sanya Naidu,Female,28,Patna,Bihar,East
CUST002756,Nisha Menon,Female,26,Hyderabad,Telangana,South
CUST002757,Pooja Goyal,Female,33,Ahmedabad,Gujarat,West
CUST002758,Pranav Sinha,Male,18,Ahmedabad,Gujarat,West
CUST002759,Avni Saxena,Female,28,Bengaluru,Karnataka,South
CUST002760,Aarav Deshmukh,Male,30,Nagpur,Maharashtra,West
CUST002761,Kunal Pandey,Male,24,Bhopal,Madhya Pradesh,Central
CUST002762,Aditya Chauhan,Male,24,Mumbai,Maharashtra,West
CUST002763,Sanya Gupta,Female,18,Mumbai,Maharashtra,West
CUST002764,Dev Mishra,Male,42,Coimbatore,Tamil Nadu,South
CUST002765,Diya Thakur,Female,38,Nagpur,Maharashtra,West
CUST002766,Sameer Bansal,Male,38,Lucknow,Uttar Pradesh,North
CUST002767,Shruti Tripathi,Female,22,Delhi,Delhi,North
CUST002768,Pooja Joshi,Female,18,Hyderabad,Telangana,South
CUST002769,Ritesh Gupta,Male,33,Chennai,Tamil Nadu,South
CUST002770,Khushi Deshmukh,Female,26,Ahmedabad,Gujarat,West
CUST002771,Meera Shah,Female,23,Hyderabad,Telangana,South
CUST002772,Sanya Tripathi,Female,25,Nagpur,Maharashtra,West
CUST002773,Aditya Arora,Male,34,Hyderabad,Telangana,South
CUST002774,Amit Jain,Male,27,Delhi,Delhi,North
CUST002775,Vikram Agarwal,Male,29,Mumbai,Maharashtra,West
CUST002776,Isha Sinha,Female,18,Raipur,Chhattisgarh,Central
CUST002777,Shruti Chatterjee,Female,29,Indore,Madhya Pradesh,Central
CUST002778,Piyush Nair,Male,42,Jaipur,Rajasthan,North
CUST002779,Gaurav Das,Male,21,Hyderabad,Telangana,South
CUST002780,Gaurav Naidu,Male,37,Dehradun,Uttarakhand,North
CUST002781,Piyush Pillai,Male,26,Hyderabad,Telangana,South
CUST002782,Mohit Tripathi,Male,32,Bhopal,Madhya Pradesh,Central
CUST002783,Komal Kumar,Female,38,Mumbai,Maharashtra,West
CUST002784,Meera Pillai,Female,26,Patna,Bihar,East
CUST002785,Swati Bhatia,Female,42,Lucknow,Uttar Pradesh,North
CUST002786,Abhishek Saxena,Male,33,Lucknow,Uttar Pradesh,North
CUST002787,Palak Goyal,Female,31,Jaipur,Rajasthan,North
CUST002788,Simran Pillai,Female,18,Bhubaneswar,Odisha,East
CUST002789,Ritesh Tripathi,Male,30,Bhubaneswar,Odisha,East
CUST002790,Tushar Khanna,Male,21,Indore,Madhya Pradesh,Central
CUST002791,Ankit Mehta,Male,22,Surat,Gujarat,West
CUST002792,Shruti Chopra,Female,42,Lucknow,Uttar Pradesh,North
CUST002793,Saurabh Tiwari,Male,23,Kolkata,West Bengal,East
CUST002794,Neha Kapoor,Female,18,Noida,Uttar Pradesh,North
CUST002795,Manya Rao,Female,22,Hyderabad,Telangana,South
CUST002796,Nikhil Saxena,Male,26,Mumbai,Maharashtra,West
CUST002797,Khushi Goyal,Female,21,Pune,Maharashtra,West
CUST002798,Swati Verma,Female,18,Lucknow,Uttar Pradesh,North
CUST002799,Nikhil Tripathi,Male,39,Bengaluru,Karnataka,South
CUST002800,Palak Joshi,Female,36,Surat,Gujarat,West
CUST002801,Sanya Chatterjee,Female,25,Delhi,Delhi,North
CUST002802,Avni Chatterjee,Female,25,Jaipur,Rajasthan,North
CUST002803,Gaurav Rao,Male,29,Bhubaneswar,Odisha,East
CUST002804,Tanvi Agarwal,Female,28,Bengaluru,Karnataka,South
CUST002805,Harsh Das,Male,18,Coimbatore,Tamil Nadu,South
CUST002806,Rahul Khanna,Male,18,Guwahati,Assam,East
CUST002807,Siddharth Sethi,Male,30,Ranchi,Jharkhand,East
CUST002808,Saurabh Mishra,Male,41,Chennai,Tamil Nadu,South
CUST002809,Palak Tiwari,Female,20,Bengaluru,Karnataka,South
CUST002810,Manya Roy,Female,39,Mumbai,Maharashtra,West
CUST002811,Aditi Chatterjee,Female,18,Bengaluru,Karnataka,South
CUST002812,Simran Goyal,Female,35,Delhi,Delhi,North
CUST002813,Simran Das,Female,26,Mumbai,Maharashtra,West
CUST002814,Divya Kapoor,Female,31,Coimbatore,Tamil Nadu,South
CUST002815,Abhishek Shah,Male,34,Bhubaneswar,Odisha,East
CUST002816,Avni Chauhan,Female,30,Chennai,Tamil Nadu,South
CUST002817,Neha Tiwari,Female,39,Indore,Madhya Pradesh,Central
CUST002818,Meera Menon,Female,31,Jaipur,Rajasthan,North
CUST002819,Muskan Shah,Female,36,Delhi,Delhi,North
CUST002820,Ananya Gupta,Female,36,Kolkata,West Bengal,East
CUST002821,Rishi Bhatia,Male,28,Bhubaneswar,Odisha,East
CUST002822,Radhika Thakur,Female,38,Delhi,Delhi,North
CUST002823,Neha Chatterjee,Female,29,Bhubaneswar,Odisha,East
CUST002824,Rajat Singh,Male,18,Kolkata,West Bengal,East
CUST002825,Apoorva Yadav,Female,21,Chennai,Tamil Nadu,South
CUST002826,Rajat Verma,Male,18,Delhi,Delhi,North
CUST002827,Aarav Jain,Male,36,Hyderabad,Telangana,South
CUST002828,Sneha Mehta,Female,18,Bhopal,Madhya Pradesh,Central
CUST002829,Aditi Arora,Female,25,Bengaluru,Karnataka,South
CUST002830,Kavya Pillai,Female,19,Kolkata,West Bengal,East
CUST002831,Aditya Singh,Male,33,Jaipur,Rajasthan,North
CUST002832,Piyush Mehta,Male,31,Pune,Maharashtra,West
CUST002833,Yash Malhotra,Male,32,Pune,Maharashtra,West
CUST002834,Manish Yadav,Male,30,Mumbai,Maharashtra,West
CUST002835,Aanya Kulkarni,Female,20,Chennai,Tamil Nadu,South
CUST002836,Piyush Tripathi,Male,24,Indore,Madhya Pradesh,Central
CUST002837,Aarav Kumar,Male,29,Bhubaneswar,Odisha,East
CUST002838,Rohan Nair,Male,30,Kolkata,West Bengal,East
CUST002839,Muskan Joshi,Female,23,Bengaluru,Karnataka,South
CUST002840,Simran Agarwal,Female,33,Delhi,Delhi,North
CUST002841,Ayush Menon,Male,31,Delhi,Delhi,North
CUST002842,Aanya Singh,Female,38,Delhi,Delhi,North
CUST002843,Akash Sethi,Male,34,Mumbai,Maharashtra,West
CUST002844,Rishi Mehta,Male,37,Indore,Madhya Pradesh,Central
CUST002845,Radhika Reddy,Female,32,Dehradun,Uttarakhand,North
CUST002846,Vikram Naidu,Male,18,Bengaluru,Karnataka,South
CUST002847,Apoorva Chopra,Female,30,Delhi,Delhi,North
CUST002848,Gaurav Menon,Male,27,Delhi,Delhi,North
CUST002849,Ishita Tripathi,Female,23,Surat,Gujarat,West
CUST002850,Kabir Bansal,Male,25,Jaipur,Rajasthan,North
CUST002851,Shubham Kapoor,Male,32,Mumbai,Maharashtra,West
CUST002852,Sakshi Arora,Female,26,Ahmedabad,Gujarat,West
CUST002853,Vivek Chopra,Male,34,Delhi,Delhi,North
CUST002854,Karan Pillai,Male,44,Delhi,Delhi,North
CUST002855,Nikhil Chopra,Male,33,Bhopal,Madhya Pradesh,Central
CUST002856,Shubham Das,Male,37,Delhi,Delhi,North
CUST002857,Tushar Saxena,Male,29,Bengaluru,Karnataka,South
CUST002858,Sanya Goyal,Female,19,Lucknow,Uttar Pradesh,North
CUST002859,Yash Kapoor,Male,26,Kolkata,West Bengal,East
CUST002860,Ritika Jain,Female,22,Coimbatore,Tamil Nadu,South
CUST002861,Saurabh Jain,Male,35,Nagpur,Maharashtra,West
CUST002862,Aditya Joshi,Male,37,Bengaluru,Karnataka,South
CUST002863,Aarav Kumar,Male,18,Bhubaneswar,Odisha,East
CUST002864,Kabir Verma,Male,34,Bhopal,Madhya Pradesh,Central
CUST002865,Harsh Verma,Male,25,Bengaluru,Karnataka,South
CUST002866,Abhishek Kulkarni,Male,29,Jaipur,Rajasthan,North
CUST002867,Priya Srivastava,Female,18,Lucknow,Uttar Pradesh,North
CUST002868,Tanvi Tiwari,Female,38,Surat,Gujarat,West
CUST002869,Divya Pillai,Female,42,Delhi,Delhi,North
CUST002870,Tushar Bhatia,Male,25,Ranchi,Jharkhand,East
CUST002871,Sakshi Chopra,Female,32,Patna,Bihar,East
CUST002872,Kavya Iyer,Female,33,Ahmedabad,Gujarat,West
CUST002873,Sanya Naidu,Female,30,Indore,Madhya Pradesh,Central
CUST002874,Ishita Roy,Female,42,Lucknow,Uttar Pradesh,North
CUST002875,Nikhil Chopra,Male,19,Jaipur,Rajasthan,North
CUST002876,Vivek Chatterjee,Male,27,Pune,Maharashtra,West
CUST002877,Rohan Tripathi,Male,26,Mumbai,Maharashtra,West
CUST002878,Mohit Srivastava,Male,33,Indore,Madhya Pradesh,Central
CUST002879,Rishi Deshmukh,Male,41,Mumbai,Maharashtra,West
CUST002880,Diya Pandey,Female,46,Ahmedabad,Gujarat,West
CUST002881,Avni Sharma,Female,23,Delhi,Delhi,North
CUST002882,Diya Goyal,Female,30,Bengaluru,Karnataka,South
CUST002883,Piyush Jain,Male,26,Dehradun,Uttarakhand,North
CUST002884,Karan Joshi,Male,28,Chennai,Tamil Nadu,South
CUST002885,Shubham Agarwal,Male,22,Kolkata,West Bengal,East
CUST002886,Payal Verma,Female,33,Surat,Gujarat,West
CUST002887,Rishi Singh,Male,35,Guwahati,Assam,East
CUST002888,Tanvi Tripathi,Female,31,Delhi,Delhi,North
CUST002889,Siddharth Reddy,Male,35,Patna,Bihar,East
CUST002890,Saurabh Bansal,Male,35,Bengaluru,Karnataka,South
CUST002891,Simran Das,Female,33,Mumbai,Maharashtra,West
CUST002892,Dev Verma,Male,20,Bhubaneswar,Odisha,East
CUST002893,Harsh Pandey,Male,33,Bengaluru,Karnataka,South
CUST002894,Muskan Deshmukh,Female,27,Hyderabad,Telangana,South
CUST002895,Siddharth Arora,Male,33,Noida,Uttar Pradesh,North
CUST002896,Diya Reddy,Female,27,Chennai,Tamil Nadu,South
CUST002897,Akash Kumar,Male,23,Pune,Maharashtra,West
CUST002898,Varun Mehta,Male,31,Surat,Gujarat,West
CUST002899,Payal Nair,Female,32,Ahmedabad,Gujarat,West
CUST002900,Shubham Jain,Male,30,Delhi,Delhi,North
CUST002901,Kunal Gupta,Male,32,Chennai,Tamil Nadu,South
CUST002902,Karan Pandey,Male,26,Indore,Madhya Pradesh,Central
CUST002903,Nandini Reddy,Female,18,Bengaluru,Karnataka,South
CUST002904,Sameer Pillai,Male,36,Kolkata,West Bengal,East
CUST002905,Aditi Malhotra,Female,23,Dehradun,Uttarakhand,North
CUST002906,Mohit Goyal,Male,21,Mumbai,Maharashtra,West
CUST002907,Shruti Thakur,Female,28,Chennai,Tamil Nadu,South
CUST002908,Apoorva Reddy,Female,31,Pune,Maharashtra,West
CUST002909,Rahul Pillai,Male,26,Delhi,Delhi,North
CUST002910,Rahul Jain,Male,34,Dehradun,Uttarakhand,North
CUST002911,Arjun Joshi,Male,28,Patna,Bihar,East
CUST002912,Simran Yadav,Female,22,Bengaluru,Karnataka,South
CUST002913,Pooja Yadav,Female,25,Surat,Gujarat,West
CUST002914,Ankit Kulkarni,Male,28,Lucknow,Uttar Pradesh,North
CUST002915,Divya Chatterjee,Female,29,Delhi,Delhi,North
CUST002916,Aarav Thakur,Male,28,Noida,Uttar Pradesh,North
CUST002917,Siddharth Khanna,Male,31,Pune,Maharashtra,West
CUST002918,Kabir Sharma,Male,31,Bengaluru,Karnataka,South
CUST002919,Siddharth Singh,Male,21,Hyderabad,Telangana,South
CUST002920,Ananya Joshi,Female,18,Chandigarh,Chandigarh,North
CUST002921,Aarav Deshmukh,Male,18,Chennai,Tamil Nadu,South
CUST002922,Abhishek Shah,Male,27,Delhi,Delhi,North
CUST002923,Nisha Malhotra,Female,18,Pune,Maharashtra,West
CUST002924,Diya Das,Female,27,Indore,Madhya Pradesh,Central
CUST002925,Shubham Singh,Male,33,Pune,Maharashtra,West
CUST002926,Amit Naidu,Male,27,Guwahati,Assam,East
CUST002927,Rohan Bhatia,Male,24,Hyderabad,Telangana,South
CUST002928,Shubham Patel,Male,24,Pune,Maharashtra,West
CUST002929,Varun Reddy,Male,36,Surat,Gujarat,West
CUST002930,Dev Thakur,Male,36,Bengaluru,Karnataka,South
CUST002931,Avni Khanna,Female,25,Mumbai,Maharashtra,West
CUST002932,Khushi Saxena,Female,29,Mumbai,Maharashtra,West
CUST002933,Piyush Bhatia,Male,21,Noida,Uttar Pradesh,North
CUST002934,Kavya Bansal,Female,18,Guwahati,Assam,East
CUST002935,Swati Saxena,Female,28,Jaipur,Rajasthan,North
CUST002936,Harsh Patel,Male,40,Nagpur,Maharashtra,West
CUST002937,Akash Sharma,Male,26,Lucknow,Uttar Pradesh,North
CUST002938,Amit Sharma,Male,26,Mumbai,Maharashtra,West
CUST002939,Mohit Tiwari,Male,33,Raipur,Chhattisgarh,Central
CUST002940,Sakshi Gupta,Female,44,Lucknow,Uttar Pradesh,North
CUST002941,Kavya Sinha,Female,23,Mumbai,Maharashtra,West
CUST002942,Sameer Roy,Male,38,Bengaluru,Karnataka,South
CUST002943,Arjun Naidu,Male,22,Coimbatore,Tamil Nadu,South
CUST002944,Vivek Patel,Male,47,Coimbatore,Tamil Nadu,South
CUST002945,Rajat Srivastava,Male,18,Jaipur,Rajasthan,North
CUST002946,Nisha Malhotra,Female,18,Nagpur,Maharashtra,West
CUST002947,Simran Menon,Female,32,Chennai,Tamil Nadu,South
CUST002948,Akash Mishra,Male,31,Bhubaneswar,Odisha,East
CUST002949,Meera Bhatia,Female,35,Chennai,Tamil Nadu,South
CUST002950,Rahul Mehta,Male,34,Kolkata,West Bengal,East
CUST002951,Rahul Sharma,Male,38,Noida,Uttar Pradesh,North
CUST002952,Swati Goyal,Female,33,Kolkata,West Bengal,East
CUST002953,Khushi Saxena,Female,25,Chennai,Tamil Nadu,South
CUST002954,Rohan Kumar,Male,32,Raipur,Chhattisgarh,Central
CUST002955,Ankit Arora,Male,37,Jaipur,Rajasthan,North
CUST002956,Nisha Iyer,Female,29,Kochi,Kerala,South
CUST002957,Palak Mehta,Female,37,Raipur,Chhattisgarh,Central
CUST002958,Ishita Bansal,Female,23,Bengaluru,Karnataka,South
CUST002959,Khushi Gupta,Female,31,Delhi,Delhi,North
CUST002960,Siddharth Roy,Male,26,Bengaluru,Karnataka,South
CUST002961,Riya Deshmukh,Female,26,Pune,Maharashtra,West
CUST002962,Ishita Bansal,Female,24,Coimbatore,Tamil Nadu,South
CUST002963,Rishi Arora,Male,28,Pune,Maharashtra,West
CUST002964,Gaurav Yadav,Male,28,Pune,Maharashtra,West
CUST002965,Mohit Malhotra,Male,47,Bhubaneswar,Odisha,East
CUST002966,Manya Chatterjee,Female,18,Surat,Gujarat,West
CUST002967,Shruti Saxena,Female,26,Hyderabad,Telangana,South
CUST002968,Abhishek Saxena,Male,21,Indore,Madhya Pradesh,Central
CUST002969,Kavya Banerjee,Female,20,Guwahati,Assam,East
CUST002970,Abhishek Pillai,Male,33,Mumbai,Maharashtra,West
CUST002971,Ishita Mehta,Female,27,Pune,Maharashtra,West
CUST002972,Akash Agarwal,Male,39,Kochi,Kerala,South
CUST002973,Riya Agarwal,Female,33,Ahmedabad,Gujarat,West
CUST002974,Sneha Yadav,Female,21,Ranchi,Jharkhand,East
CUST002975,Manish Agarwal,Male,19,Mumbai,Maharashtra,West
CUST002976,Harsh Iyer,Male,38,Kolkata,West Bengal,East
CUST002977,Anushka Goyal,Female,37,Indore,Madhya Pradesh,Central
CUST002978,Ritesh Pandey,Male,28,Dehradun,Uttarakhand,North
CUST002979,Nisha Singh,Female,18,Patna,Bihar,East
CUST002980,Arjun Jain,Male,40,Kolkata,West Bengal,East
CUST002981,Rahul Das,Male,43,Delhi,Delhi,North
CUST002982,Arjun Sethi,Male,26,Jaipur,Rajasthan,North
CUST002983,Shubham Shah,Male,43,Kolkata,West Bengal,East
CUST002984,Radhika Rao,Female,28,Kolkata,West Bengal,East
CUST002985,Tushar Gupta,Male,35,Delhi,Delhi,North
CUST002986,Muskan Bhatia,Female,23,Delhi,Delhi,North
CUST002987,Isha Kapoor,Female,39,Ahmedabad,Gujarat,West
CUST002988,Shreya Joshi,Female,25,Delhi,Delhi,North
CUST002989,Vikram Singh,Male,31,Kolkata,West Bengal,East
CUST002990,Komal Naidu,Female,32,Chennai,Tamil Nadu,South
CUST002991,Siddharth Roy,Male,29,Lucknow,Uttar Pradesh,North
CUST002992,Mohit Pandey,Male,39,Chennai,Tamil Nadu,South
CUST002993,Abhishek Reddy,Male,24,Bengaluru,Karnataka,South
CUST002994,Payal Chauhan,Female,18,Chennai,Tamil Nadu,South
CUST002995,Meera Mehta,Female,38,Bhubaneswar,Odisha,East
CUST002996,Shreya Sinha,Female,25,Mumbai,Maharashtra,West
CUST002997,Ayush Singh,Male,21,Lucknow,Uttar Pradesh,North
CUST002998,Tushar Kumar,Male,23,Surat,Gujarat,West
CUST002999,Riya Gupta,Female,20,Mumbai,Maharashtra,West
CUST003000,Priya Rao,Female,35,Bengaluru,Karnataka,South
CUST003001,Sneha Iyer,Female,44,Kochi,Kerala,South
CUST003002,Akash Das,Male,37,Pune,Maharashtra,West
CUST003003,Ankit Saxena,Male,35,Bhubaneswar,Odisha,East
CUST003004,Vikram Naidu,Male,24,Indore,Madhya Pradesh,Central
CUST003005,Varun Gupta,Male,29,Noida,Uttar Pradesh,North
CUST003006,Shubham Menon,Male,34,Ranchi,Jharkhand,East
CUST003007,Saurabh Thakur,Male,18,Bengaluru,Karnataka,South
CUST003008,Meera Thakur,Female,27,Nagpur,Maharashtra,West
CUST003009,Aarav Shah,Male,27,Bengaluru,Karnataka,South
CUST003010,Kavya Bansal,Female,20,Delhi,Delhi,North
CUST003011,Aanya Gupta,Female,18,Lucknow,Uttar Pradesh,North
CUST003012,Avni Khanna,Female,29,Guwahati,Assam,East
CUST003013,Ritika Pillai,Female,25,Hyderabad,Telangana,South
CUST003014,Nikhil Patel,Male,31,Mumbai,Maharashtra,West
CUST003015,Ananya Singh,Female,25,Jaipur,Rajasthan,North
CUST003016,Nikhil Shah,Male,32,Chandigarh,Chandigarh,North
CUST003017,Saurabh Arora,Male,28,Mumbai,Maharashtra,West
CUST003018,Ankit Yadav,Male,28,Bengaluru,Karnataka,South
CUST003019,Yash Das,Male,18,Patna,Bihar,East
CUST003020,Kunal Rao,Male,31,Hyderabad,Telangana,South
CUST003021,Sameer Chatterjee,Male,27,Chennai,Tamil Nadu,South
CUST003022,Karan Banerjee,Male,25,Lucknow,Uttar Pradesh,North
CUST003023,Vivek Bhatia,Male,30,Dehradun,Uttarakhand,North
CUST003024,Apoorva Chatterjee,Female,29,Delhi,Delhi,North
CUST003025,Khushi Jain,Female,35,Dehradun,Uttarakhand,North
CUST003026,Ayush Joshi,Male,36,Ahmedabad,Gujarat,West
CUST003027,Piyush Chauhan,Male,43,Kochi,Kerala,South
CUST003028,Vikram Banerjee,Male,40,Bhubaneswar,Odisha,East
CUST003029,Khushi Sethi,Female,25,Mumbai,Maharashtra,West
CUST003030,Manya Sharma,Female,25,Pune,Maharashtra,West
CUST003031,Arjun Jain,Male,31,Pune,Maharashtra,West
CUST003032,Rohan Sharma,Male,33,Raipur,Chhattisgarh,Central
CUST003033,Rajat Chauhan,Male,30,Pune,Maharashtra,West
CUST003034,Sneha Sharma,Female,26,Bengaluru,Karnataka,South
CUST003035,Arjun Yadav,Male,24,Chandigarh,Chandigarh,North
CUST003036,Pooja Chopra,Female,18,Ranchi,Jharkhand,East
CUST003037,Gaurav Bansal,Male,22,Chennai,Tamil Nadu,South
CUST003038,Siddharth Bhatia,Male,32,Mumbai,Maharashtra,West
CUST003039,Varun Agarwal,Male,33,Pune,Maharashtra,West
CUST003040,Dev Yadav,Male,43,Ahmedabad,Gujarat,West
CUST003041,Payal Chopra,Female,20,Ranchi,Jharkhand,East
CUST003042,Varun Tripathi,Male,28,Bhopal,Madhya Pradesh,Central
CUST003043,Komal Shah,Female,18,Bhopal,Madhya Pradesh,Central
CUST003044,Swati Menon,Female,18,Guwahati,Assam,East
CUST003045,Pranav Rao,Male,18,Delhi,Delhi,North
CUST003046,Priya Nair,Female,33,Delhi,Delhi,North
CUST003047,Radhika Menon,Female,34,Chennai,Tamil Nadu,South
CUST003048,Dev Chopra,Male,27,Pune,Maharashtra,West
CUST003049,Sneha Kumar,Female,21,Lucknow,Uttar Pradesh,North
CUST003050,Amit Verma,Male,23,Pune,Maharashtra,West
CUST003051,Harsh Arora,Male,28,Bengaluru,Karnataka,South
CUST003052,Kunal Saxena,Male,18,Jaipur,Rajasthan,North
CUST003053,Ayush Bansal,Male,20,Bengaluru,Karnataka,South
CUST003054,Aanya Jain,Female,22,Pune,Maharashtra,West
CUST003055,Sanya Chauhan,Female,35,Bengaluru,Karnataka,South
CUST003056,Dhruv Patel,Male,29,Pune,Maharashtra,West
CUST003057,Vikram Arora,Male,36,Chennai,Tamil Nadu,South
CUST003058,Nisha Roy,Female,26,Jaipur,Rajasthan,North
CUST003059,Arjun Mishra,Male,25,Lucknow,Uttar Pradesh,North
CUST003060,Rohan Chopra,Male,26,Pune,Maharashtra,West
CUST003061,Mohit Rao,Male,26,Mumbai,Maharashtra,West
CUST003062,Akash Verma,Male,18,Pune,Maharashtra,West
CUST003063,Apoorva Nair,Female,31,Bengaluru,Karnataka,South
CUST003064,Komal Agarwal,Female,33,Pune,Maharashtra,West
CUST003065,Rohan Gupta,Male,20,Delhi,Delhi,North
CUST003066,Saurabh Kumar,Male,38,Coimbatore,Tamil Nadu,South
CUST003067,Aditya Sinha,Male,22,Bengaluru,Karnataka,South
CUST003068,Abhishek Bansal,Male,33,Patna,Bihar,East
CUST003069,Palak Rao,Female,34,Bengaluru,Karnataka,South
CUST003070,Isha Yadav,Female,41,Bengaluru,Karnataka,South
CUST003071,Pooja Chauhan,Female,32,Bengaluru,Karnataka,South
CUST003072,Aanya Sethi,Female,20,Kolkata,West Bengal,East
CUST003073,Arjun Mehta,Male,39,Chennai,Tamil Nadu,South
CUST003074,Avni Roy,Female,35,Noida,Uttar Pradesh,North
CUST003075,Sanya Gupta,Female,20,Ahmedabad,Gujarat,West
CUST003076,Rajat Srivastava,Male,36,Coimbatore,Tamil Nadu,South
CUST003077,Komal Yadav,Female,22,Dehradun,Uttarakhand,North
CUST003078,Rishi Patel,Male,28,Noida,Uttar Pradesh,North
CUST003079,Muskan Chatterjee,Female,37,Guwahati,Assam,East
CUST003080,Neha Tiwari,Female,34,Lucknow,Uttar Pradesh,North
CUST003081,Riya Gupta,Female,18,Delhi,Delhi,North
CUST003082,Ishita Deshmukh,Female,21,Lucknow,Uttar Pradesh,North
CUST003083,Piyush Tripathi,Male,34,Pune,Maharashtra,West
CUST003084,Muskan Tripathi,Female,32,Bhubaneswar,Odisha,East
CUST003085,Pranav Pandey,Male,33,Kochi,Kerala,South
CUST003086,Meera Tiwari,Female,26,Delhi,Delhi,North
CUST003087,Rahul Roy,Male,38,Chennai,Tamil Nadu,South
CUST003088,Abhishek Reddy,Male,43,Pune,Maharashtra,West
CUST003089,Muskan Bansal,Female,23,Patna,Bihar,East
CUST003090,Rishi Sethi,Male,31,Mumbai,Maharashtra,West
CUST003091,Dhruv Pillai,Male,38,Hyderabad,Telangana,South
CUST003092,Sakshi Thakur,Female,32,Noida,Uttar Pradesh,North
CUST003093,Sneha Singh,Female,20,Nagpur,Maharashtra,West
CUST003094,Varun Khanna,Male,42,Mumbai,Maharashtra,West
CUST003095,Kabir Menon,Male,31,Dehradun,Uttarakhand,North
CUST003096,Arjun Goyal,Male,31,Kolkata,West Bengal,East
CUST003097,Dev Saxena,Male,35,Ahmedabad,Gujarat,West
CUST003098,Manya Sharma,Female,31,Kolkata,West Bengal,East
CUST003099,Meera Iyer,Female,41,Ahmedabad,Gujarat,West
CUST003100,Shreya Sharma,Female,20,Mumbai,Maharashtra,West
CUST003101,Ritesh Das,Male,29,Lucknow,Uttar Pradesh,North
CUST003102,Isha Gupta,Female,42,Coimbatore,Tamil Nadu,South
CUST003103,Sanya Rao,Female,36,Hyderabad,Telangana,South
CUST003104,Akash Shah,Male,29,Chandigarh,Chandigarh,North
CUST003105,Harsh Roy,Male,32,Hyderabad,Telangana,South
CUST003106,Kabir Bhatia,Male,23,Mumbai,Maharashtra,West
CUST003107,Saurabh Sharma,Male,36,Kochi,Kerala,South
CUST003108,Dev Mehta,Male,44,Bhopal,Madhya Pradesh,Central
CUST003109,Nikhil Agarwal,Male,39,Ahmedabad,Gujarat,West
CUST003110,Manya Tiwari,Female,20,Lucknow,Uttar Pradesh,North
CUST003111,Pranav Tripathi,Male,36,Noida,Uttar Pradesh,North
CUST003112,Kabir Patel,Male,49,Delhi,Delhi,North
CUST003113,Arjun Pandey,Male,24,Raipur,Chhattisgarh,Central
CUST003114,Saurabh Das,Male,18,Pune,Maharashtra,West
CUST003115,Sameer Singh,Male,23,Mumbai,Maharashtra,West
CUST003116,Rajat Goyal,Male,31,Delhi,Delhi,North
CUST003117,Ishita Kumar,Female,36,Patna,Bihar,East
CUST003118,Rahul Bhatia,Male,18,Pune,Maharashtra,West
CUST003119,Nandini Thakur,Female,25,Jaipur,Rajasthan,North
CUST003120,Mohit Sharma,Male,21,Raipur,Chhattisgarh,Central
CUST003121,Shruti Pillai,Female,31,Hyderabad,Telangana,South
CUST003122,Harsh Bhatia,Male,31,Mumbai,Maharashtra,West
CUST003123,Simran Singh,Female,31,Delhi,Delhi,North
CUST003124,Kunal Gupta,Male,30,Surat,Gujarat,West
CUST003125,Aarav Iyer,Male,38,Bengaluru,Karnataka,South
CUST003126,Riya Menon,Female,27,Jaipur,Rajasthan,North
CUST003127,Mohit Joshi,Male,28,Ahmedabad,Gujarat,West
CUST003128,Rahul Tiwari,Male,33,Jaipur,Rajasthan,North
CUST003129,Shubham Deshmukh,Male,46,Ranchi,Jharkhand,East
CUST003130,Apoorva Kulkarni,Female,27,Hyderabad,Telangana,South
CUST003131,Tanvi Jain,Female,35,Kolkata,West Bengal,East
CUST003132,Sneha Kumar,Female,27,Delhi,Delhi,North
CUST003133,Swati Verma,Female,33,Indore,Madhya Pradesh,Central
CUST003134,Muskan Reddy,Female,37,Bengaluru,Karnataka,South
CUST003135,Pranav Verma,Male,25,Mumbai,Maharashtra,West
CUST003136,Ishita Chopra,Female,27,Hyderabad,Telangana,South
CUST003137,Rohan Joshi,Male,43,Bengaluru,Karnataka,South
CUST003138,Siddharth Arora,Male,31,Hyderabad,Telangana,South
CUST003139,Shruti Singh,Female,24,Chennai,Tamil Nadu,South
CUST003140,Neha Chauhan,Female,22,Bhopal,Madhya Pradesh,Central
CUST003141,Nikhil Agarwal,Male,36,Delhi,Delhi,North
CUST003142,Ritika Pillai,Female,35,Ahmedabad,Gujarat,West
CUST003143,Rahul Deshmukh,Male,18,Delhi,Delhi,North
CUST003144,Dhruv Bhatia,Male,18,Delhi,Delhi,North
CUST003145,Rahul Roy,Male,23,Noida,Uttar Pradesh,North
CUST003146,Aditi Khanna,Female,43,Noida,Uttar Pradesh,North
CUST003147,Nikhil Saxena,Male,18,Ranchi,Jharkhand,East
CUST003148,Rishi Chauhan,Male,42,Delhi,Delhi,North
CUST003149,Nisha Reddy,Female,30,Delhi,Delhi,North
CUST003150,Ananya Naidu,Female,26,Hyderabad,Telangana,South
CUST003151,Ankit Menon,Male,20,Lucknow,Uttar Pradesh,North
CUST003152,Kunal Sharma,Male,31,Noida,Uttar Pradesh,North
CUST003153,Nikhil Singh,Male,28,Ahmedabad,Gujarat,West
CUST003154,Ritika Tripathi,Female,24,Pune,Maharashtra,West
CUST003155,Ishita Agarwal,Female,28,Indore,Madhya Pradesh,Central
CUST003156,Rohan Khanna,Male,28,Ahmedabad,Gujarat,West
CUST003157,Harsh Gupta,Male,28,Ahmedabad,Gujarat,West
CUST003158,Ankit Bhatia,Male,33,Chandigarh,Chandigarh,North
CUST003159,Neha Tripathi,Female,35,Patna,Bihar,East
CUST003160,Akash Pillai,Male,32,Coimbatore,Tamil Nadu,South
CUST003161,Aarav Chatterjee,Male,21,Bengaluru,Karnataka,South
CUST003162,Shreya Sinha,Female,18,Hyderabad,Telangana,South
CUST003163,Nisha Chatterjee,Female,18,Kochi,Kerala,South
CUST003164,Anushka Bhatia,Female,28,Guwahati,Assam,East
CUST003165,Radhika Joshi,Female,33,Noida,Uttar Pradesh,North
CUST003166,Vivek Kulkarni,Male,26,Chennai,Tamil Nadu,South
CUST003167,Nisha Thakur,Female,27,Bhopal,Madhya Pradesh,Central
CUST003168,Dhruv Yadav,Male,18,Mumbai,Maharashtra,West
CUST003169,Harsh Tiwari,Male,46,Mumbai,Maharashtra,West
CUST003170,Saurabh Kumar,Male,33,Jaipur,Rajasthan,North
CUST003171,Aditya Kapoor,Male,38,Mumbai,Maharashtra,West
CUST003172,Nisha Sinha,Female,22,Raipur,Chhattisgarh,Central
CUST003173,Ayush Verma,Male,18,Nagpur,Maharashtra,West
CUST003174,Akash Khanna,Male,32,Bengaluru,Karnataka,South
CUST003175,Yash Yadav,Male,22,Chennai,Tamil Nadu,South
CUST003176,Priya Thakur,Female,18,Pune,Maharashtra,West
CUST003177,Manya Patel,Female,41,Delhi,Delhi,North
CUST003178,Manish Kulkarni,Male,33,Mumbai,Maharashtra,West
CUST003179,Aanya Malhotra,Female,27,Mumbai,Maharashtra,West
CUST003180,Divya Sharma,Female,27,Mumbai,Maharashtra,West
CUST003181,Radhika Iyer,Female,21,Kolkata,West Bengal,East
CUST003182,Shreya Deshmukh,Female,25,Mumbai,Maharashtra,West
CUST003183,Tushar Goyal,Male,18,Ahmedabad,Gujarat,West
CUST003184,Diya Gupta,Female,18,Surat,Gujarat,West
CUST003185,Ayush Kapoor,Male,30,Delhi,Delhi,North
CUST003186,Sakshi Yadav,Female,18,Chennai,Tamil Nadu,South
CUST003187,Muskan Bansal,Female,26,Hyderabad,Telangana,South
CUST003188,Sneha Sharma,Female,24,Hyderabad,Telangana,South
CUST003189,Riya Sharma,Female,32,Mumbai,Maharashtra,West
CUST003190,Apoorva Menon,Female,41,Bengaluru,Karnataka,South
CUST003191,Rahul Banerjee,Male,20,Lucknow,Uttar Pradesh,North
CUST003192,Yash Bansal,Male,36,Ahmedabad,Gujarat,West
CUST003193,Kavya Bansal,Female,29,Ahmedabad,Gujarat,West
CUST003194,Tushar Sinha,Male,24,Noida,Uttar Pradesh,North
CUST003195,Manish Arora,Male,18,Raipur,Chhattisgarh,Central
CUST003196,Mohit Thakur,Male,29,Chandigarh,Chandigarh,North
CUST003197,Pranav Malhotra,Male,37,Chandigarh,Chandigarh,North
CUST003198,Simran Mishra,Female,30,Hyderabad,Telangana,South
CUST003199,Anushka Pillai,Female,23,Lucknow,Uttar Pradesh,North
CUST003200,Rishi Chauhan,Male,31,Surat,Gujarat,West
CUST003201,Shubham Pillai,Male,28,Bengaluru,Karnataka,South
CUST003202,Isha Bhatia,Female,38,Mumbai,Maharashtra,West
CUST003203,Ritika Agarwal,Female,30,Chennai,Tamil Nadu,South
CUST003204,Kabir Arora,Male,18,Mumbai,Maharashtra,West
CUST003205,Mohit Roy,Male,24,Noida,Uttar Pradesh,North
CUST003206,Apoorva Chopra,Female,28,Delhi,Delhi,North
CUST003207,Aarav Kulkarni,Male,18,Bhubaneswar,Odisha,East
CUST003208,Diya Chopra,Female,31,Kochi,Kerala,South
CUST003209,Swati Verma,Female,18,Lucknow,Uttar Pradesh,North
CUST003210,Rajat Verma,Male,38,Pune,Maharashtra,West
CUST003211,Swati Khanna,Female,31,Bhopal,Madhya Pradesh,Central
CUST003212,Aditi Chopra,Female,39,Indore,Madhya Pradesh,Central
CUST003213,Vikram Sharma,Male,25,Bhubaneswar,Odisha,East
CUST003214,Vivek Arora,Male,18,Pune,Maharashtra,West
CUST003215,Avni Agarwal,Female,33,Mumbai,Maharashtra,West
CUST003216,Harsh Roy,Male,34,Coimbatore,Tamil Nadu,South
CUST003217,Aanya Agarwal,Female,32,Bhubaneswar,Odisha,East
CUST003218,Aditi Patel,Female,21,Indore,Madhya Pradesh,Central
CUST003219,Priya Menon,Female,28,Ahmedabad,Gujarat,West
CUST003220,Harsh Sethi,Male,34,Ahmedabad,Gujarat,West
CUST003221,Tushar Menon,Male,27,Delhi,Delhi,North
CUST003222,Sakshi Kulkarni,Female,26,Kolkata,West Bengal,East
CUST003223,Akash Chatterjee,Male,34,Bengaluru,Karnataka,South
CUST003224,Ananya Singh,Female,19,Kolkata,West Bengal,East
CUST003225,Shreya Sharma,Female,25,Ahmedabad,Gujarat,West
CUST003226,Yash Nair,Male,25,Lucknow,Uttar Pradesh,North
CUST003227,Avni Tripathi,Female,30,Bhopal,Madhya Pradesh,Central
CUST003228,Rohan Chatterjee,Male,18,Guwahati,Assam,East
CUST003229,Piyush Agarwal,Male,39,Pune,Maharashtra,West
CUST003230,Gaurav Patel,Male,26,Chennai,Tamil Nadu,South
CUST003231,Ritesh Arora,Male,49,Mumbai,Maharashtra,West
CUST003232,Dhruv Goyal,Male,26,Ahmedabad,Gujarat,West
CUST003233,Muskan Jain,Female,32,Kolkata,West Bengal,East
CUST003234,Aditi Banerjee,Female,31,Lucknow,Uttar Pradesh,North
CUST003235,Kabir Patel,Male,18,Nagpur,Maharashtra,West
CUST003236,Komal Goyal,Female,31,Pune,Maharashtra,West
CUST003237,Vikram Khanna,Male,37,Chandigarh,Chandigarh,North
CUST003238,Manya Khanna,Female,29,Coimbatore,Tamil Nadu,South
CUST003239,Ritesh Khanna,Male,18,Mumbai,Maharashtra,West
CUST003240,Shubham Menon,Male,47,Lucknow,Uttar Pradesh,North
CUST003241,Saurabh Naidu,Male,33,Patna,Bihar,East
CUST003242,Rishi Gupta,Male,25,Ahmedabad,Gujarat,West
CUST003243,Manya Bansal,Female,23,Bhopal,Madhya Pradesh,Central
CUST003244,Payal Tiwari,Female,29,Chennai,Tamil Nadu,South
CUST003245,Isha Singh,Female,34,Chennai,Tamil Nadu,South
CUST003246,Yash Thakur,Male,39,Ranchi,Jharkhand,East
CUST003247,Nikhil Joshi,Male,32,Jaipur,Rajasthan,North
CUST003248,Amit Agarwal,Male,23,Chennai,Tamil Nadu,South
CUST003249,Rohan Roy,Male,30,Kolkata,West Bengal,East
CUST003250,Vivek Srivastava,Male,29,Surat,Gujarat,West
CUST003251,Ritesh Gupta,Male,38,Raipur,Chhattisgarh,Central
CUST003252,Siddharth Mehta,Male,37,Kolkata,West Bengal,East
CUST003253,Kavya Naidu,Female,30,Kolkata,West Bengal,East
CUST003254,Arjun Khanna,Male,34,Pune,Maharashtra,West
CUST003255,Kunal Naidu,Male,18,Bengaluru,Karnataka,South
CUST003256,Harsh Bhatia,Male,39,Ranchi,Jharkhand,East
CUST003257,Amit Yadav,Male,43,Pune,Maharashtra,West
CUST003258,Mohit Srivastava,Male,33,Coimbatore,Tamil Nadu,South
CUST003259,Dev Naidu,Male,33,Bengaluru,Karnataka,South
CUST003260,Anushka Kumar,Female,23,Mumbai,Maharashtra,West
CUST003261,Manish Mishra,Male,37,Bengaluru,Karnataka,South
CUST003262,Nikhil Kapoor,Male,38,Bhubaneswar,Odisha,East
CUST003263,Abhishek Sharma,Male,39,Bhopal,Madhya Pradesh,Central
CUST003264,Sanya Deshmukh,Female,23,Coimbatore,Tamil Nadu,South
CUST003265,Sameer Das,Male,18,Surat,Gujarat,West
CUST003266,Ayush Shah,Male,36,Noida,Uttar Pradesh,North
CUST003267,Karan Mehta,Male,18,Mumbai,Maharashtra,West
CUST003268,Rohan Goyal,Male,28,Patna,Bihar,East
CUST003269,Swati Patel,Female,26,Mumbai,Maharashtra,West
CUST003270,Ankit Banerjee,Male,33,Mumbai,Maharashtra,West
CUST003271,Payal Joshi,Female,25,Mumbai,Maharashtra,West
CUST003272,Manish Joshi,Male,35,Indore,Madhya Pradesh,Central
CUST003273,Rishi Chopra,Male,40,Ahmedabad,Gujarat,West
CUST003274,Amit Mishra,Male,30,Delhi,Delhi,North
CUST003275,Rishi Banerjee,Male,27,Chennai,Tamil Nadu,South
CUST003276,Mohit Yadav,Male,26,Pune,Maharashtra,West
CUST003277,Varun Thakur,Male,28,Chennai,Tamil Nadu,South
CUST003278,Vivek Pillai,Male,30,Nagpur,Maharashtra,West
CUST003279,Neha Sethi,Female,35,Noida,Uttar Pradesh,North
CUST003280,Anushka Joshi,Female,39,Nagpur,Maharashtra,West
CUST003281,Vivek Kumar,Male,29,Delhi,Delhi,North
CUST003282,Yash Joshi,Male,35,Nagpur,Maharashtra,West
CUST003283,Swati Jain,Female,18,Raipur,Chhattisgarh,Central
CUST003284,Priya Pillai,Female,18,Mumbai,Maharashtra,West
CUST003285,Apoorva Patel,Female,40,Noida,Uttar Pradesh,North
CUST003286,Piyush Roy,Male,34,Chandigarh,Chandigarh,North
CUST003287,Palak Bansal,Female,24,Mumbai,Maharashtra,West
CUST003288,Kavya Chauhan,Female,22,Pune,Maharashtra,West
CUST003289,Ritika Menon,Female,27,Hyderabad,Telangana,South
CUST003290,Diya Menon,Female,31,Noida,Uttar Pradesh,North
CUST003291,Sakshi Goyal,Female,56,Delhi,Delhi,North
CUST003292,Shreya Shah,Female,26,Lucknow,Uttar Pradesh,North
CUST003293,Dhruv Shah,Male,27,Kolkata,West Bengal,East
CUST003294,Meera Menon,Female,45,Kolkata,West Bengal,East
CUST003295,Ananya Reddy,Female,33,Nagpur,Maharashtra,West
CUST003296,Avni Patel,Female,31,Jaipur,Rajasthan,North
CUST003297,Isha Bansal,Female,27,Surat,Gujarat,West
CUST003298,Kabir Agarwal,Male,24,Ahmedabad,Gujarat,West
CUST003299,Rishi Khanna,Male,27,Pune,Maharashtra,West
CUST003300,Aditya Mishra,Male,26,Raipur,Chhattisgarh,Central
CUST003301,Komal Pillai,Female,35,Jaipur,Rajasthan,North
CUST003302,Priya Sethi,Female,26,Patna,Bihar,East
CUST003303,Tushar Chauhan,Male,32,Mumbai,Maharashtra,West
CUST003304,Ritesh Kulkarni,Male,18,Kolkata,West Bengal,East
CUST003305,Rajat Thakur,Male,30,Pune,Maharashtra,West
CUST003306,Harsh Mehta,Male,41,Bengaluru,Karnataka,South
CUST003307,Anushka Jain,Female,24,Indore,Madhya Pradesh,Central
CUST003308,Pranav Banerjee,Male,20,Noida,Uttar Pradesh,North
CUST003309,Divya Malhotra,Female,24,Kolkata,West Bengal,East
CUST003310,Abhishek Srivastava,Male,28,Chennai,Tamil Nadu,South
CUST003311,Shreya Chatterjee,Female,18,Pune,Maharashtra,West
CUST003312,Piyush Nair,Male,43,Delhi,Delhi,North
CUST003313,Meera Verma,Female,38,Mumbai,Maharashtra,West
CUST003314,Kavya Chauhan,Female,46,Indore,Madhya Pradesh,Central
CUST003315,Komal Kulkarni,Female,34,Coimbatore,Tamil Nadu,South
CUST003316,Aditya Verma,Male,26,Chandigarh,Chandigarh,North
CUST003317,Sameer Chauhan,Male,22,Delhi,Delhi,North
CUST003318,Arjun Sharma,Male,34,Jaipur,Rajasthan,North
CUST003319,Simran Bhatia,Female,22,Delhi,Delhi,North
CUST003320,Tanvi Bhatia,Female,29,Pune,Maharashtra,West
CUST003321,Pranav Khanna,Male,23,Jaipur,Rajasthan,North
CUST003322,Varun Khanna,Male,27,Noida,Uttar Pradesh,North
CUST003323,Ananya Sharma,Female,39,Dehradun,Uttarakhand,North
CUST003324,Manish Kumar,Male,39,Hyderabad,Telangana,South
CUST003325,Dev Menon,Male,38,Chandigarh,Chandigarh,North
CUST003326,Aanya Bansal,Female,32,Raipur,Chhattisgarh,Central
CUST003327,Ananya Bhatia,Female,21,Mumbai,Maharashtra,West
CUST003328,Rohan Pillai,Male,27,Pune,Maharashtra,West
CUST003329,Riya Kulkarni,Female,18,Chennai,Tamil Nadu,South
CUST003330,Riya Kapoor,Female,30,Delhi,Delhi,North
CUST003331,Karan Reddy,Male,28,Mumbai,Maharashtra,West
CUST003332,Riya Saxena,Female,25,Indore,Madhya Pradesh,Central
CUST003333,Ritesh Chauhan,Male,30,Jaipur,Rajasthan,North
CUST003334,Abhishek Chopra,Male,36,Pune,Maharashtra,West
CUST003335,Komal Tripathi,Female,28,Patna,Bihar,East
CUST003336,Vikram Tiwari,Male,23,Hyderabad,Telangana,South
CUST003337,Pranav Das,Male,20,Mumbai,Maharashtra,West
CUST003338,Shubham Naidu,Male,41,Indore,Madhya Pradesh,Central
CUST003339,Varun Tripathi,Male,43,Kolkata,West Bengal,East
CUST003340,Harsh Jain,Male,42,Surat,Gujarat,West
CUST003341,Vikram Saxena,Male,26,Indore,Madhya Pradesh,Central
CUST003342,Kavya Mishra,Female,35,Kolkata,West Bengal,East
CUST003343,Ritesh Deshmukh,Male,34,Mumbai,Maharashtra,West
CUST003344,Dev Iyer,Male,18,Pune,Maharashtra,West
CUST003345,Manya Nair,Female,28,Ranchi,Jharkhand,East
CUST003346,Ritesh Menon,Male,36,Chennai,Tamil Nadu,South
CUST003347,Karan Tiwari,Male,26,Bengaluru,Karnataka,South
CUST003348,Nikhil Kulkarni,Male,34,Ahmedabad,Gujarat,West
CUST003349,Abhishek Verma,Male,35,Kolkata,West Bengal,East
CUST003350,Meera Roy,Female,35,Chennai,Tamil Nadu,South
CUST003351,Karan Singh,Male,27,Kolkata,West Bengal,East
CUST003352,Sanya Yadav,Female,30,Pune,Maharashtra,West
CUST003353,Dhruv Singh,Male,38,Ranchi,Jharkhand,East
CUST003354,Yash Roy,Male,31,Hyderabad,Telangana,South
CUST003355,Ishita Sethi,Female,36,Delhi,Delhi,North
CUST003356,Riya Kumar,Female,20,Mumbai,Maharashtra,West
CUST003357,Rohan Deshmukh,Male,28,Nagpur,Maharashtra,West
CUST003358,Anushka Pandey,Female,30,Ranchi,Jharkhand,East
CUST003359,Ishita Chopra,Female,38,Hyderabad,Telangana,South
CUST003360,Dhruv Jain,Male,26,Hyderabad,Telangana,South
CUST003361,Harsh Patel,Male,28,Kolkata,West Bengal,East
CUST003362,Vivek Pandey,Male,23,Ahmedabad,Gujarat,West
CUST003363,Gaurav Khanna,Male,26,Chennai,Tamil Nadu,South
CUST003364,Ankit Verma,Male,30,Coimbatore,Tamil Nadu,South
CUST003365,Nandini Mishra,Female,33,Delhi,Delhi,North
CUST003366,Avni Mehta,Female,37,Ranchi,Jharkhand,East
CUST003367,Rishi Bansal,Male,18,Delhi,Delhi,North
CUST003368,Akash Menon,Male,29,Mumbai,Maharashtra,West
CUST003369,Riya Pandey,Female,30,Jaipur,Rajasthan,North
CUST003370,Pooja Sharma,Female,25,Mumbai,Maharashtra,West
CUST003371,Shubham Bhatia,Male,28,Bengaluru,Karnataka,South
CUST003372,Shubham Bhatia,Male,18,Noida,Uttar Pradesh,North
CUST003373,Komal Verma,Female,27,Delhi,Delhi,North
CUST003374,Swati Nair,Female,18,Jaipur,Rajasthan,North
CUST003375,Amit Sharma,Male,24,Bengaluru,Karnataka,South
CUST003376,Ananya Jain,Female,29,Ahmedabad,Gujarat,West
CUST003377,Tushar Iyer,Male,41,Delhi,Delhi,North
CUST003378,Radhika Goyal,Female,42,Indore,Madhya Pradesh,Central
CUST003379,Sakshi Pandey,Female,31,Kochi,Kerala,South
CUST003380,Aditya Menon,Male,33,Mumbai,Maharashtra,West
CUST003381,Mohit Sinha,Male,19,Jaipur,Rajasthan,North
CUST003382,Kunal Bhatia,Male,34,Dehradun,Uttarakhand,North
CUST003383,Nandini Shah,Female,40,Indore,Madhya Pradesh,Central
CUST003384,Sameer Pillai,Male,33,Pune,Maharashtra,West
CUST003385,Anushka Agarwal,Female,36,Hyderabad,Telangana,South
CUST003386,Rishi Thakur,Male,31,Surat,Gujarat,West
CUST003387,Gaurav Verma,Male,28,Delhi,Delhi,North
CUST003388,Ishita Nair,Female,20,Surat,Gujarat,West
CUST003389,Neha Patel,Female,35,Hyderabad,Telangana,South
CUST003390,Aanya Pillai,Female,35,Mumbai,Maharashtra,West
CUST003391,Ayush Chopra,Male,25,Ranchi,Jharkhand,East
CUST003392,Nandini Joshi,Female,21,Ahmedabad,Gujarat,West
CUST003393,Sneha Banerjee,Female,31,Mumbai,Maharashtra,West
CUST003394,Simran Nair,Female,37,Jaipur,Rajasthan,North
CUST003395,Simran Joshi,Female,18,Bhubaneswar,Odisha,East
CUST003396,Priya Chauhan,Female,28,Mumbai,Maharashtra,West
CUST003397,Palak Chatterjee,Female,18,Pune,Maharashtra,West
CUST003398,Nisha Tiwari,Female,19,Noida,Uttar Pradesh,North
CUST003399,Gaurav Yadav,Male,36,Kolkata,West Bengal,East
CUST003400,Harsh Singh,Male,46,Chennai,Tamil Nadu,South
CUST003401,Shruti Rao,Female,36,Noida,Uttar Pradesh,North
CUST003402,Akash Das,Male,23,Hyderabad,Telangana,South
CUST003403,Nandini Das,Female,18,Bengaluru,Karnataka,South
CUST003404,Yash Mehta,Male,27,Jaipur,Rajasthan,North
CUST003405,Harsh Bansal,Male,26,Chennai,Tamil Nadu,South
CUST003406,Shruti Pillai,Female,25,Hyderabad,Telangana,South
CUST003407,Ritika Khanna,Female,36,Kolkata,West Bengal,East
CUST003408,Shreya Naidu,Female,22,Dehradun,Uttarakhand,North
CUST003409,Karan Tiwari,Male,18,Delhi,Delhi,North
CUST003410,Aditi Saxena,Female,27,Indore,Madhya Pradesh,Central
CUST003411,Akash Kapoor,Male,34,Bhubaneswar,Odisha,East
CUST003412,Mohit Menon,Male,21,Guwahati,Assam,East
CUST003413,Arjun Patel,Male,37,Hyderabad,Telangana,South
CUST003414,Aditya Banerjee,Male,23,Surat,Gujarat,West
CUST003415,Gaurav Deshmukh,Male,36,Coimbatore,Tamil Nadu,South
CUST003416,Aditi Mehta,Female,33,Lucknow,Uttar Pradesh,North
CUST003417,Simran Goyal,Female,39,Coimbatore,Tamil Nadu,South
CUST003418,Shubham Gupta,Male,22,Indore,Madhya Pradesh,Central
CUST003419,Avni Yadav,Female,35,Delhi,Delhi,North
CUST003420,Varun Saxena,Male,28,Ranchi,Jharkhand,East
CUST003421,Divya Goyal,Female,27,Coimbatore,Tamil Nadu,South
CUST003422,Shruti Pandey,Female,40,Dehradun,Uttarakhand,North
CUST003423,Simran Agarwal,Female,23,Delhi,Delhi,North
CUST003424,Komal Tiwari,Female,20,Kolkata,West Bengal,East
CUST003425,Piyush Shah,Male,24,Kolkata,West Bengal,East
CUST003426,Divya Rao,Female,29,Indore,Madhya Pradesh,Central
CUST003427,Shreya Sethi,Female,24,Delhi,Delhi,North
CUST003428,Apoorva Banerjee,Female,35,Kolkata,West Bengal,East
CUST003429,Aditya Kulkarni,Male,38,Mumbai,Maharashtra,West
CUST003430,Payal Das,Female,27,Pune,Maharashtra,West
CUST003431,Amit Sharma,Male,33,Pune,Maharashtra,West
CUST003432,Isha Kapoor,Female,18,Mumbai,Maharashtra,West
CUST003433,Radhika Pandey,Female,34,Mumbai,Maharashtra,West
CUST003434,Mohit Patel,Male,35,Ahmedabad,Gujarat,West
CUST003435,Nandini Chopra,Female,33,Kolkata,West Bengal,East
CUST003436,Arjun Verma,Male,29,Surat,Gujarat,West
CUST003437,Pranav Yadav,Male,41,Patna,Bihar,East
CUST003438,Priya Rao,Female,18,Surat,Gujarat,West
CUST003439,Tushar Naidu,Male,19,Mumbai,Maharashtra,West
CUST003440,Simran Sethi,Female,34,Lucknow,Uttar Pradesh,North
CUST003441,Nandini Mishra,Female,37,Kochi,Kerala,South
CUST003442,Vivek Agarwal,Male,23,Ahmedabad,Gujarat,West
CUST003443,Amit Joshi,Male,27,Chandigarh,Chandigarh,North
CUST003444,Apoorva Agarwal,Female,33,Kolkata,West Bengal,East
CUST003445,Varun Chopra,Male,27,Surat,Gujarat,West
CUST003446,Kavya Chopra,Female,33,Jaipur,Rajasthan,North
CUST003447,Rahul Chopra,Male,30,Noida,Uttar Pradesh,North
CUST003448,Radhika Singh,Female,41,Bhopal,Madhya Pradesh,Central
CUST003449,Tushar Chatterjee,Male,35,Jaipur,Rajasthan,North
CUST003450,Ritesh Naidu,Male,18,Pune,Maharashtra,West
CUST003451,Vikram Shah,Male,28,Chennai,Tamil Nadu,South
CUST003452,Vivek Bansal,Male,31,Noida,Uttar Pradesh,North
CUST003453,Nisha Deshmukh,Female,19,Delhi,Delhi,North
CUST003454,Saurabh Nair,Male,23,Lucknow,Uttar Pradesh,North
CUST003455,Dev Gupta,Male,30,Bengaluru,Karnataka,South
CUST003456,Swati Kulkarni,Female,23,Delhi,Delhi,North
CUST003457,Vikram Menon,Male,22,Mumbai,Maharashtra,West
CUST003458,Muskan Das,Female,32,Lucknow,Uttar Pradesh,North
CUST003459,Aanya Thakur,Female,28,Mumbai,Maharashtra,West
CUST003460,Sneha Singh,Female,28,Lucknow,Uttar Pradesh,North
CUST003461,Aarav Gupta,Male,33,Delhi,Delhi,North
CUST003462,Rohan Bansal,Male,24,Mumbai,Maharashtra,West
CUST003463,Ayush Sethi,Male,28,Surat,Gujarat,West
CUST003464,Pooja Yadav,Female,30,Noida,Uttar Pradesh,North
CUST003465,Ishita Chauhan,Female,32,Indore,Madhya Pradesh,Central
CUST003466,Diya Malhotra,Female,18,Ranchi,Jharkhand,East
CUST003467,Nandini Bhatia,Female,47,Kolkata,West Bengal,East
CUST003468,Vikram Jain,Male,40,Mumbai,Maharashtra,West
CUST003469,Manish Shah,Male,35,Noida,Uttar Pradesh,North
CUST003470,Meera Nair,Female,30,Pune,Maharashtra,West
CUST003471,Ayush Verma,Male,23,Bengaluru,Karnataka,South
CUST003472,Kabir Kulkarni,Male,38,Hyderabad,Telangana,South
CUST003473,Simran Pillai,Female,41,Bengaluru,Karnataka,South
CUST003474,Pranav Sharma,Male,28,Ahmedabad,Gujarat,West
CUST003475,Yash Shah,Male,18,Hyderabad,Telangana,South
CUST003476,Arjun Kulkarni,Male,31,Mumbai,Maharashtra,West
CUST003477,Ankit Nair,Male,27,Ranchi,Jharkhand,East
CUST003478,Divya Roy,Female,23,Ahmedabad,Gujarat,West
CUST003479,Isha Menon,Female,39,Hyderabad,Telangana,South
CUST003480,Neha Kulkarni,Female,32,Kolkata,West Bengal,East
CUST003481,Priya Agarwal,Female,26,Guwahati,Assam,East
CUST003482,Divya Chopra,Female,46,Mumbai,Maharashtra,West
CUST003483,Dhruv Naidu,Male,35,Hyderabad,Telangana,South
CUST003484,Harsh Mishra,Male,38,Bengaluru,Karnataka,South
CUST003485,Payal Naidu,Female,22,Patna,Bihar,East
CUST003486,Tanvi Das,Female,25,Noida,Uttar Pradesh,North
CUST003487,Tushar Tripathi,Male,29,Guwahati,Assam,East
CUST003488,Rohan Menon,Male,32,Hyderabad,Telangana,South
CUST003489,Payal Patel,Female,18,Hyderabad,Telangana,South
CUST003490,Yash Goyal,Male,32,Ahmedabad,Gujarat,West
CUST003491,Meera Verma,Female,49,Nagpur,Maharashtra,West
CUST003492,Rishi Mishra,Male,20,Mumbai,Maharashtra,West
CUST003493,Muskan Saxena,Female,22,Ahmedabad,Gujarat,West
CUST003494,Sanya Deshmukh,Female,37,Noida,Uttar Pradesh,North
CUST003495,Manya Agarwal,Female,28,Coimbatore,Tamil Nadu,South
CUST003496,Aditi Yadav,Female,33,Bengaluru,Karnataka,South
CUST003497,Nandini Joshi,Female,31,Pune,Maharashtra,West
CUST003498,Khushi Kulkarni,Female,18,Indore,Madhya Pradesh,Central
CUST003499,Rajat Banerjee,Male,35,Ahmedabad,Gujarat,West
CUST003500,Kabir Patel,Male,29,Nagpur,Maharashtra,West
CUST003501,Akash Deshmukh,Male,32,Pune,Maharashtra,West
CUST003502,Ritesh Pillai,Male,32,Jaipur,Rajasthan,North
CUST003503,Ritesh Joshi,Male,23,Bhubaneswar,Odisha,East
CUST003504,Karan Nair,Male,32,Patna,Bihar,East
CUST003505,Tushar Mishra,Male,29,Ahmedabad,Gujarat,West
CUST003506,Shubham Arora,Male,26,Mumbai,Maharashtra,West
CUST003507,Harsh Sethi,Male,35,Lucknow,Uttar Pradesh,North
CUST003508,Kunal Agarwal,Male,23,Kochi,Kerala,South
CUST003509,Yash Jain,Male,37,Jaipur,Rajasthan,North
CUST003510,Ishita Rao,Female,36,Hyderabad,Telangana,South
CUST003511,Ankit Shah,Male,32,Delhi,Delhi,North
CUST003512,Arjun Bhatia,Male,47,Chennai,Tamil Nadu,South
CUST003513,Shubham Goyal,Male,23,Bengaluru,Karnataka,South
CUST003514,Dev Agarwal,Male,34,Delhi,Delhi,North
CUST003515,Isha Patel,Female,32,Chandigarh,Chandigarh,North
CUST003516,Dhruv Khanna,Male,25,Pune,Maharashtra,West
CUST003517,Riya Pandey,Female,28,Noida,Uttar Pradesh,North
CUST003518,Vivek Gupta,Male,28,Ahmedabad,Gujarat,West
CUST003519,Aditya Shah,Male,43,Ahmedabad,Gujarat,West
CUST003520,Apoorva Pandey,Female,25,Chandigarh,Chandigarh,North
CUST003521,Ayush Reddy,Male,38,Hyderabad,Telangana,South
CUST003522,Priya Singh,Female,19,Pune,Maharashtra,West
CUST003523,Rajat Pandey,Male,22,Dehradun,Uttarakhand,North
CUST003524,Yash Roy,Male,20,Kolkata,West Bengal,East
CUST003525,Shruti Tripathi,Female,38,Ahmedabad,Gujarat,West
CUST003526,Divya Gupta,Female,21,Lucknow,Uttar Pradesh,North
CUST003527,Apoorva Singh,Female,23,Lucknow,Uttar Pradesh,North
CUST003528,Ayush Goyal,Male,23,Lucknow,Uttar Pradesh,North
CUST003529,Ishita Pillai,Female,23,Indore,Madhya Pradesh,Central
CUST003530,Kavya Mehta,Female,36,Delhi,Delhi,North
CUST003531,Nikhil Thakur,Male,25,Kolkata,West Bengal,East
CUST003532,Saurabh Kumar,Male,41,Surat,Gujarat,West
CUST003533,Ritika Shah,Female,39,Dehradun,Uttarakhand,North
CUST003534,Rohan Saxena,Male,26,Kolkata,West Bengal,East
CUST003535,Rahul Tiwari,Male,42,Jaipur,Rajasthan,North
CUST003536,Harsh Arora,Male,42,Kochi,Kerala,South
CUST003537,Siddharth Chopra,Male,19,Chennai,Tamil Nadu,South
CUST003538,Saurabh Yadav,Male,41,Hyderabad,Telangana,South
CUST003539,Vikram Shah,Male,18,Bengaluru,Karnataka,South
CUST003540,Sneha Bansal,Female,29,Bengaluru,Karnataka,South
CUST003541,Varun Patel,Male,26,Guwahati,Assam,East
CUST003542,Abhishek Srivastava,Male,39,Bengaluru,Karnataka,South
CUST003543,Tanvi Chauhan,Female,32,Bhubaneswar,Odisha,East
CUST003544,Harsh Das,Male,34,Mumbai,Maharashtra,West
CUST003545,Divya Malhotra,Female,18,Bengaluru,Karnataka,South
CUST003546,Yash Tiwari,Male,21,Delhi,Delhi,North
CUST003547,Nisha Kapoor,Female,23,Noida,Uttar Pradesh,North
CUST003548,Palak Goyal,Female,26,Lucknow,Uttar Pradesh,North
CUST003549,Nisha Reddy,Female,39,Hyderabad,Telangana,South
CUST003550,Priya Shah,Female,33,Guwahati,Assam,East
CUST003551,Simran Mehta,Female,21,Hyderabad,Telangana,South
CUST003552,Kavya Chatterjee,Female,25,Delhi,Delhi,North
CUST003553,Harsh Saxena,Male,54,Pune,Maharashtra,West
CUST003554,Rahul Goyal,Male,38,Bengaluru,Karnataka,South
CUST003555,Tushar Gupta,Male,36,Ahmedabad,Gujarat,West
CUST003556,Meera Saxena,Female,35,Ahmedabad,Gujarat,West
CUST003557,Ritesh Naidu,Male,36,Raipur,Chhattisgarh,Central
CUST003558,Vikram Tripathi,Male,26,Delhi,Delhi,North
CUST003559,Aarav Sinha,Male,21,Patna,Bihar,East
CUST003560,Rahul Das,Male,29,Chennai,Tamil Nadu,South
CUST003561,Shubham Sharma,Male,24,Mumbai,Maharashtra,West
CUST003562,Varun Yadav,Male,32,Delhi,Delhi,North
CUST003563,Riya Kulkarni,Female,21,Raipur,Chhattisgarh,Central
CUST003564,Diya Roy,Female,18,Noida,Uttar Pradesh,North
CUST003565,Kavya Tripathi,Female,48,Dehradun,Uttarakhand,North
CUST003566,Payal Goyal,Female,30,Bengaluru,Karnataka,South
CUST003567,Apoorva Sethi,Female,39,Dehradun,Uttarakhand,North
CUST003568,Ishita Khanna,Female,38,Delhi,Delhi,North
CUST003569,Simran Reddy,Female,29,Indore,Madhya Pradesh,Central
CUST003570,Radhika Reddy,Female,24,Pune,Maharashtra,West
CUST003571,Shubham Das,Male,43,Kolkata,West Bengal,East
CUST003572,Pranav Iyer,Male,27,Ranchi,Jharkhand,East
CUST003573,Aanya Bhatia,Female,35,Indore,Madhya Pradesh,Central
CUST003574,Avni Sinha,Female,34,Lucknow,Uttar Pradesh,North
CUST003575,Manya Khanna,Female,23,Chennai,Tamil Nadu,South
CUST003576,Kunal Chopra,Male,22,Surat,Gujarat,West
CUST003577,Pranav Bhatia,Male,30,Mumbai,Maharashtra,West
CUST003578,Avni Kapoor,Female,25,Delhi,Delhi,North
CUST003579,Rajat Das,Male,21,Pune,Maharashtra,West
CUST003580,Muskan Jain,Female,20,Kolkata,West Bengal,East
CUST003581,Amit Arora,Male,29,Indore,Madhya Pradesh,Central
CUST003582,Piyush Roy,Male,29,Indore,Madhya Pradesh,Central
CUST003583,Palak Sinha,Female,18,Kochi,Kerala,South
CUST003584,Nisha Bhatia,Female,27,Mumbai,Maharashtra,West
CUST003585,Manish Naidu,Male,43,Ranchi,Jharkhand,East
CUST003586,Nikhil Yadav,Male,18,Mumbai,Maharashtra,West
CUST003587,Yash Menon,Male,21,Mumbai,Maharashtra,West
CUST003588,Shruti Das,Female,28,Mumbai,Maharashtra,West
CUST003589,Arjun Chatterjee,Male,24,Pune,Maharashtra,West
CUST003590,Muskan Kulkarni,Female,20,Kochi,Kerala,South
CUST003591,Rajat Naidu,Male,33,Dehradun,Uttarakhand,North
CUST003592,Gaurav Gupta,Male,29,Guwahati,Assam,East
CUST003593,Gaurav Srivastava,Male,18,Ahmedabad,Gujarat,West
CUST003594,Ananya Singh,Female,35,Hyderabad,Telangana,South
CUST003595,Pranav Agarwal,Male,24,Hyderabad,Telangana,South
CUST003596,Rishi Das,Male,18,Kolkata,West Bengal,East
CUST003597,Anushka Bhatia,Female,28,Ahmedabad,Gujarat,West
CUST003598,Gaurav Sharma,Male,23,Bengaluru,Karnataka,South
CUST003599,Nikhil Tripathi,Male,25,Raipur,Chhattisgarh,Central
CUST003600,Neha Chauhan,Female,31,Ahmedabad,Gujarat,West
CUST003601,Rajat Singh,Male,25,Surat,Gujarat,West
CUST003602,Tanvi Verma,Female,33,Delhi,Delhi,North
CUST003603,Shreya Saxena,Female,23,Noida,Uttar Pradesh,North
CUST003604,Gaurav Sinha,Male,26,Kochi,Kerala,South
CUST003605,Simran Reddy,Female,27,Bengaluru,Karnataka,South
CUST003606,Avni Sethi,Female,38,Nagpur,Maharashtra,West
CUST003607,Riya Sethi,Female,30,Chennai,Tamil Nadu,South
CUST003608,Vikram Sinha,Male,36,Delhi,Delhi,North
CUST003609,Gaurav Iyer,Male,25,Surat,Gujarat,West
CUST003610,Tanvi Kapoor,Female,31,Bengaluru,Karnataka,South
CUST003611,Saurabh Pandey,Male,32,Surat,Gujarat,West
CUST003612,Divya Khanna,Female,27,Hyderabad,Telangana,South
CUST003613,Aditya Nair,Male,23,Mumbai,Maharashtra,West
CUST003614,Kabir Sharma,Male,22,Delhi,Delhi,North
CUST003615,Shubham Jain,Male,41,Hyderabad,Telangana,South
CUST003616,Tushar Menon,Male,21,Pune,Maharashtra,West
CUST003617,Radhika Khanna,Female,23,Delhi,Delhi,North
CUST003618,Vikram Reddy,Male,37,Chandigarh,Chandigarh,North
CUST003619,Sakshi Tripathi,Female,27,Ahmedabad,Gujarat,West
CUST003620,Kavya Goyal,Female,28,Mumbai,Maharashtra,West
CUST003621,Sakshi Bansal,Female,18,Kolkata,West Bengal,East
CUST003622,Ankit Yadav,Male,27,Jaipur,Rajasthan,North
CUST003623,Swati Malhotra,Female,21,Kochi,Kerala,South
CUST003624,Abhishek Bansal,Male,20,Mumbai,Maharashtra,West
CUST003625,Ayush Gupta,Male,32,Delhi,Delhi,North
CUST003626,Harsh Sinha,Male,38,Bengaluru,Karnataka,South
CUST003627,Meera Agarwal,Female,36,Dehradun,Uttarakhand,North
CUST003628,Kavya Sinha,Female,31,Dehradun,Uttarakhand,North
CUST003629,Vikram Banerjee,Male,28,Bengaluru,Karnataka,South
CUST003630,Piyush Mishra,Male,20,Indore,Madhya Pradesh,Central
CUST003631,Ayush Jain,Male,29,Pune,Maharashtra,West
CUST003632,Diya Jain,Female,20,Chennai,Tamil Nadu,South
CUST003633,Sameer Shah,Male,31,Kolkata,West Bengal,East
CUST003634,Nisha Yadav,Female,28,Bengaluru,Karnataka,South
CUST003635,Sanya Das,Female,39,Noida,Uttar Pradesh,North
CUST003636,Sameer Iyer,Male,39,Lucknow,Uttar Pradesh,North
CUST003637,Ayush Menon,Male,38,Surat,Gujarat,West
CUST003638,Manya Tripathi,Female,20,Hyderabad,Telangana,South
CUST003639,Vivek Roy,Male,27,Bhubaneswar,Odisha,East
CUST003640,Rishi Nair,Male,32,Chennai,Tamil Nadu,South
CUST003641,Dev Agarwal,Male,36,Delhi,Delhi,North
CUST003642,Anushka Roy,Female,40,Dehradun,Uttarakhand,North
CUST003643,Payal Tripathi,Female,28,Pune,Maharashtra,West
CUST003644,Komal Gupta,Female,28,Ahmedabad,Gujarat,West
CUST003645,Karan Naidu,Male,18,Pune,Maharashtra,West
CUST003646,Sneha Das,Female,41,Delhi,Delhi,North
CUST003647,Isha Naidu,Female,32,Kochi,Kerala,South
CUST003648,Vivek Yadav,Male,44,Surat,Gujarat,West
CUST003649,Swati Chopra,Female,32,Indore,Madhya Pradesh,Central
CUST003650,Tushar Mehta,Male,20,Dehradun,Uttarakhand,North
CUST003651,Akash Iyer,Male,48,Jaipur,Rajasthan,North
CUST003652,Yash Pandey,Male,31,Pune,Maharashtra,West
CUST003653,Akash Khanna,Male,31,Bhubaneswar,Odisha,East
CUST003654,Meera Pillai,Female,31,Ahmedabad,Gujarat,West
CUST003655,Isha Srivastava,Female,33,Chennai,Tamil Nadu,South
CUST003656,Piyush Kumar,Male,35,Hyderabad,Telangana,South
CUST003657,Tushar Bhatia,Male,35,Pune,Maharashtra,West
CUST003658,Ayush Srivastava,Male,22,Bengaluru,Karnataka,South
CUST003659,Kabir Saxena,Male,35,Chennai,Tamil Nadu,South
CUST003660,Ananya Naidu,Female,30,Noida,Uttar Pradesh,North
CUST003661,Saurabh Tiwari,Male,45,Ahmedabad,Gujarat,West
CUST003662,Yash Tripathi,Male,25,Chennai,Tamil Nadu,South
CUST003663,Aarav Malhotra,Male,35,Ahmedabad,Gujarat,West
CUST003664,Gaurav Banerjee,Male,37,Chennai,Tamil Nadu,South
CUST003665,Isha Arora,Female,36,Delhi,Delhi,North
CUST003666,Palak Pillai,Female,24,Kolkata,West Bengal,East
CUST003667,Aditya Bhatia,Male,40,Raipur,Chhattisgarh,Central
CUST003668,Varun Banerjee,Male,30,Ahmedabad,Gujarat,West
CUST003669,Avni Iyer,Female,25,Bengaluru,Karnataka,South
CUST003670,Sanya Arora,Female,44,Bengaluru,Karnataka,South
CUST003671,Abhishek Reddy,Male,18,Kochi,Kerala,South
CUST003672,Komal Patel,Female,21,Patna,Bihar,East
CUST003673,Priya Chopra,Female,18,Dehradun,Uttarakhand,North
CUST003674,Sameer Naidu,Male,24,Chennai,Tamil Nadu,South
CUST003675,Aarav Shah,Male,29,Mumbai,Maharashtra,West
CUST003676,Diya Tiwari,Female,23,Chennai,Tamil Nadu,South
CUST003677,Karan Thakur,Male,41,Bengaluru,Karnataka,South
CUST003678,Ritika Chauhan,Female,33,Pune,Maharashtra,West
CUST003679,Aanya Rao,Female,49,Kolkata,West Bengal,East
CUST003680,Rajat Kapoor,Male,30,Ranchi,Jharkhand,East
CUST003681,Rahul Gupta,Male,29,Bhopal,Madhya Pradesh,Central
CUST003682,Priya Kulkarni,Female,23,Pune,Maharashtra,West
CUST003683,Ritika Saxena,Female,38,Lucknow,Uttar Pradesh,North
CUST003684,Saurabh Tripathi,Male,30,Surat,Gujarat,West
CUST003685,Rishi Tiwari,Male,40,Ranchi,Jharkhand,East
CUST003686,Meera Sethi,Female,28,Mumbai,Maharashtra,West
CUST003687,Manish Chauhan,Male,36,Delhi,Delhi,North
CUST003688,Komal Roy,Female,28,Mumbai,Maharashtra,West
CUST003689,Diya Sharma,Female,27,Bengaluru,Karnataka,South
CUST003690,Dev Kapoor,Male,31,Jaipur,Rajasthan,North
CUST003691,Ritika Das,Female,25,Delhi,Delhi,North
CUST003692,Piyush Patel,Male,35,Pune,Maharashtra,West
CUST003693,Kunal Malhotra,Male,31,Noida,Uttar Pradesh,North
CUST003694,Pooja Nair,Female,18,Bengaluru,Karnataka,South
CUST003695,Ayush Mehta,Male,38,Hyderabad,Telangana,South
CUST003696,Divya Patel,Female,23,Bhopal,Madhya Pradesh,Central
CUST003697,Karan Arora,Male,18,Bengaluru,Karnataka,South
CUST003698,Palak Kulkarni,Female,30,Ahmedabad,Gujarat,West
CUST003699,Dhruv Shah,Male,36,Raipur,Chhattisgarh,Central
CUST003700,Akash Agarwal,Male,42,Mumbai,Maharashtra,West
CUST003701,Rajat Roy,Male,27,Pune,Maharashtra,West
CUST003702,Rahul Thakur,Male,32,Chennai,Tamil Nadu,South
CUST003703,Neha Iyer,Female,22,Patna,Bihar,East
CUST003704,Kabir Pillai,Male,39,Pune,Maharashtra,West
CUST003705,Muskan Pandey,Female,38,Kochi,Kerala,South
CUST003706,Meera Joshi,Female,28,Bengaluru,Karnataka,South
CUST003707,Meera Singh,Female,45,Ahmedabad,Gujarat,West
CUST003708,Vivek Singh,Male,28,Kochi,Kerala,South
CUST003709,Muskan Das,Female,39,Indore,Madhya Pradesh,Central
CUST003710,Khushi Agarwal,Female,22,Pune,Maharashtra,West
CUST003711,Kunal Nair,Male,27,Ahmedabad,Gujarat,West
CUST003712,Rishi Sethi,Male,18,Lucknow,Uttar Pradesh,North
CUST003713,Rajat Rao,Male,25,Lucknow,Uttar Pradesh,North
CUST003714,Apoorva Thakur,Female,26,Mumbai,Maharashtra,West
CUST003715,Apoorva Nair,Female,37,Bengaluru,Karnataka,South
CUST003716,Swati Banerjee,Female,27,Jaipur,Rajasthan,North
CUST003717,Ankit Pandey,Male,27,Lucknow,Uttar Pradesh,North
CUST003718,Mohit Bhatia,Male,27,Bengaluru,Karnataka,South
CUST003719,Gaurav Roy,Male,26,Chandigarh,Chandigarh,North
CUST003720,Kunal Menon,Male,34,Delhi,Delhi,North
CUST003721,Sameer Agarwal,Male,34,Bengaluru,Karnataka,South
CUST003722,Abhishek Verma,Male,28,Ranchi,Jharkhand,East
CUST003723,Avni Iyer,Female,27,Delhi,Delhi,North
CUST003724,Rahul Pillai,Male,39,Kolkata,West Bengal,East
CUST003725,Saurabh Kapoor,Male,37,Delhi,Delhi,North
CUST003726,Akash Reddy,Male,27,Nagpur,Maharashtra,West
CUST003727,Dhruv Nair,Male,32,Jaipur,Rajasthan,North
CUST003728,Simran Sinha,Female,40,Raipur,Chhattisgarh,Central
CUST003729,Rishi Pillai,Male,22,Dehradun,Uttarakhand,North
CUST003730,Manya Sethi,Female,19,Pune,Maharashtra,West
CUST003731,Priya Verma,Female,45,Kolkata,West Bengal,East
CUST003732,Amit Thakur,Male,26,Chennai,Tamil Nadu,South
CUST003733,Gaurav Sinha,Male,28,Chennai,Tamil Nadu,South
CUST003734,Palak Shah,Female,28,Lucknow,Uttar Pradesh,North
CUST003735,Pooja Bhatia,Female,25,Noida,Uttar Pradesh,North
CUST003736,Sneha Agarwal,Female,23,Kolkata,West Bengal,East
CUST003737,Saurabh Sinha,Male,27,Nagpur,Maharashtra,West
CUST003738,Khushi Jain,Female,38,Ahmedabad,Gujarat,West
CUST003739,Isha Kulkarni,Female,24,Delhi,Delhi,North
CUST003740,Muskan Bhatia,Female,22,Lucknow,Uttar Pradesh,North
CUST003741,Aditya Banerjee,Male,34,Lucknow,Uttar Pradesh,North
CUST003742,Piyush Srivastava,Male,32,Mumbai,Maharashtra,West
CUST003743,Neha Naidu,Female,31,Delhi,Delhi,North
CUST003744,Kavya Kumar,Female,24,Delhi,Delhi,North
CUST003745,Anushka Iyer,Female,34,Guwahati,Assam,East
CUST003746,Tanvi Yadav,Female,36,Nagpur,Maharashtra,West
CUST003747,Tanvi Saxena,Female,26,Kolkata,West Bengal,East
CUST003748,Sanya Kumar,Female,21,Kochi,Kerala,South
CUST003749,Dhruv Arora,Male,27,Lucknow,Uttar Pradesh,North
CUST003750,Pranav Goyal,Male,39,Mumbai,Maharashtra,West
CUST003751,Amit Naidu,Male,18,Hyderabad,Telangana,South
CUST003752,Sanya Yadav,Female,36,Coimbatore,Tamil Nadu,South
CUST003753,Riya Goyal,Female,32,Chandigarh,Chandigarh,North
CUST003754,Simran Gupta,Female,36,Chennai,Tamil Nadu,South
CUST003755,Rohan Verma,Male,36,Noida,Uttar Pradesh,North
CUST003756,Shreya Gupta,Female,27,Mumbai,Maharashtra,West
CUST003757,Tushar Reddy,Male,38,Noida,Uttar Pradesh,North
CUST003758,Manish Saxena,Male,35,Bengaluru,Karnataka,South
CUST003759,Simran Menon,Female,25,Mumbai,Maharashtra,West
CUST003760,Khushi Khanna,Female,49,Delhi,Delhi,North
CUST003761,Riya Bansal,Female,35,Delhi,Delhi,North
CUST003762,Kunal Khanna,Male,21,Surat,Gujarat,West
CUST003763,Ritika Rao,Female,18,Nagpur,Maharashtra,West
CUST003764,Isha Saxena,Female,27,Delhi,Delhi,North
CUST003765,Rajat Saxena,Male,45,Delhi,Delhi,North
CUST003766,Dhruv Yadav,Male,28,Dehradun,Uttarakhand,North
CUST003767,Riya Bansal,Female,24,Mumbai,Maharashtra,West
CUST003768,Ayush Agarwal,Male,18,Chennai,Tamil Nadu,South
CUST003769,Shruti Banerjee,Female,18,Mumbai,Maharashtra,West
CUST003770,Ankit Agarwal,Male,31,Ahmedabad,Gujarat,West
CUST003771,Abhishek Shah,Male,31,Indore,Madhya Pradesh,Central
CUST003772,Karan Naidu,Male,37,Bengaluru,Karnataka,South
CUST003773,Khushi Agarwal,Female,18,Indore,Madhya Pradesh,Central
CUST003774,Rohan Sinha,Male,30,Nagpur,Maharashtra,West
CUST003775,Meera Chopra,Female,35,Hyderabad,Telangana,South
CUST003776,Dhruv Tiwari,Male,36,Pune,Maharashtra,West
CUST003777,Ritika Thakur,Female,33,Noida,Uttar Pradesh,North
CUST003778,Sameer Chopra,Male,38,Hyderabad,Telangana,South
CUST003779,Nikhil Singh,Male,29,Jaipur,Rajasthan,North
CUST003780,Ankit Chauhan,Male,18,Surat,Gujarat,West
CUST003781,Muskan Deshmukh,Female,30,Chennai,Tamil Nadu,South
CUST003782,Shubham Joshi,Male,27,Lucknow,Uttar Pradesh,North
CUST003783,Riya Agarwal,Female,48,Mumbai,Maharashtra,West
CUST003784,Isha Bhatia,Female,19,Surat,Gujarat,West
CUST003785,Dhruv Pandey,Male,21,Nagpur,Maharashtra,West
CUST003786,Rajat Malhotra,Male,26,Pune,Maharashtra,West
CUST003787,Kavya Arora,Female,28,Mumbai,Maharashtra,West
CUST003788,Aanya Arora,Female,35,Dehradun,Uttarakhand,North
CUST003789,Swati Agarwal,Female,33,Delhi,Delhi,North
CUST003790,Vikram Singh,Male,33,Jaipur,Rajasthan,North
CUST003791,Avni Banerjee,Female,26,Chennai,Tamil Nadu,South
CUST003792,Mohit Pillai,Male,23,Noida,Uttar Pradesh,North
CUST003793,Anushka Chopra,Female,23,Hyderabad,Telangana,South
CUST003794,Akash Verma,Male,27,Ahmedabad,Gujarat,West
CUST003795,Aditi Mishra,Female,18,Jaipur,Rajasthan,North
CUST003796,Kavya Tripathi,Female,28,Bengaluru,Karnataka,South
CUST003797,Varun Kulkarni,Male,31,Chandigarh,Chandigarh,North
CUST003798,Mohit Reddy,Male,25,Mumbai,Maharashtra,West
CUST003799,Shubham Srivastava,Male,33,Pune,Maharashtra,West
CUST003800,Abhishek Sharma,Male,36,Ahmedabad,Gujarat,West
CUST003801,Priya Pandey,Female,34,Mumbai,Maharashtra,West
CUST003802,Ankit Bhatia,Male,35,Ahmedabad,Gujarat,West
CUST003803,Aanya Deshmukh,Female,34,Chennai,Tamil Nadu,South
CUST003804,Gaurav Agarwal,Male,36,Hyderabad,Telangana,South
CUST003805,Sameer Roy,Male,41,Hyderabad,Telangana,South
CUST003806,Payal Thakur,Female,30,Mumbai,Maharashtra,West
CUST003807,Simran Arora,Female,28,Bhubaneswar,Odisha,East
CUST003808,Komal Tripathi,Female,30,Hyderabad,Telangana,South
CUST003809,Yash Mishra,Male,28,Patna,Bihar,East
CUST003810,Isha Sethi,Female,18,Jaipur,Rajasthan,North
CUST003811,Piyush Jain,Male,28,Bengaluru,Karnataka,South
CUST003812,Yash Srivastava,Male,40,Dehradun,Uttarakhand,North
CUST003813,Aanya Agarwal,Female,30,Bengaluru,Karnataka,South
CUST003814,Rohan Sethi,Male,34,Kolkata,West Bengal,East
CUST003815,Radhika Kapoor,Female,29,Bengaluru,Karnataka,South
CUST003816,Palak Kulkarni,Female,21,Kolkata,West Bengal,East
CUST003817,Yash Pillai,Male,32,Noida,Uttar Pradesh,North
CUST003818,Rohan Roy,Male,31,Mumbai,Maharashtra,West
CUST003819,Radhika Khanna,Female,29,Bengaluru,Karnataka,South
CUST003820,Vikram Arora,Male,31,Nagpur,Maharashtra,West
CUST003821,Manya Agarwal,Female,30,Chennai,Tamil Nadu,South
CUST003822,Neha Mishra,Female,40,Bhubaneswar,Odisha,East
CUST003823,Nandini Reddy,Female,20,Guwahati,Assam,East
CUST003824,Varun Reddy,Male,26,Bengaluru,Karnataka,South
CUST003825,Karan Khanna,Male,36,Bhopal,Madhya Pradesh,Central
CUST003826,Saurabh Srivastava,Male,42,Jaipur,Rajasthan,North
CUST003827,Rishi Bhatia,Male,28,Chandigarh,Chandigarh,North
CUST003828,Swati Nair,Female,33,Chandigarh,Chandigarh,North
CUST003829,Vikram Goyal,Male,34,Coimbatore,Tamil Nadu,South
CUST003830,Varun Malhotra,Male,23,Kochi,Kerala,South
CUST003831,Kunal Sinha,Male,34,Kolkata,West Bengal,East
CUST003832,Isha Sharma,Female,42,Bengaluru,Karnataka,South
CUST003833,Dev Reddy,Male,43,Pune,Maharashtra,West
CUST003834,Varun Thakur,Male,33,Patna,Bihar,East
CUST003835,Akash Chopra,Male,20,Ranchi,Jharkhand,East
CUST003836,Manya Reddy,Female,28,Delhi,Delhi,North
CUST003837,Arjun Chauhan,Male,28,Pune,Maharashtra,West
CUST003838,Kavya Iyer,Female,24,Pune,Maharashtra,West
CUST003839,Pranav Sethi,Male,20,Bengaluru,Karnataka,South
CUST003840,Tanvi Banerjee,Female,20,Patna,Bihar,East
CUST003841,Manish Khanna,Male,18,Bengaluru,Karnataka,South
CUST003842,Vivek Kulkarni,Male,25,Delhi,Delhi,North
CUST003843,Kunal Naidu,Male,26,Hyderabad,Telangana,South
CUST003844,Palak Pandey,Female,22,Chennai,Tamil Nadu,South
CUST003845,Avni Arora,Female,30,Mumbai,Maharashtra,West
CUST003846,Pranav Deshmukh,Male,38,Noida,Uttar Pradesh,North
CUST003847,Ritika Patel,Female,31,Chennai,Tamil Nadu,South
CUST003848,Komal Jain,Female,33,Lucknow,Uttar Pradesh,North
CUST003849,Swati Sharma,Female,33,Ahmedabad,Gujarat,West
CUST003850,Nikhil Rao,Male,34,Ahmedabad,Gujarat,West
CUST003851,Vikram Sethi,Male,30,Kolkata,West Bengal,East
CUST003852,Dev Bhatia,Male,26,Kolkata,West Bengal,East
CUST003853,Ayush Roy,Male,18,Pune,Maharashtra,West
CUST003854,Radhika Kumar,Female,21,Lucknow,Uttar Pradesh,North
CUST003855,Apoorva Agarwal,Female,27,Hyderabad,Telangana,South
CUST003856,Swati Sethi,Female,35,Patna,Bihar,East
CUST003857,Gaurav Saxena,Male,20,Bhopal,Madhya Pradesh,Central
CUST003858,Pooja Patel,Female,34,Noida,Uttar Pradesh,North
CUST003859,Vikram Goyal,Male,31,Kolkata,West Bengal,East
CUST003860,Muskan Reddy,Female,30,Nagpur,Maharashtra,West
CUST003861,Pranav Naidu,Male,23,Patna,Bihar,East
CUST003862,Piyush Gupta,Male,36,Noida,Uttar Pradesh,North
CUST003863,Aarav Reddy,Male,32,Bengaluru,Karnataka,South
CUST003864,Simran Chauhan,Female,22,Ahmedabad,Gujarat,West
CUST003865,Ritika Verma,Female,28,Raipur,Chhattisgarh,Central
CUST003866,Meera Sharma,Female,22,Bhubaneswar,Odisha,East
CUST003867,Arjun Das,Male,29,Pune,Maharashtra,West
CUST003868,Rishi Nair,Male,31,Surat,Gujarat,West
CUST003869,Kunal Roy,Male,29,Kolkata,West Bengal,East
CUST003870,Riya Banerjee,Female,29,Noida,Uttar Pradesh,North
CUST003871,Palak Pillai,Female,20,Indore,Madhya Pradesh,Central
CUST003872,Kavya Kumar,Female,30,Coimbatore,Tamil Nadu,South
CUST003873,Yash Sethi,Male,20,Kochi,Kerala,South
CUST003874,Priya Sethi,Female,37,Pune,Maharashtra,West
CUST003875,Ritika Tiwari,Female,31,Ahmedabad,Gujarat,West
CUST003876,Ankit Gupta,Male,31,Chennai,Tamil Nadu,South
CUST003877,Saurabh Kumar,Male,36,Hyderabad,Telangana,South
CUST003878,Muskan Sharma,Female,26,Guwahati,Assam,East
CUST003879,Saurabh Nair,Male,37,Mumbai,Maharashtra,West
CUST003880,Muskan Bansal,Female,28,Patna,Bihar,East
CUST003881,Piyush Joshi,Male,35,Surat,Gujarat,West
CUST003882,Ayush Tiwari,Male,37,Kolkata,West Bengal,East
CUST003883,Palak Verma,Female,29,Lucknow,Uttar Pradesh,North
CUST003884,Shubham Joshi,Male,26,Hyderabad,Telangana,South
CUST003885,Ritesh Kapoor,Male,26,Chennai,Tamil Nadu,South
CUST003886,Khushi Tiwari,Female,29,Bengaluru,Karnataka,South
CUST003887,Kabir Banerjee,Male,23,Delhi,Delhi,North
CUST003888,Aditi Saxena,Female,29,Delhi,Delhi,North
CUST003889,Ankit Verma,Male,25,Bengaluru,Karnataka,South
CUST003890,Karan Tiwari,Male,38,Ranchi,Jharkhand,East
CUST003891,Ankit Tripathi,Male,18,Ahmedabad,Gujarat,West
CUST003892,Meera Das,Female,24,Kochi,Kerala,South
CUST003893,Isha Naidu,Female,19,Bengaluru,Karnataka,South
CUST003894,Aditya Iyer,Male,35,Chennai,Tamil Nadu,South
CUST003895,Vivek Tiwari,Male,21,Jaipur,Rajasthan,North
CUST003896,Ishita Pandey,Female,23,Bengaluru,Karnataka,South
CUST003897,Palak Chatterjee,Female,34,Coimbatore,Tamil Nadu,South
CUST003898,Karan Reddy,Male,19,Surat,Gujarat,West
CUST003899,Sanya Khanna,Female,30,Kolkata,West Bengal,East
CUST003900,Rajat Rao,Male,31,Ranchi,Jharkhand,East
CUST003901,Kavya Yadav,Female,18,Kochi,Kerala,South
CUST003902,Vikram Arora,Male,18,Bengaluru,Karnataka,South
CUST003903,Sanya Roy,Female,19,Kochi,Kerala,South
CUST003904,Mohit Srivastava,Male,32,Noida,Uttar Pradesh,North
CUST003905,Harsh Singh,Male,38,Hyderabad,Telangana,South
CUST003906,Simran Naidu,Female,28,Guwahati,Assam,East
CUST003907,Vivek Deshmukh,Male,24,Pune,Maharashtra,West
CUST003908,Nikhil Chopra,Male,24,Mumbai,Maharashtra,West
CUST003909,Nikhil Shah,Male,42,Kochi,Kerala,South
CUST003910,Rahul Patel,Male,30,Hyderabad,Telangana,South
CUST003911,Tanvi Das,Female,53,Bengaluru,Karnataka,South
CUST003912,Shreya Pandey,Female,41,Kochi,Kerala,South
CUST003913,Aditya Patel,Male,50,Surat,Gujarat,West
CUST003914,Divya Chauhan,Female,27,Surat,Gujarat,West
CUST003915,Pooja Bansal,Female,32,Delhi,Delhi,North
CUST003916,Manish Rao,Male,23,Delhi,Delhi,North
CUST003917,Ritesh Pillai,Male,45,Bengaluru,Karnataka,South
CUST003918,Neha Malhotra,Female,18,Kochi,Kerala,South
CUST003919,Aanya Malhotra,Female,36,Delhi,Delhi,North
CUST003920,Apoorva Singh,Female,31,Mumbai,Maharashtra,West
CUST003921,Tanvi Yadav,Female,39,Coimbatore,Tamil Nadu,South
CUST003922,Nisha Chatterjee,Female,34,Mumbai,Maharashtra,West
CUST003923,Diya Roy,Female,19,Lucknow,Uttar Pradesh,North
CUST003924,Aditi Tripathi,Female,34,Surat,Gujarat,West
CUST003925,Kabir Tiwari,Male,27,Surat,Gujarat,West
CUST003926,Swati Banerjee,Female,35,Mumbai,Maharashtra,West
CUST003927,Rishi Chatterjee,Male,36,Surat,Gujarat,West
CUST003928,Varun Kumar,Male,27,Kolkata,West Bengal,East
CUST003929,Kunal Shah,Male,35,Bengaluru,Karnataka,South
CUST003930,Riya Banerjee,Female,25,Patna,Bihar,East
CUST003931,Payal Singh,Female,42,Pune,Maharashtra,West
CUST003932,Ishita Singh,Female,38,Hyderabad,Telangana,South
CUST003933,Dev Bhatia,Male,21,Surat,Gujarat,West
CUST003934,Neha Menon,Female,33,Pune,Maharashtra,West
CUST003935,Diya Tripathi,Female,29,Jaipur,Rajasthan,North
CUST003936,Harsh Roy,Male,29,Kochi,Kerala,South
CUST003937,Radhika Agarwal,Female,34,Jaipur,Rajasthan,North
CUST003938,Ananya Sinha,Female,23,Kolkata,West Bengal,East
CUST003939,Rahul Nair,Male,26,Jaipur,Rajasthan,North
CUST003940,Khushi Pandey,Female,26,Nagpur,Maharashtra,West
CUST003941,Aanya Jain,Female,37,Pune,Maharashtra,West
CUST003942,Khushi Banerjee,Female,27,Indore,Madhya Pradesh,Central
CUST003943,Yash Joshi,Male,18,Jaipur,Rajasthan,North
CUST003944,Divya Deshmukh,Female,29,Delhi,Delhi,North
CUST003945,Rishi Goyal,Male,18,Noida,Uttar Pradesh,North
CUST003946,Ritesh Patel,Male,24,Bengaluru,Karnataka,South
CUST003947,Ritika Malhotra,Female,36,Nagpur,Maharashtra,West
CUST003948,Diya Rao,Female,29,Pune,Maharashtra,West
CUST003949,Shubham Verma,Male,25,Bengaluru,Karnataka,South
CUST003950,Ayush Gupta,Male,18,Delhi,Delhi,North
CUST003951,Nisha Rao,Female,35,Coimbatore,Tamil Nadu,South
CUST003952,Simran Bhatia,Female,26,Pune,Maharashtra,West
CUST003953,Ishita Joshi,Female,33,Kolkata,West Bengal,East
CUST003954,Pranav Verma,Male,32,Pune,Maharashtra,West
CUST003955,Rishi Banerjee,Male,34,Ahmedabad,Gujarat,West
CUST003956,Yash Srivastava,Male,34,Kochi,Kerala,South
CUST003957,Isha Jain,Female,35,Kochi,Kerala,South
CUST003958,Manya Joshi,Female,28,Pune,Maharashtra,West
CUST003959,Swati Deshmukh,Female,27,Mumbai,Maharashtra,West
CUST003960,Ritesh Saxena,Male,30,Guwahati,Assam,East
CUST003961,Vivek Iyer,Male,34,Jaipur,Rajasthan,North
CUST003962,Simran Joshi,Female,37,Mumbai,Maharashtra,West
CUST003963,Kabir Khanna,Male,30,Mumbai,Maharashtra,West
CUST003964,Arjun Thakur,Male,31,Coimbatore,Tamil Nadu,South
CUST003965,Akash Srivastava,Male,39,Bhubaneswar,Odisha,East
CUST003966,Muskan Singh,Female,19,Indore,Madhya Pradesh,Central
CUST003967,Meera Srivastava,Female,40,Patna,Bihar,East
CUST003968,Vivek Mehta,Male,38,Jaipur,Rajasthan,North
CUST003969,Anushka Tiwari,Female,35,Chennai,Tamil Nadu,South
CUST003970,Isha Sethi,Female,40,Bengaluru,Karnataka,South
CUST003971,Varun Nair,Male,26,Delhi,Delhi,North
CUST003972,Ananya Bhatia,Female,30,Noida,Uttar Pradesh,North
CUST003973,Sneha Agarwal,Female,25,Pune,Maharashtra,West
CUST003974,Vivek Pillai,Male,21,Mumbai,Maharashtra,West
CUST003975,Vivek Goyal,Male,18,Noida,Uttar Pradesh,North
CUST003976,Yash Mishra,Male,24,Bhubaneswar,Odisha,East
CUST003977,Pranav Jain,Male,37,Jaipur,Rajasthan,North
CUST003978,Karan Jain,Male,47,Bengaluru,Karnataka,South
CUST003979,Rajat Yadav,Male,26,Hyderabad,Telangana,South
CUST003980,Akash Singh,Male,30,Mumbai,Maharashtra,West
CUST003981,Akash Patel,Male,21,Lucknow,Uttar Pradesh,North
CUST003982,Yash Thakur,Male,28,Ranchi,Jharkhand,East
CUST003983,Akash Arora,Male,32,Bhopal,Madhya Pradesh,Central
CUST003984,Amit Bansal,Male,25,Mumbai,Maharashtra,West
CUST003985,Nandini Roy,Female,23,Noida,Uttar Pradesh,North
CUST003986,Nisha Srivastava,Female,29,Pune,Maharashtra,West
CUST003987,Avni Chauhan,Female,25,Indore,Madhya Pradesh,Central
CUST003988,Ayush Kumar,Male,32,Jaipur,Rajasthan,North
CUST003989,Sameer Patel,Male,18,Mumbai,Maharashtra,West
CUST003990,Tushar Menon,Male,38,Raipur,Chhattisgarh,Central
CUST003991,Simran Das,Female,31,Nagpur,Maharashtra,West
CUST003992,Priya Jain,Female,28,Bengaluru,Karnataka,South
CUST003993,Ritesh Chatterjee,Male,31,Delhi,Delhi,North
CUST003994,Rohan Patel,Male,38,Patna,Bihar,East
CUST003995,Harsh Pandey,Male,20,Mumbai,Maharashtra,West
CUST003996,Simran Sharma,Female,19,Pune,Maharashtra,West
CUST003997,Arjun Agarwal,Male,30,Guwahati,Assam,East
CUST003998,Kunal Kapoor,Male,33,Kochi,Kerala,South
CUST003999,Divya Banerjee,Female,36,Mumbai,Maharashtra,West
CUST004000,Ayush Sharma,Male,53,Delhi,Delhi,North
CUST004001,Nikhil Banerjee,Male,27,Surat,Gujarat,West
CUST004002,Vikram Menon,Male,35,Pune,Maharashtra,West
CUST004003,Vikram Chauhan,Male,18,Dehradun,Uttarakhand,North
CUST004004,Amit Kapoor,Male,27,Delhi,Delhi,North
CUST004005,Arjun Naidu,Male,27,Coimbatore,Tamil Nadu,South
CUST004006,Tanvi Arora,Female,31,Ahmedabad,Gujarat,West
CUST004007,Shreya Verma,Female,26,Ahmedabad,Gujarat,West
CUST004008,Kunal Mehta,Male,31,Bengaluru,Karnataka,South
CUST004009,Sanya Chopra,Female,32,Pune,Maharashtra,West
CUST004010,Rajat Chauhan,Male,26,Mumbai,Maharashtra,West
CUST004011,Divya Patel,Female,23,Delhi,Delhi,North
CUST004012,Akash Khanna,Male,20,Jaipur,Rajasthan,North
CUST004013,Meera Sinha,Female,18,Jaipur,Rajasthan,North
CUST004014,Apoorva Reddy,Female,18,Delhi,Delhi,North
CUST004015,Avni Kulkarni,Female,25,Mumbai,Maharashtra,West
CUST004016,Komal Srivastava,Female,29,Mumbai,Maharashtra,West
CUST004017,Vivek Roy,Male,18,Kolkata,West Bengal,East
CUST004018,Sakshi Mehta,Female,40,Raipur,Chhattisgarh,Central
CUST004019,Rishi Chopra,Male,26,Mumbai,Maharashtra,West
CUST004020,Neha Naidu,Female,26,Ahmedabad,Gujarat,West
CUST004021,Avni Chatterjee,Female,42,Lucknow,Uttar Pradesh,North
CUST004022,Dhruv Chauhan,Male,32,Noida,Uttar Pradesh,North
CUST004023,Neha Saxena,Female,27,Kolkata,West Bengal,East
CUST004024,Gaurav Sethi,Male,27,Ahmedabad,Gujarat,West
CUST004025,Pranav Yadav,Male,22,Nagpur,Maharashtra,West
CUST004026,Rohan Patel,Male,38,Kolkata,West Bengal,East
CUST004027,Ankit Arora,Male,18,Guwahati,Assam,East
CUST004028,Manish Naidu,Male,33,Patna,Bihar,East
CUST004029,Ishita Nair,Female,34,Hyderabad,Telangana,South
CUST004030,Avni Patel,Female,24,Bhopal,Madhya Pradesh,Central
CUST004031,Rishi Sharma,Male,18,Surat,Gujarat,West
CUST004032,Radhika Khanna,Female,24,Mumbai,Maharashtra,West
CUST004033,Abhishek Goyal,Male,46,Nagpur,Maharashtra,West
CUST004034,Akash Deshmukh,Male,32,Ahmedabad,Gujarat,West
CUST004035,Tushar Tiwari,Male,35,Mumbai,Maharashtra,West
CUST004036,Pooja Naidu,Female,24,Noida,Uttar Pradesh,North
CUST004037,Shruti Tripathi,Female,35,Dehradun,Uttarakhand,North
CUST004038,Piyush Sharma,Male,42,Ahmedabad,Gujarat,West
CUST004039,Sameer Pandey,Male,39,Kolkata,West Bengal,East
CUST004040,Dev Menon,Male,36,Lucknow,Uttar Pradesh,North
CUST004041,Saurabh Singh,Male,31,Dehradun,Uttarakhand,North
CUST004042,Shubham Singh,Male,19,Kochi,Kerala,South
CUST004043,Riya Gupta,Female,38,Mumbai,Maharashtra,West
CUST004044,Sameer Patel,Male,21,Mumbai,Maharashtra,West
CUST004045,Akash Arora,Male,33,Mumbai,Maharashtra,West
CUST004046,Swati Srivastava,Female,24,Mumbai,Maharashtra,West
CUST004047,Shruti Khanna,Female,20,Chennai,Tamil Nadu,South
CUST004048,Khushi Khanna,Female,29,Guwahati,Assam,East
CUST004049,Gaurav Agarwal,Male,23,Pune,Maharashtra,West
CUST004050,Payal Chauhan,Female,26,Lucknow,Uttar Pradesh,North
CUST004051,Rahul Rao,Male,25,Bengaluru,Karnataka,South
CUST004052,Dev Tripathi,Male,49,Dehradun,Uttarakhand,North
CUST004053,Piyush Jain,Male,21,Delhi,Delhi,North
CUST004054,Avni Malhotra,Female,24,Noida,Uttar Pradesh,North
CUST004055,Sameer Khanna,Male,22,Bengaluru,Karnataka,South
CUST004056,Rajat Singh,Male,27,Delhi,Delhi,North
CUST004057,Rahul Sethi,Male,37,Chandigarh,Chandigarh,North
CUST004058,Swati Chatterjee,Female,27,Bhubaneswar,Odisha,East
CUST004059,Aditya Naidu,Male,35,Delhi,Delhi,North
CUST004060,Rajat Singh,Male,46,Nagpur,Maharashtra,West
CUST004061,Ishita Saxena,Female,24,Surat,Gujarat,West
CUST004062,Dhruv Mishra,Male,18,Raipur,Chhattisgarh,Central
CUST004063,Muskan Tiwari,Female,35,Nagpur,Maharashtra,West
CUST004064,Vikram Chopra,Male,24,Bengaluru,Karnataka,South
CUST004065,Palak Nair,Female,39,Bhubaneswar,Odisha,East
CUST004066,Shubham Rao,Male,29,Delhi,Delhi,North
CUST004067,Ishita Chopra,Female,31,Bengaluru,Karnataka,South
CUST004068,Harsh Thakur,Male,24,Jaipur,Rajasthan,North
CUST004069,Pooja Mehta,Female,26,Nagpur,Maharashtra,West
CUST004070,Vikram Das,Male,29,Ahmedabad,Gujarat,West
CUST004071,Karan Malhotra,Male,18,Nagpur,Maharashtra,West
CUST004072,Ritika Rao,Female,28,Mumbai,Maharashtra,West
CUST004073,Komal Kapoor,Female,23,Guwahati,Assam,East
CUST004074,Gaurav Kulkarni,Male,29,Lucknow,Uttar Pradesh,North
CUST004075,Saurabh Reddy,Male,30,Ahmedabad,Gujarat,West
CUST004076,Divya Srivastava,Female,25,Ahmedabad,Gujarat,West
CUST004077,Aditya Arora,Male,30,Kolkata,West Bengal,East
CUST004078,Vikram Pillai,Male,21,Chennai,Tamil Nadu,South
CUST004079,Aditya Malhotra,Male,27,Bhopal,Madhya Pradesh,Central
CUST004080,Meera Shah,Female,22,Chennai,Tamil Nadu,South
CUST004081,Komal Srivastava,Female,44,Bhubaneswar,Odisha,East
CUST004082,Aarav Bhatia,Male,24,Bhubaneswar,Odisha,East
CUST004083,Rahul Sinha,Male,32,Bengaluru,Karnataka,South
CUST004084,Aanya Das,Female,27,Ahmedabad,Gujarat,West
CUST004085,Piyush Goyal,Male,26,Pune,Maharashtra,West
CUST004086,Ritesh Banerjee,Male,30,Surat,Gujarat,West
CUST004087,Ananya Kumar,Female,38,Patna,Bihar,East
CUST004088,Rajat Khanna,Male,27,Bhopal,Madhya Pradesh,Central
CUST004089,Aditi Thakur,Female,27,Bengaluru,Karnataka,South
CUST004090,Saurabh Iyer,Male,30,Patna,Bihar,East
CUST004091,Aarav Das,Male,25,Noida,Uttar Pradesh,North
CUST004092,Varun Menon,Male,32,Lucknow,Uttar Pradesh,North
CUST004093,Nikhil Tripathi,Male,18,Kolkata,West Bengal,East
CUST004094,Tushar Agarwal,Male,40,Indore,Madhya Pradesh,Central
CUST004095,Mohit Deshmukh,Male,18,Delhi,Delhi,North
CUST004096,Komal Goyal,Female,44,Bengaluru,Karnataka,South
CUST004097,Nandini Gupta,Female,18,Surat,Gujarat,West
CUST004098,Varun Khanna,Male,31,Delhi,Delhi,North
CUST004099,Nisha Mehta,Female,18,Bhubaneswar,Odisha,East
CUST004100,Riya Pandey,Female,27,Noida,Uttar Pradesh,North
CUST004101,Ananya Kapoor,Female,32,Lucknow,Uttar Pradesh,North
CUST004102,Rahul Roy,Male,31,Indore,Madhya Pradesh,Central
CUST004103,Priya Reddy,Female,25,Patna,Bihar,East
CUST004104,Sneha Singh,Female,32,Guwahati,Assam,East
CUST004105,Rishi Arora,Male,39,Noida,Uttar Pradesh,North
CUST004106,Piyush Shah,Male,32,Kolkata,West Bengal,East
CUST004107,Khushi Tripathi,Female,23,Lucknow,Uttar Pradesh,North
CUST004108,Ankit Pillai,Male,22,Delhi,Delhi,North
CUST004109,Simran Malhotra,Female,41,Jaipur,Rajasthan,North
CUST004110,Avni Saxena,Female,27,Kolkata,West Bengal,East
CUST004111,Simran Arora,Female,35,Pune,Maharashtra,West
CUST004112,Simran Kapoor,Female,28,Ranchi,Jharkhand,East
CUST004113,Rahul Menon,Male,25,Jaipur,Rajasthan,North
CUST004114,Karan Singh,Male,30,Mumbai,Maharashtra,West
CUST004115,Anushka Yadav,Female,29,Lucknow,Uttar Pradesh,North
CUST004116,Mohit Singh,Male,43,Kolkata,West Bengal,East
CUST004117,Harsh Singh,Male,33,Delhi,Delhi,North
CUST004118,Saurabh Verma,Male,20,Dehradun,Uttarakhand,North
CUST004119,Avni Tripathi,Female,42,Raipur,Chhattisgarh,Central
CUST004120,Piyush Bhatia,Male,25,Mumbai,Maharashtra,West
CUST004121,Rishi Arora,Male,31,Kolkata,West Bengal,East
CUST004122,Sameer Goyal,Male,29,Patna,Bihar,East
CUST004123,Varun Srivastava,Male,23,Jaipur,Rajasthan,North
CUST004124,Riya Patel,Female,32,Lucknow,Uttar Pradesh,North
CUST004125,Radhika Menon,Female,21,Noida,Uttar Pradesh,North
CUST004126,Nandini Joshi,Female,33,Chennai,Tamil Nadu,South
CUST004127,Priya Das,Female,42,Mumbai,Maharashtra,West
CUST004128,Isha Mehta,Female,36,Kochi,Kerala,South
CUST004129,Shruti Mehta,Female,27,Chennai,Tamil Nadu,South
CUST004130,Ritika Kapoor,Female,24,Mumbai,Maharashtra,West
CUST004131,Vikram Rao,Male,39,Kochi,Kerala,South
CUST004132,Karan Deshmukh,Male,21,Patna,Bihar,East
CUST004133,Ayush Chauhan,Male,42,Ahmedabad,Gujarat,West
CUST004134,Rishi Joshi,Male,24,Ahmedabad,Gujarat,West
CUST004135,Palak Nair,Female,35,Bengaluru,Karnataka,South
CUST004136,Vivek Chopra,Male,28,Jaipur,Rajasthan,North
CUST004137,Komal Kumar,Female,29,Chennai,Tamil Nadu,South
CUST004138,Sameer Singh,Male,37,Chennai,Tamil Nadu,South
CUST004139,Nikhil Kapoor,Male,26,Lucknow,Uttar Pradesh,North
CUST004140,Divya Joshi,Female,18,Kolkata,West Bengal,East
CUST004141,Rishi Nair,Male,18,Bhubaneswar,Odisha,East
CUST004142,Sameer Sinha,Male,31,Delhi,Delhi,North
CUST004143,Amit Pandey,Male,28,Pune,Maharashtra,West
CUST004144,Saurabh Deshmukh,Male,26,Lucknow,Uttar Pradesh,North
CUST004145,Yash Iyer,Male,36,Kochi,Kerala,South
CUST004146,Yash Banerjee,Male,18,Bhubaneswar,Odisha,East
CUST004147,Komal Goyal,Female,38,Kochi,Kerala,South
CUST004148,Simran Agarwal,Female,21,Kolkata,West Bengal,East
CUST004149,Kunal Iyer,Male,36,Dehradun,Uttarakhand,North
CUST004150,Pooja Roy,Female,28,Surat,Gujarat,West
CUST004151,Meera Naidu,Female,18,Bengaluru,Karnataka,South
CUST004152,Ayush Jain,Male,26,Bengaluru,Karnataka,South
CUST004153,Manish Iyer,Male,32,Mumbai,Maharashtra,West
CUST004154,Ayush Srivastava,Male,41,Bengaluru,Karnataka,South
CUST004155,Nikhil Menon,Male,29,Lucknow,Uttar Pradesh,North
CUST004156,Pranav Joshi,Male,21,Chennai,Tamil Nadu,South
CUST004157,Saurabh Shah,Male,45,Noida,Uttar Pradesh,North
CUST004158,Mohit Sharma,Male,19,Mumbai,Maharashtra,West
CUST004159,Pooja Yadav,Female,32,Jaipur,Rajasthan,North
CUST004160,Nandini Patel,Female,30,Lucknow,Uttar Pradesh,North
CUST004161,Varun Thakur,Male,29,Delhi,Delhi,North
CUST004162,Diya Thakur,Female,32,Mumbai,Maharashtra,West
CUST004163,Kabir Rao,Male,22,Jaipur,Rajasthan,North
CUST004164,Abhishek Khanna,Male,39,Nagpur,Maharashtra,West
CUST004165,Rajat Khanna,Male,30,Chennai,Tamil Nadu,South
CUST004166,Isha Deshmukh,Female,37,Indore,Madhya Pradesh,Central
CUST004167,Ankit Sinha,Male,30,Kochi,Kerala,South
CUST004168,Kabir Thakur,Male,20,Delhi,Delhi,North
CUST004169,Apoorva Sinha,Female,27,Mumbai,Maharashtra,West
CUST004170,Avni Nair,Female,28,Noida,Uttar Pradesh,North
CUST004171,Ritika Naidu,Female,34,Hyderabad,Telangana,South
CUST004172,Piyush Kapoor,Male,44,Kolkata,West Bengal,East
CUST004173,Sneha Saxena,Female,42,Patna,Bihar,East
CUST004174,Saurabh Naidu,Male,35,Pune,Maharashtra,West
CUST004175,Komal Banerjee,Female,42,Ahmedabad,Gujarat,West
CUST004176,Pranav Gupta,Male,29,Pune,Maharashtra,West
CUST004177,Dev Tiwari,Male,28,Kolkata,West Bengal,East
CUST004178,Payal Reddy,Female,30,Hyderabad,Telangana,South
CUST004179,Sneha Patel,Female,29,Coimbatore,Tamil Nadu,South
CUST004180,Sakshi Saxena,Female,40,Bhubaneswar,Odisha,East
CUST004181,Vivek Joshi,Male,18,Bhopal,Madhya Pradesh,Central
CUST004182,Aarav Chatterjee,Male,18,Bengaluru,Karnataka,South
CUST004183,Apoorva Deshmukh,Female,18,Bengaluru,Karnataka,South
CUST004184,Pranav Rao,Male,44,Bengaluru,Karnataka,South
CUST004185,Muskan Sharma,Female,41,Lucknow,Uttar Pradesh,North
CUST004186,Ayush Mishra,Male,34,Nagpur,Maharashtra,West
CUST004187,Meera Bansal,Female,32,Delhi,Delhi,North
CUST004188,Dhruv Verma,Male,18,Raipur,Chhattisgarh,Central
CUST004189,Yash Verma,Male,33,Kochi,Kerala,South
CUST004190,Rahul Gupta,Male,21,Pune,Maharashtra,West
CUST004191,Shruti Thakur,Female,24,Bengaluru,Karnataka,South
CUST004192,Sneha Agarwal,Female,20,Pune,Maharashtra,West
CUST004193,Tanvi Khanna,Female,19,Raipur,Chhattisgarh,Central
CUST004194,Karan Menon,Male,39,Surat,Gujarat,West
CUST004195,Muskan Naidu,Female,28,Kolkata,West Bengal,East
CUST004196,Vikram Saxena,Male,28,Surat,Gujarat,West
CUST004197,Dhruv Menon,Male,18,Hyderabad,Telangana,South
CUST004198,Rishi Rao,Male,31,Kochi,Kerala,South
CUST004199,Gaurav Chopra,Male,36,Ahmedabad,Gujarat,West
CUST004200,Yash Mehta,Male,28,Mumbai,Maharashtra,West
CUST004201,Dhruv Arora,Male,32,Ahmedabad,Gujarat,West
CUST004202,Kavya Singh,Female,25,Kochi,Kerala,South
CUST004203,Amit Tiwari,Male,22,Noida,Uttar Pradesh,North
CUST004204,Aditya Chopra,Male,28,Surat,Gujarat,West
CUST004205,Mohit Deshmukh,Male,31,Ahmedabad,Gujarat,West
CUST004206,Shubham Goyal,Male,21,Pune,Maharashtra,West
CUST004207,Anushka Arora,Female,26,Mumbai,Maharashtra,West
CUST004208,Karan Reddy,Male,32,Lucknow,Uttar Pradesh,North
CUST004209,Rishi Kapoor,Male,35,Guwahati,Assam,East
CUST004210,Manya Banerjee,Female,23,Chennai,Tamil Nadu,South
CUST004211,Komal Nair,Female,33,Ranchi,Jharkhand,East
CUST004212,Sameer Joshi,Male,33,Guwahati,Assam,East
CUST004213,Pooja Khanna,Female,18,Pune,Maharashtra,West
CUST004214,Rajat Goyal,Male,25,Mumbai,Maharashtra,West
CUST004215,Riya Agarwal,Female,27,Patna,Bihar,East
CUST004216,Rahul Reddy,Male,32,Indore,Madhya Pradesh,Central
CUST004217,Sameer Verma,Male,28,Delhi,Delhi,North
CUST004218,Neha Sethi,Female,19,Mumbai,Maharashtra,West
CUST004219,Palak Sethi,Female,20,Bhubaneswar,Odisha,East
CUST004220,Manish Saxena,Male,18,Pune,Maharashtra,West
CUST004221,Nikhil Nair,Male,25,Lucknow,Uttar Pradesh,North
CUST004222,Aarav Das,Male,18,Hyderabad,Telangana,South
CUST004223,Sameer Roy,Male,36,Nagpur,Maharashtra,West
CUST004224,Mohit Das,Male,34,Bengaluru,Karnataka,South
CUST004225,Aditya Pandey,Male,20,Pune,Maharashtra,West
CUST004226,Shubham Menon,Male,38,Jaipur,Rajasthan,North
CUST004227,Meera Pillai,Female,18,Chennai,Tamil Nadu,South
CUST004228,Avni Yadav,Female,30,Jaipur,Rajasthan,North
CUST004229,Simran Kumar,Female,25,Bhopal,Madhya Pradesh,Central
CUST004230,Neha Malhotra,Female,34,Bhopal,Madhya Pradesh,Central
CUST004231,Pranav Iyer,Male,23,Patna,Bihar,East
CUST004232,Varun Srivastava,Male,20,Delhi,Delhi,North
CUST004233,Kabir Jain,Male,18,Hyderabad,Telangana,South
CUST004234,Neha Chatterjee,Female,26,Ranchi,Jharkhand,East
CUST004235,Abhishek Pandey,Male,33,Dehradun,Uttarakhand,North
CUST004236,Siddharth Sethi,Male,43,Delhi,Delhi,North
CUST004237,Ishita Khanna,Female,19,Chennai,Tamil Nadu,South
CUST004238,Simran Bansal,Female,42,Kolkata,West Bengal,East
CUST004239,Kavya Iyer,Female,18,Ranchi,Jharkhand,East
CUST004240,Yash Chatterjee,Male,33,Lucknow,Uttar Pradesh,North
CUST004241,Komal Verma,Female,27,Surat,Gujarat,West
CUST004242,Siddharth Saxena,Male,41,Chennai,Tamil Nadu,South
CUST004243,Manish Sinha,Male,31,Pune,Maharashtra,West
CUST004244,Yash Das,Male,27,Dehradun,Uttarakhand,North
CUST004245,Vikram Chauhan,Male,39,Bhubaneswar,Odisha,East
CUST004246,Saurabh Banerjee,Male,35,Pune,Maharashtra,West
CUST004247,Akash Kapoor,Male,24,Noida,Uttar Pradesh,North
CUST004248,Shubham Bansal,Male,18,Patna,Bihar,East
CUST004249,Mohit Iyer,Male,25,Hyderabad,Telangana,South
CUST004250,Aanya Chopra,Female,18,Lucknow,Uttar Pradesh,North
CUST004251,Yash Rao,Male,29,Mumbai,Maharashtra,West
CUST004252,Ayush Bhatia,Male,33,Mumbai,Maharashtra,West
CUST004253,Ayush Mishra,Male,30,Mumbai,Maharashtra,West
CUST004254,Sameer Tiwari,Male,25,Kochi,Kerala,South
CUST004255,Dhruv Sinha,Male,31,Delhi,Delhi,North
CUST004256,Nikhil Chopra,Male,30,Bengaluru,Karnataka,South
CUST004257,Amit Chauhan,Male,19,Chennai,Tamil Nadu,South
CUST004258,Harsh Saxena,Male,18,Jaipur,Rajasthan,North
CUST004259,Siddharth Kumar,Male,22,Lucknow,Uttar Pradesh,North
CUST004260,Palak Mishra,Female,20,Pune,Maharashtra,West
CUST004261,Harsh Nair,Male,21,Mumbai,Maharashtra,West
CUST004262,Vivek Verma,Male,30,Patna,Bihar,East
CUST004263,Ananya Banerjee,Female,32,Ahmedabad,Gujarat,West
CUST004264,Ankit Arora,Male,24,Surat,Gujarat,West
CUST004265,Saurabh Patel,Male,38,Noida,Uttar Pradesh,North
CUST004266,Mohit Jain,Male,29,Noida,Uttar Pradesh,North
CUST004267,Gaurav Khanna,Male,30,Patna,Bihar,East
CUST004268,Sameer Bansal,Male,30,Kochi,Kerala,South
CUST004269,Ritesh Nair,Male,29,Raipur,Chhattisgarh,Central
CUST004270,Yash Thakur,Male,24,Noida,Uttar Pradesh,North
CUST004271,Komal Gupta,Female,39,Patna,Bihar,East
CUST004272,Akash Banerjee,Male,48,Bengaluru,Karnataka,South
CUST004273,Rohan Chopra,Male,30,Bengaluru,Karnataka,South
CUST004274,Manish Shah,Male,30,Delhi,Delhi,North
CUST004275,Divya Kapoor,Female,34,Noida,Uttar Pradesh,North
CUST004276,Nikhil Yadav,Male,21,Bhopal,Madhya Pradesh,Central
CUST004277,Aanya Verma,Female,29,Chandigarh,Chandigarh,North
CUST004278,Sakshi Verma,Female,36,Pune,Maharashtra,West
CUST004279,Shubham Saxena,Male,34,Noida,Uttar Pradesh,North
CUST004280,Vikram Roy,Male,30,Mumbai,Maharashtra,West
CUST004281,Saurabh Pandey,Male,26,Chandigarh,Chandigarh,North
CUST004282,Ritesh Yadav,Male,19,Bengaluru,Karnataka,South
CUST004283,Rohan Tripathi,Male,24,Surat,Gujarat,West
CUST004284,Abhishek Agarwal,Male,19,Bhubaneswar,Odisha,East
CUST004285,Nikhil Jain,Male,35,Delhi,Delhi,North
CUST004286,Priya Patel,Female,23,Bhubaneswar,Odisha,East
CUST004287,Diya Thakur,Female,33,Mumbai,Maharashtra,West
CUST004288,Payal Gupta,Female,26,Bengaluru,Karnataka,South
CUST004289,Nandini Jain,Female,39,Jaipur,Rajasthan,North
CUST004290,Sanya Sethi,Female,28,Ranchi,Jharkhand,East
CUST004291,Rahul Mehta,Male,33,Delhi,Delhi,North
CUST004292,Muskan Bansal,Female,44,Delhi,Delhi,North
CUST004293,Ankit Sethi,Male,30,Dehradun,Uttarakhand,North
CUST004294,Pranav Chatterjee,Male,39,Hyderabad,Telangana,South
CUST004295,Saurabh Pandey,Male,21,Mumbai,Maharashtra,West
CUST004296,Riya Verma,Female,21,Bengaluru,Karnataka,South
CUST004297,Sanya Jain,Female,33,Mumbai,Maharashtra,West
CUST004298,Arjun Mishra,Male,37,Lucknow,Uttar Pradesh,North
CUST004299,Dhruv Arora,Male,34,Hyderabad,Telangana,South
CUST004300,Varun Reddy,Male,35,Hyderabad,Telangana,South
CUST004301,Manya Shah,Female,31,Kochi,Kerala,South
CUST004302,Aarav Kulkarni,Male,18,Jaipur,Rajasthan,North
CUST004303,Rajat Das,Male,24,Mumbai,Maharashtra,West
CUST004304,Siddharth Srivastava,Male,29,Noida,Uttar Pradesh,North
CUST004305,Arjun Tiwari,Male,36,Kochi,Kerala,South
CUST004306,Anushka Nair,Female,30,Lucknow,Uttar Pradesh,North
CUST004307,Siddharth Menon,Male,32,Bengaluru,Karnataka,South
CUST004308,Sameer Sethi,Male,18,Delhi,Delhi,North
CUST004309,Diya Roy,Female,28,Noida,Uttar Pradesh,North
CUST004310,Divya Patel,Female,37,Chennai,Tamil Nadu,South
CUST004311,Ritesh Srivastava,Male,18,Mumbai,Maharashtra,West
CUST004312,Shreya Joshi,Female,25,Indore,Madhya Pradesh,Central
CUST004313,Aditi Deshmukh,Female,24,Chennai,Tamil Nadu,South
CUST004314,Simran Kumar,Female,20,Indore,Madhya Pradesh,Central
CUST004315,Ayush Naidu,Male,25,Mumbai,Maharashtra,West
CUST004316,Ritika Roy,Female,32,Dehradun,Uttarakhand,North
CUST004317,Ritesh Sinha,Male,30,Indore,Madhya Pradesh,Central
CUST004318,Rishi Khanna,Male,36,Surat,Gujarat,West
CUST004319,Manya Malhotra,Female,28,Bengaluru,Karnataka,South
CUST004320,Rajat Pillai,Male,18,Noida,Uttar Pradesh,North
CUST004321,Arjun Mehta,Male,26,Mumbai,Maharashtra,West
CUST004322,Meera Roy,Female,20,Lucknow,Uttar Pradesh,North
CUST004323,Avni Malhotra,Female,42,Chennai,Tamil Nadu,South
CUST004324,Rohan Goyal,Male,28,Mumbai,Maharashtra,West
CUST004325,Nisha Chauhan,Female,23,Chennai,Tamil Nadu,South
CUST004326,Ayush Sharma,Male,42,Noida,Uttar Pradesh,North
CUST004327,Aarav Kapoor,Male,25,Chennai,Tamil Nadu,South
CUST004328,Mohit Chatterjee,Male,32,Raipur,Chhattisgarh,Central
CUST004329,Isha Thakur,Female,32,Pune,Maharashtra,West
CUST004330,Sneha Deshmukh,Female,29,Surat,Gujarat,West
CUST004331,Akash Reddy,Male,33,Noida,Uttar Pradesh,North
CUST004332,Rahul Saxena,Male,30,Noida,Uttar Pradesh,North
CUST004333,Ankit Deshmukh,Male,18,Mumbai,Maharashtra,West
CUST004334,Kavya Kumar,Female,45,Mumbai,Maharashtra,West
CUST004335,Piyush Pillai,Male,24,Jaipur,Rajasthan,North
CUST004336,Manish Jain,Male,20,Noida,Uttar Pradesh,North
CUST004337,Avni Das,Female,44,Chennai,Tamil Nadu,South
CUST004338,Shubham Agarwal,Male,29,Mumbai,Maharashtra,West
CUST004339,Sameer Jain,Male,24,Bengaluru,Karnataka,South
CUST004340,Rohan Bansal,Male,35,Bengaluru,Karnataka,South
CUST004341,Siddharth Saxena,Male,38,Lucknow,Uttar Pradesh,North
CUST004342,Nisha Chauhan,Female,21,Lucknow,Uttar Pradesh,North
CUST004343,Mohit Chauhan,Male,33,Indore,Madhya Pradesh,Central
CUST004344,Siddharth Chatterjee,Male,39,Indore,Madhya Pradesh,Central
CUST004345,Muskan Banerjee,Female,22,Delhi,Delhi,North
CUST004346,Aditya Sharma,Male,38,Jaipur,Rajasthan,North
CUST004347,Piyush Menon,Male,18,Pune,Maharashtra,West
CUST004348,Sameer Mishra,Male,28,Noida,Uttar Pradesh,North
CUST004349,Anushka Arora,Female,34,Nagpur,Maharashtra,West
CUST004350,Nandini Mishra,Female,25,Surat,Gujarat,West
CUST004351,Neha Bhatia,Female,21,Bengaluru,Karnataka,South
CUST004352,Shubham Khanna,Male,33,Mumbai,Maharashtra,West
CUST004353,Amit Iyer,Male,26,Indore,Madhya Pradesh,Central
CUST004354,Komal Tiwari,Female,32,Lucknow,Uttar Pradesh,North
CUST004355,Ayush Iyer,Male,28,Pune,Maharashtra,West
CUST004356,Sneha Rao,Female,47,Surat,Gujarat,West
CUST004357,Dhruv Jain,Male,35,Patna,Bihar,East
CUST004358,Diya Verma,Female,19,Bhopal,Madhya Pradesh,Central
CUST004359,Arjun Sharma,Male,23,Dehradun,Uttarakhand,North
CUST004360,Mohit Gupta,Male,30,Kochi,Kerala,South
CUST004361,Anushka Tripathi,Female,18,Noida,Uttar Pradesh,North
CUST004362,Pranav Chauhan,Male,23,Bhopal,Madhya Pradesh,Central
CUST004363,Payal Chatterjee,Female,18,Kolkata,West Bengal,East
CUST004364,Saurabh Patel,Male,30,Delhi,Delhi,North
CUST004365,Dhruv Malhotra,Male,31,Delhi,Delhi,North
CUST004366,Karan Singh,Male,18,Chennai,Tamil Nadu,South
CUST004367,Shreya Menon,Female,28,Kolkata,West Bengal,East
CUST004368,Karan Bansal,Male,35,Bhopal,Madhya Pradesh,Central
CUST004369,Ananya Kulkarni,Female,21,Dehradun,Uttarakhand,North
CUST004370,Varun Pillai,Male,21,Bhubaneswar,Odisha,East
CUST004371,Sanya Kapoor,Female,37,Surat,Gujarat,West
CUST004372,Piyush Verma,Male,31,Pune,Maharashtra,West
CUST004373,Pooja Singh,Female,34,Kolkata,West Bengal,East
CUST004374,Saurabh Shah,Male,18,Mumbai,Maharashtra,West
CUST004375,Akash Jain,Male,43,Dehradun,Uttarakhand,North
CUST004376,Ritika Iyer,Female,28,Lucknow,Uttar Pradesh,North
CUST004377,Aarav Khanna,Male,25,Lucknow,Uttar Pradesh,North
CUST004378,Aditi Menon,Female,23,Chennai,Tamil Nadu,South
CUST004379,Shruti Mishra,Female,23,Raipur,Chhattisgarh,Central
CUST004380,Aanya Patel,Female,27,Surat,Gujarat,West
CUST004381,Sameer Sinha,Male,36,Hyderabad,Telangana,South
CUST004382,Vikram Chatterjee,Male,41,Pune,Maharashtra,West
CUST004383,Siddharth Kumar,Male,30,Jaipur,Rajasthan,North
CUST004384,Swati Joshi,Female,30,Chennai,Tamil Nadu,South
CUST004385,Abhishek Tiwari,Male,31,Jaipur,Rajasthan,North
CUST004386,Divya Chauhan,Female,26,Kochi,Kerala,South
CUST004387,Arjun Joshi,Male,36,Indore,Madhya Pradesh,Central
CUST004388,Karan Tripathi,Male,19,Mumbai,Maharashtra,West
CUST004389,Manish Sinha,Male,18,Kochi,Kerala,South
CUST004390,Rishi Malhotra,Male,29,Pune,Maharashtra,West
CUST004391,Shruti Bhatia,Female,20,Bengaluru,Karnataka,South
CUST004392,Akash Chopra,Male,31,Bhubaneswar,Odisha,East
CUST004393,Rishi Bansal,Male,27,Jaipur,Rajasthan,North
CUST004394,Rishi Sinha,Male,41,Indore,Madhya Pradesh,Central
CUST004395,Rajat Chopra,Male,28,Kolkata,West Bengal,East
CUST004396,Divya Srivastava,Female,20,Chandigarh,Chandigarh,North
CUST004397,Radhika Banerjee,Female,18,Ranchi,Jharkhand,East
CUST004398,Nandini Menon,Female,33,Lucknow,Uttar Pradesh,North
CUST004399,Aditya Mishra,Male,26,Bhopal,Madhya Pradesh,Central
CUST004400,Harsh Kumar,Male,39,Nagpur,Maharashtra,West
CUST004401,Ayush Chopra,Male,23,Kolkata,West Bengal,East
CUST004402,Shruti Das,Female,20,Bhubaneswar,Odisha,East
CUST004403,Manish Saxena,Male,29,Ahmedabad,Gujarat,West
CUST004404,Rahul Yadav,Male,29,Bengaluru,Karnataka,South
CUST004405,Arjun Pandey,Male,26,Ranchi,Jharkhand,East
CUST004406,Kunal Kulkarni,Male,18,Hyderabad,Telangana,South
CUST004407,Tanvi Pillai,Female,33,Mumbai,Maharashtra,West
CUST004408,Shreya Roy,Female,24,Lucknow,Uttar Pradesh,North
CUST004409,Arjun Pandey,Male,36,Mumbai,Maharashtra,West
CUST004410,Muskan Arora,Female,31,Mumbai,Maharashtra,West
CUST004411,Neha Saxena,Female,28,Bengaluru,Karnataka,South
CUST004412,Ananya Yadav,Female,39,Coimbatore,Tamil Nadu,South
CUST004413,Divya Tripathi,Female,27,Hyderabad,Telangana,South
CUST004414,Kavya Bansal,Female,30,Lucknow,Uttar Pradesh,North
CUST004415,Sakshi Verma,Female,18,Patna,Bihar,East
CUST004416,Rahul Arora,Male,18,Surat,Gujarat,West
CUST004417,Ritika Bhatia,Female,33,Hyderabad,Telangana,South
CUST004418,Aanya Thakur,Female,34,Kochi,Kerala,South
CUST004419,Sanya Arora,Female,43,Kolkata,West Bengal,East
CUST004420,Pooja Mehta,Female,36,Delhi,Delhi,North
CUST004421,Dhruv Menon,Male,32,Lucknow,Uttar Pradesh,North
CUST004422,Ritesh Sinha,Male,28,Indore,Madhya Pradesh,Central
CUST004423,Shubham Shah,Male,35,Noida,Uttar Pradesh,North
CUST004424,Ritesh Rao,Male,22,Delhi,Delhi,North
CUST004425,Nikhil Banerjee,Male,26,Hyderabad,Telangana,South
CUST004426,Piyush Chopra,Male,33,Mumbai,Maharashtra,West
CUST004427,Akash Gupta,Male,18,Pune,Maharashtra,West
CUST004428,Kunal Bhatia,Male,43,Bhubaneswar,Odisha,East
CUST004429,Rishi Sinha,Male,18,Bhopal,Madhya Pradesh,Central
CUST004430,Siddharth Joshi,Male,23,Bhopal,Madhya Pradesh,Central
CUST004431,Dev Verma,Male,33,Noida,Uttar Pradesh,North
CUST004432,Rajat Roy,Male,30,Chennai,Tamil Nadu,South
CUST004433,Rohan Mishra,Male,35,Bengaluru,Karnataka,South
CUST004434,Nisha Menon,Female,27,Mumbai,Maharashtra,West
CUST004435,Tushar Nair,Male,26,Delhi,Delhi,North
CUST004436,Ishita Kulkarni,Female,26,Delhi,Delhi,North
CUST004437,Shubham Mishra,Male,39,Coimbatore,Tamil Nadu,South
CUST004438,Karan Iyer,Male,22,Chennai,Tamil Nadu,South
CUST004439,Pranav Khanna,Male,23,Kolkata,West Bengal,East
CUST004440,Dhruv Kulkarni,Male,23,Chennai,Tamil Nadu,South
CUST004441,Sameer Gupta,Male,24,Chennai,Tamil Nadu,South
CUST004442,Anushka Pandey,Female,30,Mumbai,Maharashtra,West
CUST004443,Neha Naidu,Female,22,Indore,Madhya Pradesh,Central
CUST004444,Shreya Kulkarni,Female,36,Kolkata,West Bengal,East
CUST004445,Anushka Patel,Female,18,Lucknow,Uttar Pradesh,North
CUST004446,Nisha Pandey,Female,45,Bengaluru,Karnataka,South
CUST004447,Sneha Tiwari,Female,26,Bengaluru,Karnataka,South
CUST004448,Akash Thakur,Male,23,Hyderabad,Telangana,South
CUST004449,Kabir Pillai,Male,18,Delhi,Delhi,North
CUST004450,Tanvi Sinha,Female,18,Noida,Uttar Pradesh,North
CUST004451,Rohan Reddy,Male,18,Raipur,Chhattisgarh,Central
CUST004452,Khushi Sethi,Female,31,Coimbatore,Tamil Nadu,South
CUST004453,Vikram Menon,Male,44,Chennai,Tamil Nadu,South
CUST004454,Manya Srivastava,Female,18,Hyderabad,Telangana,South
CUST004455,Manya Kulkarni,Female,24,Indore,Madhya Pradesh,Central
CUST004456,Aanya Menon,Female,30,Ranchi,Jharkhand,East
CUST004457,Nikhil Thakur,Male,33,Bhopal,Madhya Pradesh,Central
CUST004458,Apoorva Mishra,Female,32,Surat,Gujarat,West
CUST004459,Rajat Kumar,Male,28,Mumbai,Maharashtra,West
CUST004460,Kunal Khanna,Male,35,Ahmedabad,Gujarat,West
CUST004461,Nikhil Sinha,Male,29,Mumbai,Maharashtra,West
CUST004462,Saurabh Bhatia,Male,18,Mumbai,Maharashtra,West
CUST004463,Aditya Goyal,Male,34,Pune,Maharashtra,West
CUST004464,Vikram Gupta,Male,31,Hyderabad,Telangana,South
CUST004465,Nisha Reddy,Female,28,Hyderabad,Telangana,South
CUST004466,Tanvi Jain,Female,36,Dehradun,Uttarakhand,North
CUST004467,Rishi Sethi,Male,36,Lucknow,Uttar Pradesh,North
CUST004468,Kavya Arora,Female,35,Kochi,Kerala,South
CUST004469,Sneha Bhatia,Female,36,Indore,Madhya Pradesh,Central
CUST004470,Nisha Arora,Female,18,Noida,Uttar Pradesh,North
CUST004471,Ritika Sethi,Female,18,Pune,Maharashtra,West
CUST004472,Avni Goyal,Female,34,Dehradun,Uttarakhand,North
CUST004473,Gaurav Sinha,Male,29,Chandigarh,Chandigarh,North
CUST004474,Vikram Pillai,Male,18,Bengaluru,Karnataka,South
CUST004475,Meera Das,Female,32,Pune,Maharashtra,West
CUST004476,Kunal Singh,Male,28,Bengaluru,Karnataka,South
CUST004477,Pooja Pandey,Female,28,Chandigarh,Chandigarh,North
CUST004478,Riya Shah,Female,18,Ahmedabad,Gujarat,West
CUST004479,Siddharth Malhotra,Male,36,Delhi,Delhi,North
CUST004480,Tushar Agarwal,Male,26,Mumbai,Maharashtra,West
CUST004481,Ankit Agarwal,Male,37,Bhopal,Madhya Pradesh,Central
CUST004482,Anushka Chatterjee,Female,20,Lucknow,Uttar Pradesh,North
CUST004483,Diya Kapoor,Female,26,Lucknow,Uttar Pradesh,North
CUST004484,Harsh Yadav,Male,41,Kochi,Kerala,South
CUST004485,Pranav Rao,Male,35,Pune,Maharashtra,West
CUST004486,Abhishek Jain,Male,45,Surat,Gujarat,West
CUST004487,Isha Patel,Female,38,Delhi,Delhi,North
CUST004488,Dhruv Srivastava,Male,22,Dehradun,Uttarakhand,North
CUST004489,Payal Mehta,Female,30,Indore,Madhya Pradesh,Central
CUST004490,Gaurav Saxena,Male,33,Ahmedabad,Gujarat,West
CUST004491,Manish Iyer,Male,22,Kolkata,West Bengal,East
CUST004492,Apoorva Agarwal,Female,25,Kolkata,West Bengal,East
CUST004493,Tanvi Singh,Female,37,Delhi,Delhi,North
CUST004494,Shubham Malhotra,Male,39,Chennai,Tamil Nadu,South
CUST004495,Kunal Verma,Male,25,Coimbatore,Tamil Nadu,South
CUST004496,Piyush Malhotra,Male,26,Noida,Uttar Pradesh,North
CUST004497,Tushar Sinha,Male,36,Delhi,Delhi,North
CUST004498,Amit Thakur,Male,32,Bengaluru,Karnataka,South
CUST004499,Manish Kulkarni,Male,39,Delhi,Delhi,North
CUST004500,Amit Malhotra,Male,18,Nagpur,Maharashtra,West
CUST004501,Sanya Srivastava,Female,21,Delhi,Delhi,North
CUST004502,Divya Bhatia,Female,29,Noida,Uttar Pradesh,North
CUST004503,Tushar Nair,Male,24,Surat,Gujarat,West
CUST004504,Arjun Tiwari,Male,29,Pune,Maharashtra,West
CUST004505,Sneha Kapoor,Female,24,Pune,Maharashtra,West
CUST004506,Isha Singh,Female,42,Noida,Uttar Pradesh,North
CUST004507,Amit Kumar,Male,25,Surat,Gujarat,West
CUST004508,Kabir Nair,Male,27,Delhi,Delhi,North
CUST004509,Aditya Gupta,Male,31,Ranchi,Jharkhand,East
CUST004510,Rahul Das,Male,27,Coimbatore,Tamil Nadu,South
CUST004511,Ayush Rao,Male,33,Guwahati,Assam,East
CUST004512,Akash Shah,Male,18,Lucknow,Uttar Pradesh,North
CUST004513,Mohit Chauhan,Male,24,Chennai,Tamil Nadu,South
CUST004514,Dev Singh,Male,24,Pune,Maharashtra,West
CUST004515,Piyush Singh,Male,26,Kolkata,West Bengal,East
CUST004516,Ishita Mehta,Female,32,Chennai,Tamil Nadu,South
CUST004517,Sneha Patel,Female,25,Indore,Madhya Pradesh,Central
CUST004518,Manya Gupta,Female,24,Dehradun,Uttarakhand,North
CUST004519,Rahul Kumar,Male,18,Delhi,Delhi,North
CUST004520,Aarav Bhatia,Male,24,Pune,Maharashtra,West
CUST004521,Dhruv Rao,Male,37,Pune,Maharashtra,West
CUST004522,Tushar Singh,Male,35,Ahmedabad,Gujarat,West
CUST004523,Payal Deshmukh,Female,30,Pune,Maharashtra,West
CUST004524,Rahul Verma,Male,21,Coimbatore,Tamil Nadu,South
CUST004525,Sanya Naidu,Female,35,Ranchi,Jharkhand,East
CUST004526,Abhishek Deshmukh,Male,36,Mumbai,Maharashtra,West
CUST004527,Shubham Naidu,Male,31,Hyderabad,Telangana,South
CUST004528,Radhika Rao,Female,43,Bengaluru,Karnataka,South
CUST004529,Arjun Khanna,Male,34,Pune,Maharashtra,West
CUST004530,Manish Goyal,Male,39,Surat,Gujarat,West
CUST004531,Apoorva Roy,Female,47,Bengaluru,Karnataka,South
CUST004532,Siddharth Patel,Male,38,Noida,Uttar Pradesh,North
CUST004533,Ayush Menon,Male,18,Lucknow,Uttar Pradesh,North
CUST004534,Piyush Agarwal,Male,37,Noida,Uttar Pradesh,North
CUST004535,Manish Sinha,Male,24,Bhubaneswar,Odisha,East
CUST004536,Saurabh Kapoor,Male,28,Bengaluru,Karnataka,South
CUST004537,Apoorva Shah,Female,20,Hyderabad,Telangana,South
CUST004538,Radhika Singh,Female,25,Bhopal,Madhya Pradesh,Central
CUST004539,Pooja Goyal,Female,23,Delhi,Delhi,North
CUST004540,Shubham Bansal,Male,31,Lucknow,Uttar Pradesh,North
CUST004541,Siddharth Das,Male,18,Ahmedabad,Gujarat,West
CUST004542,Arjun Kumar,Male,31,Mumbai,Maharashtra,West
CUST004543,Neha Mehta,Female,23,Ahmedabad,Gujarat,West
CUST004544,Ritika Goyal,Female,33,Dehradun,Uttarakhand,North
CUST004545,Yash Pandey,Male,18,Nagpur,Maharashtra,West
CUST004546,Manish Reddy,Male,18,Chandigarh,Chandigarh,North
CUST004547,Ritesh Singh,Male,30,Ahmedabad,Gujarat,West
CUST004548,Aditi Tiwari,Female,25,Surat,Gujarat,West
CUST004549,Mohit Kulkarni,Male,34,Mumbai,Maharashtra,West
CUST004550,Vikram Chatterjee,Male,37,Coimbatore,Tamil Nadu,South
CUST004551,Aditi Singh,Female,18,Lucknow,Uttar Pradesh,North
CUST004552,Anushka Saxena,Female,40,Hyderabad,Telangana,South
CUST004553,Swati Naidu,Female,22,Bhopal,Madhya Pradesh,Central
CUST004554,Varun Roy,Male,33,Chandigarh,Chandigarh,North
CUST004555,Ishita Goyal,Female,29,Kochi,Kerala,South
CUST004556,Saurabh Tripathi,Male,29,Kochi,Kerala,South
CUST004557,Riya Singh,Female,34,Ahmedabad,Gujarat,West
CUST004558,Vivek Saxena,Male,30,Guwahati,Assam,East
CUST004559,Rahul Banerjee,Male,30,Bhopal,Madhya Pradesh,Central
CUST004560,Aarav Iyer,Male,41,Pune,Maharashtra,West
CUST004561,Sakshi Sethi,Female,22,Bengaluru,Karnataka,South
CUST004562,Apoorva Bansal,Female,29,Mumbai,Maharashtra,West
CUST004563,Nikhil Shah,Male,26,Bengaluru,Karnataka,South
CUST004564,Aarav Deshmukh,Male,36,Hyderabad,Telangana,South
CUST004565,Kunal Mishra,Male,24,Delhi,Delhi,North
CUST004566,Nisha Gupta,Female,18,Chennai,Tamil Nadu,South
CUST004567,Nandini Patel,Female,35,Delhi,Delhi,North
CUST004568,Vivek Iyer,Male,27,Patna,Bihar,East
CUST004569,Rohan Sethi,Male,18,Bhubaneswar,Odisha,East
CUST004570,Nikhil Nair,Male,36,Bhopal,Madhya Pradesh,Central
CUST004571,Tanvi Banerjee,Female,30,Delhi,Delhi,North
CUST004572,Nisha Gupta,Female,38,Chennai,Tamil Nadu,South
CUST004573,Radhika Chopra,Female,29,Delhi,Delhi,North
CUST004574,Tanvi Joshi,Female,19,Indore,Madhya Pradesh,Central
CUST004575,Riya Chauhan,Female,18,Lucknow,Uttar Pradesh,North
CUST004576,Abhishek Thakur,Male,29,Bengaluru,Karnataka,South
CUST004577,Apoorva Malhotra,Female,18,Lucknow,Uttar Pradesh,North
CUST004578,Varun Mehta,Male,29,Chennai,Tamil Nadu,South
CUST004579,Diya Nair,Female,23,Ahmedabad,Gujarat,West
CUST004580,Kunal Chauhan,Male,34,Bengaluru,Karnataka,South
CUST004581,Kunal Banerjee,Male,22,Kolkata,West Bengal,East
CUST004582,Dev Sharma,Male,23,Coimbatore,Tamil Nadu,South
CUST004583,Sanya Bansal,Female,27,Bengaluru,Karnataka,South
CUST004584,Payal Bansal,Female,32,Hyderabad,Telangana,South
CUST004585,Varun Arora,Male,38,Ahmedabad,Gujarat,West
CUST004586,Apoorva Mehta,Female,22,Ahmedabad,Gujarat,West
CUST004587,Ankit Agarwal,Male,37,Raipur,Chhattisgarh,Central
CUST004588,Aarav Roy,Male,27,Chennai,Tamil Nadu,South
CUST004589,Apoorva Gupta,Female,24,Bengaluru,Karnataka,South
CUST004590,Palak Deshmukh,Female,20,Chennai,Tamil Nadu,South
CUST004591,Gaurav Shah,Male,43,Bengaluru,Karnataka,South
CUST004592,Aditi Nair,Female,31,Jaipur,Rajasthan,North
CUST004593,Tushar Menon,Male,38,Ahmedabad,Gujarat,West
CUST004594,Diya Agarwal,Female,31,Bengaluru,Karnataka,South
CUST004595,Swati Shah,Female,45,Bengaluru,Karnataka,South
CUST004596,Kavya Reddy,Female,18,Chennai,Tamil Nadu,South
CUST004597,Ritesh Agarwal,Male,22,Mumbai,Maharashtra,West
CUST004598,Ishita Malhotra,Female,33,Delhi,Delhi,North
CUST004599,Gaurav Pandey,Male,28,Patna,Bihar,East
CUST004600,Ankit Tiwari,Male,18,Noida,Uttar Pradesh,North
CUST004601,Avni Roy,Female,18,Jaipur,Rajasthan,North
CUST004602,Manish Kumar,Male,28,Bengaluru,Karnataka,South
CUST004603,Komal Shah,Female,26,Hyderabad,Telangana,South
CUST004604,Avni Das,Female,33,Kolkata,West Bengal,East
CUST004605,Ritesh Pandey,Male,50,Hyderabad,Telangana,South
CUST004606,Yash Singh,Male,30,Dehradun,Uttarakhand,North
CUST004607,Aanya Patel,Female,24,Kolkata,West Bengal,East
CUST004608,Aanya Mehta,Female,20,Noida,Uttar Pradesh,North
CUST004609,Rahul Bansal,Male,47,Ranchi,Jharkhand,East
CUST004610,Payal Naidu,Female,31,Ranchi,Jharkhand,East
CUST004611,Kavya Kapoor,Female,28,Bhubaneswar,Odisha,East
CUST004612,Sakshi Iyer,Female,18,Nagpur,Maharashtra,West
CUST004613,Shreya Mishra,Female,36,Bengaluru,Karnataka,South
CUST004614,Ritesh Naidu,Male,28,Chennai,Tamil Nadu,South
CUST004615,Ankit Sharma,Male,34,Coimbatore,Tamil Nadu,South
CUST004616,Rahul Chatterjee,Male,26,Bengaluru,Karnataka,South
CUST004617,Sakshi Bhatia,Female,33,Jaipur,Rajasthan,North
CUST004618,Sakshi Iyer,Female,28,Bengaluru,Karnataka,South
CUST004619,Tushar Arora,Male,37,Lucknow,Uttar Pradesh,North
CUST004620,Kabir Kumar,Male,36,Nagpur,Maharashtra,West
CUST004621,Aditi Pillai,Female,36,Nagpur,Maharashtra,West
CUST004622,Swati Reddy,Female,37,Delhi,Delhi,North
CUST004623,Palak Chopra,Female,47,Ranchi,Jharkhand,East
CUST004624,Palak Sinha,Female,18,Ahmedabad,Gujarat,West
CUST004625,Amit Goyal,Male,23,Chennai,Tamil Nadu,South
CUST004626,Sameer Deshmukh,Male,25,Raipur,Chhattisgarh,Central
CUST004627,Divya Chauhan,Female,33,Surat,Gujarat,West
CUST004628,Manish Chopra,Male,34,Nagpur,Maharashtra,West
CUST004629,Rishi Goyal,Male,33,Mumbai,Maharashtra,West
CUST004630,Shubham Verma,Male,18,Pune,Maharashtra,West
CUST004631,Nandini Reddy,Female,26,Chennai,Tamil Nadu,South
CUST004632,Khushi Joshi,Female,26,Lucknow,Uttar Pradesh,North
CUST004633,Saurabh Patel,Male,31,Chandigarh,Chandigarh,North
CUST004634,Nikhil Patel,Male,27,Bengaluru,Karnataka,South
CUST004635,Arjun Banerjee,Male,36,Mumbai,Maharashtra,West
CUST004636,Ritesh Goyal,Male,35,Mumbai,Maharashtra,West
CUST004637,Sanya Pandey,Female,22,Dehradun,Uttarakhand,North
CUST004638,Rohan Iyer,Male,18,Mumbai,Maharashtra,West
CUST004639,Vivek Deshmukh,Male,26,Bengaluru,Karnataka,South
CUST004640,Anushka Verma,Female,18,Chandigarh,Chandigarh,North
CUST004641,Rishi Patel,Male,20,Pune,Maharashtra,West
CUST004642,Palak Kapoor,Female,24,Delhi,Delhi,North
CUST004643,Siddharth Naidu,Male,38,Indore,Madhya Pradesh,Central
CUST004644,Aditya Jain,Male,30,Mumbai,Maharashtra,West
CUST004645,Vivek Patel,Male,24,Hyderabad,Telangana,South
CUST004646,Gaurav Sethi,Male,32,Hyderabad,Telangana,South
CUST004647,Shubham Iyer,Male,26,Lucknow,Uttar Pradesh,North
CUST004648,Diya Tripathi,Female,30,Ahmedabad,Gujarat,West
CUST004649,Rajat Gupta,Male,41,Hyderabad,Telangana,South
CUST004650,Khushi Sethi,Female,24,Ahmedabad,Gujarat,West
CUST004651,Rahul Tripathi,Male,34,Noida,Uttar Pradesh,North
CUST004652,Tushar Agarwal,Male,25,Hyderabad,Telangana,South
CUST004653,Sakshi Deshmukh,Female,32,Mumbai,Maharashtra,West
CUST004654,Mohit Roy,Male,37,Indore,Madhya Pradesh,Central
CUST004655,Ankit Patel,Male,30,Kochi,Kerala,South
CUST004656,Ayush Joshi,Male,26,Hyderabad,Telangana,South
CUST004657,Muskan Iyer,Female,35,Chandigarh,Chandigarh,North
CUST004658,Isha Tiwari,Female,23,Bengaluru,Karnataka,South
CUST004659,Nisha Naidu,Female,20,Surat,Gujarat,West
CUST004660,Manish Das,Male,38,Pune,Maharashtra,West
CUST004661,Payal Khanna,Female,18,Bengaluru,Karnataka,South
CUST004662,Dev Iyer,Male,22,Lucknow,Uttar Pradesh,North
CUST004663,Shubham Naidu,Male,32,Surat,Gujarat,West
CUST004664,Varun Thakur,Male,39,Lucknow,Uttar Pradesh,North
CUST004665,Simran Mehta,Female,29,Ahmedabad,Gujarat,West
CUST004666,Mohit Das,Male,41,Nagpur,Maharashtra,West
CUST004667,Pooja Srivastava,Female,49,Hyderabad,Telangana,South
CUST004668,Tanvi Agarwal,Female,31,Jaipur,Rajasthan,North
CUST004669,Avni Khanna,Female,44,Lucknow,Uttar Pradesh,North
CUST004670,Manish Verma,Male,25,Delhi,Delhi,North
CUST004671,Yash Tripathi,Male,22,Kolkata,West Bengal,East
CUST004672,Yash Singh,Male,47,Delhi,Delhi,North
CUST004673,Isha Yadav,Female,40,Bengaluru,Karnataka,South
CUST004674,Amit Bhatia,Male,47,Chandigarh,Chandigarh,North
CUST004675,Kavya Pillai,Female,31,Jaipur,Rajasthan,North
CUST004676,Meera Chauhan,Female,25,Pune,Maharashtra,West
CUST004677,Muskan Chopra,Female,19,Pune,Maharashtra,West
CUST004678,Aarav Mehta,Male,27,Noida,Uttar Pradesh,North
CUST004679,Dhruv Chatterjee,Male,20,Ranchi,Jharkhand,East
CUST004680,Shreya Verma,Female,31,Surat,Gujarat,West
CUST004681,Meera Menon,Female,32,Lucknow,Uttar Pradesh,North
CUST004682,Simran Tiwari,Female,32,Surat,Gujarat,West
CUST004683,Tushar Bhatia,Male,31,Chennai,Tamil Nadu,South
CUST004684,Diya Patel,Female,27,Hyderabad,Telangana,South
CUST004685,Rohan Yadav,Male,24,Jaipur,Rajasthan,North
CUST004686,Neha Rao,Female,24,Bhubaneswar,Odisha,East
CUST004687,Nisha Naidu,Female,26,Mumbai,Maharashtra,West
CUST004688,Rajat Tiwari,Male,28,Delhi,Delhi,North
CUST004689,Swati Pillai,Female,35,Lucknow,Uttar Pradesh,North
CUST004690,Abhishek Kumar,Male,26,Nagpur,Maharashtra,West
CUST004691,Aditi Goyal,Female,20,Indore,Madhya Pradesh,Central
CUST004692,Gaurav Das,Male,26,Jaipur,Rajasthan,North
CUST004693,Aditi Shah,Female,35,Raipur,Chhattisgarh,Central
CUST004694,Khushi Kumar,Female,24,Ahmedabad,Gujarat,West
CUST004695,Meera Arora,Female,21,Lucknow,Uttar Pradesh,North
CUST004696,Ayush Menon,Male,41,Nagpur,Maharashtra,West
CUST004697,Dev Arora,Male,32,Mumbai,Maharashtra,West
CUST004698,Harsh Khanna,Male,19,Jaipur,Rajasthan,North
CUST004699,Shruti Sethi,Female,23,Indore,Madhya Pradesh,Central
CUST004700,Ankit Kumar,Male,29,Mumbai,Maharashtra,West
CUST004701,Harsh Saxena,Male,25,Hyderabad,Telangana,South
CUST004702,Sanya Iyer,Female,43,Guwahati,Assam,East
CUST004703,Ankit Malhotra,Male,31,Coimbatore,Tamil Nadu,South
CUST004704,Aditi Naidu,Female,23,Bhopal,Madhya Pradesh,Central
CUST004705,Harsh Shah,Male,26,Lucknow,Uttar Pradesh,North
CUST004706,Isha Jain,Female,26,Nagpur,Maharashtra,West
CUST004707,Diya Joshi,Female,35,Chennai,Tamil Nadu,South
CUST004708,Pranav Bhatia,Male,36,Ahmedabad,Gujarat,West
CUST004709,Khushi Rao,Female,35,Delhi,Delhi,North
CUST004710,Sneha Mehta,Female,31,Pune,Maharashtra,West
CUST004711,Ankit Rao,Male,19,Hyderabad,Telangana,South
CUST004712,Muskan Joshi,Female,25,Bhopal,Madhya Pradesh,Central
CUST004713,Aditi Joshi,Female,37,Lucknow,Uttar Pradesh,North
CUST004714,Avni Gupta,Female,28,Coimbatore,Tamil Nadu,South
CUST004715,Abhishek Patel,Male,44,Ahmedabad,Gujarat,West
CUST004716,Manya Patel,Female,42,Hyderabad,Telangana,South
CUST004717,Rohan Chauhan,Male,37,Bengaluru,Karnataka,South
CUST004718,Payal Das,Female,48,Bengaluru,Karnataka,South
CUST004719,Riya Mishra,Female,37,Kolkata,West Bengal,East
CUST004720,Aditi Malhotra,Female,23,Lucknow,Uttar Pradesh,North
CUST004721,Radhika Malhotra,Female,32,Bengaluru,Karnataka,South
CUST004722,Ritesh Tiwari,Male,26,Indore,Madhya Pradesh,Central
CUST004723,Kabir Shah,Male,29,Noida,Uttar Pradesh,North
CUST004724,Simran Bhatia,Female,20,Delhi,Delhi,North
CUST004725,Amit Agarwal,Male,30,Pune,Maharashtra,West
CUST004726,Payal Kumar,Female,29,Chennai,Tamil Nadu,South
CUST004727,Vikram Saxena,Male,36,Bhubaneswar,Odisha,East
CUST004728,Arjun Roy,Male,18,Jaipur,Rajasthan,North
CUST004729,Kunal Sharma,Male,32,Hyderabad,Telangana,South
CUST004730,Varun Agarwal,Male,18,Surat,Gujarat,West
CUST004731,Ananya Malhotra,Female,28,Noida,Uttar Pradesh,North
CUST004732,Nandini Kulkarni,Female,31,Guwahati,Assam,East
CUST004733,Arjun Naidu,Male,28,Jaipur,Rajasthan,North
CUST004734,Nisha Yadav,Female,24,Mumbai,Maharashtra,West
CUST004735,Sameer Reddy,Male,39,Surat,Gujarat,West
CUST004736,Ritesh Sinha,Male,31,Jaipur,Rajasthan,North
CUST004737,Ananya Deshmukh,Female,26,Kochi,Kerala,South
CUST004738,Pranav Mehta,Male,34,Bengaluru,Karnataka,South
CUST004739,Vikram Chopra,Male,35,Raipur,Chhattisgarh,Central
CUST004740,Apoorva Thakur,Female,22,Kolkata,West Bengal,East
CUST004741,Aarav Khanna,Male,35,Bengaluru,Karnataka,South
CUST004742,Pooja Chauhan,Female,22,Pune,Maharashtra,West
CUST004743,Pooja Kumar,Female,32,Chandigarh,Chandigarh,North
CUST004744,Rishi Singh,Male,32,Ahmedabad,Gujarat,West
CUST004745,Meera Srivastava,Female,22,Kolkata,West Bengal,East
CUST004746,Pranav Pillai,Male,32,Delhi,Delhi,North
CUST004747,Tushar Gupta,Male,23,Bhopal,Madhya Pradesh,Central
CUST004748,Neha Srivastava,Female,21,Ahmedabad,Gujarat,West
CUST004749,Radhika Menon,Female,18,Jaipur,Rajasthan,North
CUST004750,Priya Kulkarni,Female,33,Bhopal,Madhya Pradesh,Central
CUST004751,Arjun Yadav,Male,25,Ranchi,Jharkhand,East
CUST004752,Rahul Nair,Male,30,Bhopal,Madhya Pradesh,Central
CUST004753,Manish Agarwal,Male,32,Delhi,Delhi,North
CUST004754,Sneha Mehta,Female,36,Hyderabad,Telangana,South
CUST004755,Anushka Sharma,Female,31,Kolkata,West Bengal,East
CUST004756,Nisha Reddy,Female,32,Patna,Bihar,East
CUST004757,Diya Tiwari,Female,20,Surat,Gujarat,West
CUST004758,Aarav Arora,Male,24,Bengaluru,Karnataka,South
CUST004759,Sanya Chatterjee,Female,45,Lucknow,Uttar Pradesh,North
CUST004760,Ritesh Thakur,Male,29,Lucknow,Uttar Pradesh,North
CUST004761,Muskan Sinha,Female,26,Surat,Gujarat,West
CUST004762,Sanya Chatterjee,Female,36,Raipur,Chhattisgarh,Central
CUST004763,Ananya Mishra,Female,32,Kochi,Kerala,South
CUST004764,Karan Bhatia,Male,27,Pune,Maharashtra,West
CUST004765,Neha Jain,Female,25,Pune,Maharashtra,West
CUST004766,Shreya Iyer,Female,34,Mumbai,Maharashtra,West
CUST004767,Tanvi Das,Female,25,Indore,Madhya Pradesh,Central
CUST004768,Rishi Nair,Male,28,Lucknow,Uttar Pradesh,North
CUST004769,Piyush Tiwari,Male,36,Indore,Madhya Pradesh,Central
CUST004770,Gaurav Srivastava,Male,25,Delhi,Delhi,North
CUST004771,Tushar Agarwal,Male,31,Chandigarh,Chandigarh,North
CUST004772,Siddharth Sharma,Male,19,Mumbai,Maharashtra,West
CUST004773,Swati Chauhan,Female,28,Coimbatore,Tamil Nadu,South
CUST004774,Aarav Jain,Male,18,Nagpur,Maharashtra,West
CUST004775,Manish Mehta,Male,38,Dehradun,Uttarakhand,North
CUST004776,Manish Reddy,Male,27,Patna,Bihar,East
CUST004777,Simran Agarwal,Female,36,Patna,Bihar,East
CUST004778,Tushar Kulkarni,Male,35,Bengaluru,Karnataka,South
CUST004779,Akash Agarwal,Male,29,Pune,Maharashtra,West
CUST004780,Kunal Sinha,Male,25,Chennai,Tamil Nadu,South
CUST004781,Aditya Sharma,Male,27,Lucknow,Uttar Pradesh,North
CUST004782,Apoorva Rao,Female,27,Jaipur,Rajasthan,North
CUST004783,Arjun Mehta,Male,29,Ahmedabad,Gujarat,West
CUST004784,Radhika Mehta,Female,28,Chennai,Tamil Nadu,South
CUST004785,Shubham Saxena,Male,18,Delhi,Delhi,North
CUST004786,Divya Gupta,Female,44,Jaipur,Rajasthan,North
CUST004787,Ishita Singh,Female,37,Raipur,Chhattisgarh,Central
CUST004788,Isha Deshmukh,Female,35,Mumbai,Maharashtra,West
CUST004789,Siddharth Pandey,Male,42,Nagpur,Maharashtra,West
CUST004790,Anushka Joshi,Female,22,Dehradun,Uttarakhand,North
CUST004791,Diya Saxena,Female,22,Ahmedabad,Gujarat,West
CUST004792,Amit Kapoor,Male,33,Jaipur,Rajasthan,North
CUST004793,Sneha Naidu,Female,26,Raipur,Chhattisgarh,Central
CUST004794,Vikram Chopra,Male,37,Pune,Maharashtra,West
CUST004795,Sneha Reddy,Female,40,Ahmedabad,Gujarat,West
CUST004796,Nandini Sinha,Female,24,Surat,Gujarat,West
CUST004797,Piyush Arora,Male,34,Hyderabad,Telangana,South
CUST004798,Vikram Chopra,Male,35,Kochi,Kerala,South
CUST004799,Vikram Chopra,Male,22,Dehradun,Uttarakhand,North
CUST004800,Manish Pillai,Male,31,Patna,Bihar,East
CUST004801,Kunal Reddy,Male,18,Bengaluru,Karnataka,South
CUST004802,Nisha Roy,Female,33,Mumbai,Maharashtra,West
CUST004803,Arjun Kapoor,Male,18,Bhopal,Madhya Pradesh,Central
CUST004804,Aditi Reddy,Female,28,Bengaluru,Karnataka,South
CUST004805,Pranav Bhatia,Male,51,Mumbai,Maharashtra,West
CUST004806,Rishi Naidu,Male,31,Raipur,Chhattisgarh,Central
CUST004807,Varun Kapoor,Male,37,Lucknow,Uttar Pradesh,North
CUST004808,Dhruv Nair,Male,18,Delhi,Delhi,North
CUST004809,Nikhil Das,Male,19,Chandigarh,Chandigarh,North
CUST004810,Manya Malhotra,Female,30,Delhi,Delhi,North
CUST004811,Ritesh Tripathi,Male,36,Lucknow,Uttar Pradesh,North
CUST004812,Divya Bhatia,Female,31,Hyderabad,Telangana,South
CUST004813,Aditya Deshmukh,Male,34,Mumbai,Maharashtra,West
CUST004814,Isha Tiwari,Female,42,Ahmedabad,Gujarat,West
CUST004815,Anushka Pillai,Female,28,Lucknow,Uttar Pradesh,North
CUST004816,Avni Roy,Female,32,Kochi,Kerala,South
CUST004817,Payal Tiwari,Female,19,Lucknow,Uttar Pradesh,North
CUST004818,Kavya Nair,Female,39,Patna,Bihar,East
CUST004819,Simran Goyal,Female,30,Chennai,Tamil Nadu,South
CUST004820,Ananya Bhatia,Female,49,Delhi,Delhi,North
CUST004821,Nandini Shah,Female,24,Delhi,Delhi,North
CUST004822,Yash Pandey,Male,23,Bengaluru,Karnataka,South
CUST004823,Tanvi Deshmukh,Female,30,Delhi,Delhi,North
CUST004824,Ritesh Gupta,Male,38,Indore,Madhya Pradesh,Central
CUST004825,Neha Bhatia,Female,33,Chennai,Tamil Nadu,South
CUST004826,Ankit Das,Male,21,Delhi,Delhi,North
CUST004827,Aarav Verma,Male,23,Bengaluru,Karnataka,South
CUST004828,Palak Singh,Female,33,Delhi,Delhi,North
CUST004829,Harsh Roy,Male,18,Lucknow,Uttar Pradesh,North
CUST004830,Radhika Mehta,Female,31,Patna,Bihar,East
CUST004831,Diya Chatterjee,Female,38,Kolkata,West Bengal,East
CUST004832,Amit Patel,Male,33,Pune,Maharashtra,West
CUST004833,Harsh Khanna,Male,19,Mumbai,Maharashtra,West
CUST004834,Tushar Das,Male,30,Bhubaneswar,Odisha,East
CUST004835,Gaurav Gupta,Male,27,Nagpur,Maharashtra,West
CUST004836,Sanya Singh,Female,31,Pune,Maharashtra,West
CUST004837,Rajat Arora,Male,36,Noida,Uttar Pradesh,North
CUST004838,Nisha Chopra,Female,27,Bhopal,Madhya Pradesh,Central
CUST004839,Khushi Menon,Female,35,Ahmedabad,Gujarat,West
CUST004840,Anushka Singh,Female,18,Mumbai,Maharashtra,West
CUST004841,Varun Bansal,Male,32,Noida,Uttar Pradesh,North
CUST004842,Vivek Mehta,Male,41,Indore,Madhya Pradesh,Central
CUST004843,Kunal Sharma,Male,22,Bengaluru,Karnataka,South
CUST004844,Amit Khanna,Male,33,Ahmedabad,Gujarat,West
CUST004845,Komal Gupta,Female,43,Patna,Bihar,East
CUST004846,Neha Roy,Female,29,Kolkata,West Bengal,East
CUST004847,Akash Das,Male,36,Ahmedabad,Gujarat,West
CUST004848,Sameer Sinha,Male,18,Ranchi,Jharkhand,East
CUST004849,Aanya Kapoor,Female,22,Nagpur,Maharashtra,West
CUST004850,Anushka Das,Female,44,Bengaluru,Karnataka,South
CUST004851,Karan Pandey,Male,34,Hyderabad,Telangana,South
CUST004852,Divya Tripathi,Female,28,Dehradun,Uttarakhand,North
CUST004853,Tushar Kapoor,Male,18,Delhi,Delhi,North
CUST004854,Varun Goyal,Male,34,Hyderabad,Telangana,South
CUST004855,Nisha Pillai,Female,35,Bhopal,Madhya Pradesh,Central
CUST004856,Karan Rao,Male,30,Raipur,Chhattisgarh,Central
CUST004857,Rohan Das,Male,18,Chennai,Tamil Nadu,South
CUST004858,Khushi Kulkarni,Female,18,Mumbai,Maharashtra,West
CUST004859,Sanya Mishra,Female,18,Surat,Gujarat,West
CUST004860,Shruti Thakur,Female,35,Bengaluru,Karnataka,South
CUST004861,Khushi Menon,Female,21,Bhopal,Madhya Pradesh,Central
CUST004862,Shruti Goyal,Female,23,Chandigarh,Chandigarh,North
CUST004863,Amit Saxena,Male,28,Chandigarh,Chandigarh,North
CUST004864,Diya Shah,Female,47,Lucknow,Uttar Pradesh,North
CUST004865,Rajat Reddy,Male,28,Bhubaneswar,Odisha,East
CUST004866,Payal Shah,Female,35,Patna,Bihar,East
CUST004867,Nisha Roy,Female,28,Bhubaneswar,Odisha,East
CUST004868,Rajat Bhatia,Male,32,Lucknow,Uttar Pradesh,North
CUST004869,Radhika Patel,Female,26,Lucknow,Uttar Pradesh,North
CUST004870,Siddharth Khanna,Male,36,Mumbai,Maharashtra,West
CUST004871,Palak Kumar,Female,55,Bengaluru,Karnataka,South
CUST004872,Rajat Patel,Male,27,Jaipur,Rajasthan,North
CUST004873,Meera Patel,Female,33,Noida,Uttar Pradesh,North
CUST004874,Sameer Chatterjee,Male,32,Nagpur,Maharashtra,West
CUST004875,Rishi Roy,Male,31,Dehradun,Uttarakhand,North
CUST004876,Ritesh Sinha,Male,18,Hyderabad,Telangana,South
CUST004877,Ananya Chopra,Female,34,Noida,Uttar Pradesh,North
CUST004878,Aarav Malhotra,Male,39,Pune,Maharashtra,West
CUST004879,Kavya Agarwal,Female,33,Dehradun,Uttarakhand,North
CUST004880,Nikhil Agarwal,Male,27,Hyderabad,Telangana,South
CUST004881,Varun Jain,Male,40,Ahmedabad,Gujarat,West
CUST004882,Yash Pillai,Male,18,Hyderabad,Telangana,South
CUST004883,Radhika Agarwal,Female,18,Mumbai,Maharashtra,West
CUST004884,Karan Das,Male,24,Bengaluru,Karnataka,South
CUST004885,Nikhil Deshmukh,Male,41,Surat,Gujarat,West
CUST004886,Aditi Deshmukh,Female,22,Ranchi,Jharkhand,East
CUST004887,Vikram Srivastava,Male,25,Bengaluru,Karnataka,South
CUST004888,Mohit Verma,Male,27,Jaipur,Rajasthan,North
CUST004889,Sameer Kumar,Male,22,Bhubaneswar,Odisha,East
CUST004890,Saurabh Singh,Male,29,Jaipur,Rajasthan,North
CUST004891,Divya Chatterjee,Female,24,Hyderabad,Telangana,South
CUST004892,Anushka Iyer,Female,18,Bengaluru,Karnataka,South
CUST004893,Akash Pillai,Male,25,Bengaluru,Karnataka,South
CUST004894,Varun Rao,Male,18,Ranchi,Jharkhand,East
CUST004895,Isha Khanna,Female,21,Bengaluru,Karnataka,South
CUST004896,Sakshi Shah,Female,35,Coimbatore,Tamil Nadu,South
CUST004897,Aanya Patel,Female,37,Ranchi,Jharkhand,East
CUST004898,Rahul Pandey,Male,37,Jaipur,Rajasthan,North
CUST004899,Kavya Khanna,Female,21,Noida,Uttar Pradesh,North
CUST004900,Ritesh Thakur,Male,36,Dehradun,Uttarakhand,North
CUST004901,Shruti Arora,Female,30,Pune,Maharashtra,West
CUST004902,Simran Shah,Female,24,Jaipur,Rajasthan,North
CUST004903,Khushi Verma,Female,21,Ahmedabad,Gujarat,West
CUST004904,Tanvi Tripathi,Female,38,Hyderabad,Telangana,South
CUST004905,Tanvi Kulkarni,Female,34,Delhi,Delhi,North
CUST004906,Yash Menon,Male,18,Ranchi,Jharkhand,East
CUST004907,Payal Khanna,Female,38,Kolkata,West Bengal,East
CUST004908,Ayush Menon,Male,37,Bhubaneswar,Odisha,East
CUST004909,Swati Rao,Female,31,Lucknow,Uttar Pradesh,North
CUST004910,Sanya Yadav,Female,21,Jaipur,Rajasthan,North
CUST004911,Simran Agarwal,Female,35,Dehradun,Uttarakhand,North
CUST004912,Muskan Yadav,Female,34,Lucknow,Uttar Pradesh,North
CUST004913,Tushar Rao,Male,32,Kochi,Kerala,South
CUST004914,Manish Pillai,Male,40,Pune,Maharashtra,West
CUST004915,Rohan Bansal,Male,31,Delhi,Delhi,North
CUST004916,Apoorva Kulkarni,Female,27,Mumbai,Maharashtra,West
CUST004917,Amit Banerjee,Male,28,Patna,Bihar,East
CUST004918,Aanya Kapoor,Female,24,Pune,Maharashtra,West
CUST004919,Nikhil Joshi,Male,34,Chennai,Tamil Nadu,South
CUST004920,Kunal Iyer,Male,38,Bhopal,Madhya Pradesh,Central
CUST004921,Siddharth Arora,Male,34,Bhubaneswar,Odisha,East
CUST004922,Aditya Srivastava,Male,35,Kolkata,West Bengal,East
CUST004923,Abhishek Reddy,Male,23,Bengaluru,Karnataka,South
CUST004924,Palak Verma,Female,20,Delhi,Delhi,North
CUST004925,Tushar Thakur,Male,18,Bengaluru,Karnataka,South
CUST004926,Vivek Bansal,Male,32,Bengaluru,Karnataka,South
CUST004927,Meera Reddy,Female,28,Noida,Uttar Pradesh,North
CUST004928,Akash Tripathi,Male,26,Bengaluru,Karnataka,South
CUST004929,Ayush Bhatia,Male,38,Coimbatore,Tamil Nadu,South
CUST004930,Aarav Sethi,Male,24,Pune,Maharashtra,West
CUST004931,Pranav Bhatia,Male,29,Hyderabad,Telangana,South
CUST004932,Siddharth Naidu,Male,26,Patna,Bihar,East
CUST004933,Kavya Yadav,Female,18,Hyderabad,Telangana,South
CUST004934,Palak Iyer,Female,21,Bengaluru,Karnataka,South
CUST004935,Tanvi Shah,Female,27,Guwahati,Assam,East
CUST004936,Shubham Malhotra,Male,29,Pune,Maharashtra,West
CUST004937,Apoorva Chauhan,Female,29,Dehradun,Uttarakhand,North
CUST004938,Siddharth Chauhan,Male,29,Chennai,Tamil Nadu,South
CUST004939,Aarav Sharma,Male,29,Raipur,Chhattisgarh,Central
CUST004940,Manya Bansal,Female,34,Mumbai,Maharashtra,West
CUST004941,Swati Chopra,Female,31,Chennai,Tamil Nadu,South
CUST004942,Manish Chopra,Male,34,Raipur,Chhattisgarh,Central
CUST004943,Manya Banerjee,Female,42,Indore,Madhya Pradesh,Central
CUST004944,Gaurav Goyal,Male,19,Pune,Maharashtra,West
CUST004945,Akash Patel,Male,23,Chennai,Tamil Nadu,South
CUST004946,Dev Srivastava,Male,30,Coimbatore,Tamil Nadu,South
CUST004947,Aarav Saxena,Male,30,Kolkata,West Bengal,East
CUST004948,Palak Tiwari,Female,21,Bengaluru,Karnataka,South
CUST004949,Meera Kapoor,Female,40,Jaipur,Rajasthan,North
CUST004950,Rishi Bansal,Male,24,Chennai,Tamil Nadu,South
CUST004951,Varun Kulkarni,Male,36,Mumbai,Maharashtra,West
CUST004952,Nandini Gupta,Female,31,Noida,Uttar Pradesh,North
CUST004953,Avni Thakur,Female,36,Hyderabad,Telangana,South
CUST004954,Aditya Bansal,Male,41,Mumbai,Maharashtra,West
CUST004955,Arjun Khanna,Male,28,Bengaluru,Karnataka,South
CUST004956,Radhika Tiwari,Female,18,Patna,Bihar,East
CUST004957,Avni Bansal,Female,25,Pune,Maharashtra,West
CUST004958,Nandini Chatterjee,Female,18,Bengaluru,Karnataka,South
CUST004959,Apoorva Menon,Female,21,Coimbatore,Tamil Nadu,South
CUST004960,Manya Chauhan,Female,20,Chennai,Tamil Nadu,South
CUST004961,Kavya Mehta,Female,30,Surat,Gujarat,West
CUST004962,Sameer Deshmukh,Male,29,Delhi,Delhi,North
CUST004963,Manish Reddy,Male,34,Delhi,Delhi,North
CUST004964,Rajat Chopra,Male,31,Chennai,Tamil Nadu,South
CUST004965,Shreya Bansal,Female,36,Mumbai,Maharashtra,West
CUST004966,Aarav Bhatia,Male,29,Lucknow,Uttar Pradesh,North
CUST004967,Gaurav Deshmukh,Male,36,Delhi,Delhi,North
CUST004968,Saurabh Tiwari,Male,26,Dehradun,Uttarakhand,North
CUST004969,Aarav Arora,Male,22,Noida,Uttar Pradesh,North
CUST004970,Nikhil Thakur,Male,19,Mumbai,Maharashtra,West
CUST004971,Avni Sethi,Female,25,Kochi,Kerala,South
CUST004972,Dhruv Srivastava,Male,36,Chandigarh,Chandigarh,North
CUST004973,Rohan Nair,Male,21,Bhubaneswar,Odisha,East
CUST004974,Sanya Mishra,Female,39,Mumbai,Maharashtra,West
CUST004975,Vivek Rao,Male,37,Indore,Madhya Pradesh,Central
CUST004976,Aarav Menon,Male,37,Mumbai,Maharashtra,West
CUST004977,Arjun Agarwal,Male,35,Jaipur,Rajasthan,North
CUST004978,Dhruv Rao,Male,19,Bhubaneswar,Odisha,East
CUST004979,Ishita Mishra,Female,30,Guwahati,Assam,East
CUST004980,Sakshi Khanna,Female,30,Bengaluru,Karnataka,South
CUST004981,Siddharth Nair,Male,47,Dehradun,Uttarakhand,North
CUST004982,Aditi Khanna,Female,37,Delhi,Delhi,North
CUST004983,Riya Verma,Female,27,Hyderabad,Telangana,South
CUST004984,Payal Sinha,Female,18,Guwahati,Assam,East
CUST004985,Pranav Chopra,Male,31,Dehradun,Uttarakhand,North
CUST004986,Aditi Khanna,Female,27,Patna,Bihar,East
CUST004987,Nisha Chauhan,Female,35,Raipur,Chhattisgarh,Central
CUST004988,Divya Banerjee,Female,47,Nagpur,Maharashtra,West
CUST004989,Vikram Shah,Male,38,Jaipur,Rajasthan,North
CUST004990,Shreya Pillai,Female,25,Patna,Bihar,East
CUST004991,Mohit Das,Male,18,Pune,Maharashtra,West
CUST004992,Rishi Pillai,Male,20,Lucknow,Uttar Pradesh,North
CUST004993,Riya Banerjee,Female,18,Dehradun,Uttarakhand,North
CUST004994,Harsh Goyal,Male,44,Bhubaneswar,Odisha,East
CUST004995,Anushka Goyal,Female,45,Chennai,Tamil Nadu,South
CUST004996,Shubham Tripathi,Male,31,Coimbatore,Tamil Nadu,South
CUST004997,Rajat Mishra,Male,18,Bengaluru,Karnataka,South
CUST004998,Ananya Jain,Female,30,Chennai,Tamil Nadu,South
CUST004999,Shreya Menon,Female,38,Surat,Gujarat,West
CUST005000,Saurabh Banerjee,Male,32,Jaipur,Rajasthan,North
CUST005001,Rohan Yadav,Male,22,Coimbatore,Tamil Nadu,South
CUST005002,Payal Banerjee,Female,28,Lucknow,Uttar Pradesh,North
CUST005003,Aditi Arora,Female,32,Pune,Maharashtra,West
CUST005004,Tushar Roy,Male,35,Pune,Maharashtra,West
CUST005005,Nisha Naidu,Female,33,Delhi,Delhi,North
CUST005006,Kabir Gupta,Male,28,Hyderabad,Telangana,South
CUST005007,Rishi Patel,Male,25,Indore,Madhya Pradesh,Central
CUST005008,Rajat Roy,Male,36,Lucknow,Uttar Pradesh,North
CUST005009,Radhika Pillai,Female,37,Kolkata,West Bengal,East
CUST005010,Pranav Menon,Male,45,Bengaluru,Karnataka,South
CUST005011,Rajat Arora,Male,26,Lucknow,Uttar Pradesh,North
CUST005012,Harsh Sharma,Male,19,Nagpur,Maharashtra,West
CUST005013,Payal Chauhan,Female,18,Mumbai,Maharashtra,West
CUST005014,Harsh Menon,Male,37,Ahmedabad,Gujarat,West
CUST005015,Aanya Joshi,Female,24,Lucknow,Uttar Pradesh,North
CUST005016,Apoorva Shah,Female,35,Jaipur,Rajasthan,North
CUST005017,Sanya Chatterjee,Female,24,Ahmedabad,Gujarat,West
CUST005018,Ayush Sharma,Male,26,Bhubaneswar,Odisha,East
CUST005019,Vikram Rao,Male,26,Patna,Bihar,East
CUST005020,Muskan Khanna,Female,29,Kolkata,West Bengal,East
CUST005021,Khushi Yadav,Female,25,Bengaluru,Karnataka,South
CUST005022,Kunal Srivastava,Male,26,Delhi,Delhi,North
CUST005023,Dev Malhotra,Male,27,Mumbai,Maharashtra,West
CUST005024,Manya Iyer,Female,26,Hyderabad,Telangana,South
CUST005025,Amit Sharma,Male,23,Surat,Gujarat,West
CUST005026,Sameer Pillai,Male,40,Indore,Madhya Pradesh,Central
CUST005027,Vivek Pandey,Male,37,Hyderabad,Telangana,South
CUST005028,Meera Joshi,Female,36,Raipur,Chhattisgarh,Central
CUST005029,Yash Goyal,Male,43,Bengaluru,Karnataka,South
CUST005030,Vikram Srivastava,Male,30,Indore,Madhya Pradesh,Central
CUST005031,Isha Nair,Female,45,Mumbai,Maharashtra,West
CUST005032,Shruti Iyer,Female,35,Hyderabad,Telangana,South
CUST005033,Varun Tripathi,Male,28,Raipur,Chhattisgarh,Central
CUST005034,Nikhil Sharma,Male,33,Noida,Uttar Pradesh,North
CUST005035,Radhika Jain,Female,29,Jaipur,Rajasthan,North
CUST005036,Mohit Roy,Male,18,Delhi,Delhi,North
CUST005037,Pranav Chatterjee,Male,31,Noida,Uttar Pradesh,North
CUST005038,Muskan Bansal,Female,27,Bhopal,Madhya Pradesh,Central
CUST005039,Palak Deshmukh,Female,33,Mumbai,Maharashtra,West
CUST005040,Kabir Pillai,Male,30,Lucknow,Uttar Pradesh,North
CUST005041,Tanvi Sethi,Female,22,Patna,Bihar,East
CUST005042,Nandini Nair,Female,40,Raipur,Chhattisgarh,Central
CUST005043,Harsh Saxena,Male,18,Pune,Maharashtra,West
CUST005044,Ananya Reddy,Female,22,Mumbai,Maharashtra,West
CUST005045,Ananya Das,Female,28,Ahmedabad,Gujarat,West
CUST005046,Avni Pandey,Female,36,Hyderabad,Telangana,South
CUST005047,Palak Chauhan,Female,32,Mumbai,Maharashtra,West
CUST005048,Dhruv Pillai,Male,32,Lucknow,Uttar Pradesh,North
CUST005049,Saurabh Pillai,Male,33,Hyderabad,Telangana,South
CUST005050,Gaurav Saxena,Male,29,Delhi,Delhi,North
CUST005051,Arjun Agarwal,Male,18,Bhubaneswar,Odisha,East
CUST005052,Akash Goyal,Male,29,Kochi,Kerala,South
CUST005053,Tanvi Bansal,Female,32,Raipur,Chhattisgarh,Central
CUST005054,Apoorva Rao,Female,41,Bengaluru,Karnataka,South
CUST005055,Pranav Patel,Male,18,Kolkata,West Bengal,East
CUST005056,Gaurav Verma,Male,37,Ahmedabad,Gujarat,West
CUST005057,Manish Sinha,Male,30,Pune,Maharashtra,West
CUST005058,Aditi Das,Female,22,Lucknow,Uttar Pradesh,North
CUST005059,Isha Chatterjee,Female,26,Guwahati,Assam,East
CUST005060,Manish Kulkarni,Male,23,Hyderabad,Telangana,South
CUST005061,Apoorva Gupta,Female,29,Pune,Maharashtra,West
CUST005062,Sakshi Roy,Female,29,Bhubaneswar,Odisha,East
CUST005063,Arjun Arora,Male,33,Patna,Bihar,East
CUST005064,Dev Kumar,Male,30,Pune,Maharashtra,West
CUST005065,Radhika Kapoor,Female,27,Bhopal,Madhya Pradesh,Central
CUST005066,Apoorva Arora,Female,18,Kochi,Kerala,South
CUST005067,Tushar Banerjee,Male,40,Chennai,Tamil Nadu,South
CUST005068,Arjun Yadav,Male,24,Bengaluru,Karnataka,South
CUST005069,Shubham Nair,Male,25,Jaipur,Rajasthan,North
CUST005070,Avni Mishra,Female,26,Pune,Maharashtra,West
CUST005071,Ankit Chatterjee,Male,35,Delhi,Delhi,North
CUST005072,Rahul Reddy,Male,29,Ahmedabad,Gujarat,West
CUST005073,Pooja Bhatia,Female,24,Delhi,Delhi,North
CUST005074,Ritesh Khanna,Male,32,Kolkata,West Bengal,East
CUST005075,Ankit Pillai,Male,35,Kolkata,West Bengal,East
CUST005076,Ayush Pillai,Male,31,Pune,Maharashtra,West
CUST005077,Varun Singh,Male,31,Nagpur,Maharashtra,West
CUST005078,Radhika Mishra,Female,18,Chandigarh,Chandigarh,North
CUST005079,Tushar Naidu,Male,35,Pune,Maharashtra,West
CUST005080,Abhishek Pillai,Male,37,Noida,Uttar Pradesh,North
CUST005081,Sameer Pillai,Male,21,Pune,Maharashtra,West
CUST005082,Ritesh Das,Male,35,Surat,Gujarat,West
CUST005083,Aanya Mishra,Female,33,Ranchi,Jharkhand,East
CUST005084,Avni Banerjee,Female,33,Kochi,Kerala,South
CUST005085,Sneha Shah,Female,32,Indore,Madhya Pradesh,Central
CUST005086,Aditi Khanna,Female,21,Indore,Madhya Pradesh,Central
CUST005087,Ishita Agarwal,Female,24,Patna,Bihar,East
CUST005088,Akash Iyer,Male,24,Bhubaneswar,Odisha,East
CUST005089,Ananya Kapoor,Female,26,Ranchi,Jharkhand,East
CUST005090,Priya Sethi,Female,42,Bengaluru,Karnataka,South
CUST005091,Arjun Malhotra,Male,37,Hyderabad,Telangana,South
CUST005092,Nisha Joshi,Female,24,Nagpur,Maharashtra,West
CUST005093,Aditi Chopra,Female,20,Kolkata,West Bengal,East
CUST005094,Ayush Thakur,Male,35,Kolkata,West Bengal,East
CUST005095,Nikhil Kumar,Male,29,Bhopal,Madhya Pradesh,Central
CUST005096,Vikram Joshi,Male,18,Chennai,Tamil Nadu,South
CUST005097,Rishi Malhotra,Male,24,Delhi,Delhi,North
CUST005098,Gaurav Verma,Male,45,Kolkata,West Bengal,East
CUST005099,Ritika Shah,Female,18,Bengaluru,Karnataka,South
CUST005100,Sneha Agarwal,Female,38,Lucknow,Uttar Pradesh,North
CUST005101,Divya Pillai,Female,29,Lucknow,Uttar Pradesh,North
CUST005102,Rajat Tripathi,Male,36,Chennai,Tamil Nadu,South
CUST005103,Saurabh Chatterjee,Male,26,Bhubaneswar,Odisha,East
CUST005104,Nisha Saxena,Female,25,Ahmedabad,Gujarat,West
CUST005105,Sanya Tripathi,Female,29,Dehradun,Uttarakhand,North
CUST005106,Kabir Yadav,Male,26,Bhopal,Madhya Pradesh,Central
CUST005107,Ayush Naidu,Male,27,Coimbatore,Tamil Nadu,South
CUST005108,Kabir Tripathi,Male,27,Bhopal,Madhya Pradesh,Central
CUST005109,Riya Mishra,Female,34,Kochi,Kerala,South
CUST005110,Dhruv Menon,Male,21,Hyderabad,Telangana,South
CUST005111,Shruti Singh,Female,36,Bengaluru,Karnataka,South
CUST005112,Isha Kapoor,Female,34,Bhubaneswar,Odisha,East
CUST005113,Pooja Agarwal,Female,28,Patna,Bihar,East
CUST005114,Pooja Iyer,Female,33,Bengaluru,Karnataka,South
CUST005115,Akash Reddy,Male,29,Jaipur,Rajasthan,North
CUST005116,Varun Reddy,Male,29,Jaipur,Rajasthan,North
CUST005117,Ritesh Chauhan,Male,32,Chennai,Tamil Nadu,South
CUST005118,Sameer Chopra,Male,18,Pune,Maharashtra,West
CUST005119,Varun Das,Male,29,Delhi,Delhi,North
CUST005120,Ayush Goyal,Male,28,Mumbai,Maharashtra,West
CUST005121,Payal Malhotra,Female,41,Guwahati,Assam,East
CUST005122,Divya Verma,Female,29,Jaipur,Rajasthan,North
CUST005123,Dhruv Singh,Male,33,Mumbai,Maharashtra,West
CUST005124,Apoorva Tiwari,Female,35,Hyderabad,Telangana,South
CUST005125,Khushi Agarwal,Female,18,Chennai,Tamil Nadu,South
CUST005126,Arjun Chatterjee,Male,18,Bhopal,Madhya Pradesh,Central
CUST005127,Yash Tripathi,Male,38,Ahmedabad,Gujarat,West
CUST005128,Yash Mishra,Male,22,Hyderabad,Telangana,South
CUST005129,Swati Menon,Female,41,Delhi,Delhi,North
CUST005130,Saurabh Pillai,Male,27,Mumbai,Maharashtra,West
CUST005131,Ankit Kumar,Male,21,Indore,Madhya Pradesh,Central
CUST005132,Tanvi Kulkarni,Female,37,Indore,Madhya Pradesh,Central
CUST005133,Amit Tripathi,Male,24,Indore,Madhya Pradesh,Central
CUST005134,Dhruv Verma,Male,27,Patna,Bihar,East
CUST005135,Rajat Gupta,Male,19,Nagpur,Maharashtra,West
CUST005136,Ritika Naidu,Female,43,Lucknow,Uttar Pradesh,North
CUST005137,Yash Bhatia,Male,31,Bhopal,Madhya Pradesh,Central
CUST005138,Vikram Yadav,Male,25,Hyderabad,Telangana,South
CUST005139,Vivek Banerjee,Male,25,Chennai,Tamil Nadu,South
CUST005140,Gaurav Sethi,Male,34,Raipur,Chhattisgarh,Central
CUST005141,Manya Malhotra,Female,30,Kolkata,West Bengal,East
CUST005142,Ankit Chauhan,Male,28,Chennai,Tamil Nadu,South
CUST005143,Simran Yadav,Female,30,Ranchi,Jharkhand,East
CUST005144,Arjun Patel,Male,38,Mumbai,Maharashtra,West
CUST005145,Shubham Jain,Male,18,Lucknow,Uttar Pradesh,North
CUST005146,Abhishek Goyal,Male,30,Bhopal,Madhya Pradesh,Central
CUST005147,Payal Jain,Female,31,Noida,Uttar Pradesh,North
CUST005148,Yash Verma,Male,21,Raipur,Chhattisgarh,Central
CUST005149,Palak Arora,Female,41,Jaipur,Rajasthan,North
CUST005150,Harsh Sethi,Male,44,Pune,Maharashtra,West
CUST005151,Neha Singh,Female,31,Mumbai,Maharashtra,West
CUST005152,Rajat Goyal,Male,18,Chennai,Tamil Nadu,South
CUST005153,Kabir Agarwal,Male,35,Nagpur,Maharashtra,West
CUST005154,Gaurav Gupta,Male,33,Ranchi,Jharkhand,East
CUST005155,Isha Jain,Female,31,Hyderabad,Telangana,South
CUST005156,Saurabh Malhotra,Male,29,Nagpur,Maharashtra,West
CUST005157,Gaurav Iyer,Male,39,Dehradun,Uttarakhand,North
CUST005158,Shreya Sharma,Female,39,Lucknow,Uttar Pradesh,North
CUST005159,Dhruv Sinha,Male,28,Indore,Madhya Pradesh,Central
CUST005160,Manish Kulkarni,Male,39,Kolkata,West Bengal,East
CUST005161,Rajat Sethi,Male,21,Mumbai,Maharashtra,West
CUST005162,Siddharth Nair,Male,24,Bhubaneswar,Odisha,East
CUST005163,Muskan Das,Female,28,Noida,Uttar Pradesh,North
CUST005164,Aarav Das,Male,22,Bengaluru,Karnataka,South
CUST005165,Aarav Mehta,Male,24,Bengaluru,Karnataka,South
CUST005166,Sanya Shah,Female,28,Guwahati,Assam,East
CUST005167,Radhika Jain,Female,36,Kolkata,West Bengal,East
CUST005168,Riya Iyer,Female,34,Delhi,Delhi,North
CUST005169,Anushka Verma,Female,18,Mumbai,Maharashtra,West
CUST005170,Karan Gupta,Male,37,Mumbai,Maharashtra,West
CUST005171,Sameer Roy,Male,18,Ahmedabad,Gujarat,West
CUST005172,Manish Naidu,Male,31,Pune,Maharashtra,West
CUST005173,Aanya Patel,Female,28,Chennai,Tamil Nadu,South
CUST005174,Ananya Nair,Female,38,Jaipur,Rajasthan,North
CUST005175,Dhruv Das,Male,35,Ahmedabad,Gujarat,West
CUST005176,Shruti Kulkarni,Female,33,Coimbatore,Tamil Nadu,South
CUST005177,Aditi Srivastava,Female,18,Hyderabad,Telangana,South
CUST005178,Anushka Mehta,Female,34,Mumbai,Maharashtra,West
CUST005179,Ishita Arora,Female,31,Chennai,Tamil Nadu,South
CUST005180,Dev Pillai,Male,22,Ahmedabad,Gujarat,West
CUST005181,Kabir Reddy,Male,35,Mumbai,Maharashtra,West
CUST005182,Kabir Das,Male,26,Lucknow,Uttar Pradesh,North
CUST005183,Nandini Bhatia,Female,37,Kolkata,West Bengal,East
CUST005184,Aarav Reddy,Male,25,Dehradun,Uttarakhand,North
CUST005185,Akash Mishra,Male,31,Chennai,Tamil Nadu,South
CUST005186,Shubham Chauhan,Male,18,Ranchi,Jharkhand,East
CUST005187,Abhishek Bansal,Male,26,Kolkata,West Bengal,East
CUST005188,Kavya Kapoor,Female,37,Patna,Bihar,East
CUST005189,Shubham Malhotra,Male,28,Guwahati,Assam,East
CUST005190,Nikhil Arora,Male,34,Nagpur,Maharashtra,West
CUST005191,Arjun Verma,Male,24,Mumbai,Maharashtra,West
CUST005192,Shubham Deshmukh,Male,32,Delhi,Delhi,North
CUST005193,Vivek Pillai,Male,24,Chandigarh,Chandigarh,North
CUST005194,Harsh Pandey,Male,45,Jaipur,Rajasthan,North
CUST005195,Manya Sethi,Female,27,Patna,Bihar,East
CUST005196,Riya Banerjee,Female,41,Delhi,Delhi,North
CUST005197,Saurabh Rao,Male,18,Nagpur,Maharashtra,West
CUST005198,Divya Deshmukh,Female,41,Ahmedabad,Gujarat,West
CUST005199,Kabir Das,Male,19,Kolkata,West Bengal,East
CUST005200,Mohit Banerjee,Male,27,Jaipur,Rajasthan,North
CUST005201,Aditi Verma,Female,44,Mumbai,Maharashtra,West
CUST005202,Manish Tiwari,Male,19,Bhubaneswar,Odisha,East
CUST005203,Mohit Verma,Male,28,Lucknow,Uttar Pradesh,North
CUST005204,Rohan Patel,Male,32,Guwahati,Assam,East
CUST005205,Dev Jain,Male,39,Nagpur,Maharashtra,West
CUST005206,Palak Sinha,Female,28,Jaipur,Rajasthan,North
CUST005207,Payal Nair,Female,24,Dehradun,Uttarakhand,North
CUST005208,Kavya Deshmukh,Female,18,Kolkata,West Bengal,East
CUST005209,Tanvi Kumar,Female,28,Nagpur,Maharashtra,West
CUST005210,Shubham Thakur,Male,32,Surat,Gujarat,West
CUST005211,Siddharth Banerjee,Male,32,Kochi,Kerala,South
CUST005212,Harsh Mishra,Male,28,Bhubaneswar,Odisha,East
CUST005213,Sneha Das,Female,28,Guwahati,Assam,East
CUST005214,Vivek Kumar,Male,29,Chennai,Tamil Nadu,South
CUST005215,Kavya Jain,Female,18,Hyderabad,Telangana,South
CUST005216,Ananya Pillai,Female,30,Indore,Madhya Pradesh,Central
CUST005217,Saurabh Sethi,Male,39,Patna,Bihar,East
CUST005218,Shruti Joshi,Female,18,Hyderabad,Telangana,South
CUST005219,Riya Yadav,Female,32,Pune,Maharashtra,West
CUST005220,Payal Rao,Female,23,Noida,Uttar Pradesh,North
CUST005221,Vikram Agarwal,Male,25,Lucknow,Uttar Pradesh,North
CUST005222,Tushar Tiwari,Male,36,Surat,Gujarat,West
CUST005223,Shubham Verma,Male,43,Chennai,Tamil Nadu,South
CUST005224,Vikram Shah,Male,33,Raipur,Chhattisgarh,Central
CUST005225,Avni Mehta,Female,37,Surat,Gujarat,West
CUST005226,Saurabh Mishra,Male,21,Noida,Uttar Pradesh,North
CUST005227,Neha Sinha,Female,33,Pune,Maharashtra,West
CUST005228,Palak Nair,Female,32,Delhi,Delhi,North
CUST005229,Avni Pandey,Female,31,Kolkata,West Bengal,East
CUST005230,Swati Malhotra,Female,33,Chandigarh,Chandigarh,North
CUST005231,Kavya Thakur,Female,24,Bengaluru,Karnataka,South
CUST005232,Sneha Gupta,Female,30,Mumbai,Maharashtra,West
CUST005233,Rajat Joshi,Male,27,Delhi,Delhi,North
CUST005234,Vivek Tiwari,Male,21,Guwahati,Assam,East
CUST005235,Muskan Joshi,Female,20,Lucknow,Uttar Pradesh,North
CUST005236,Varun Shah,Male,29,Delhi,Delhi,North
CUST005237,Dev Kapoor,Male,35,Jaipur,Rajasthan,North
CUST005238,Sneha Bhatia,Female,25,Patna,Bihar,East
CUST005239,Apoorva Reddy,Female,27,Delhi,Delhi,North
CUST005240,Radhika Kulkarni,Female,19,Mumbai,Maharashtra,West
CUST005241,Nisha Chauhan,Female,43,Mumbai,Maharashtra,West
CUST005242,Kunal Deshmukh,Male,28,Kolkata,West Bengal,East
CUST005243,Avni Banerjee,Female,29,Bhopal,Madhya Pradesh,Central
CUST005244,Muskan Kulkarni,Female,37,Surat,Gujarat,West
CUST005245,Arjun Chopra,Male,20,Jaipur,Rajasthan,North
CUST005246,Rohan Pandey,Male,32,Hyderabad,Telangana,South
CUST005247,Ishita Iyer,Female,35,Bengaluru,Karnataka,South
CUST005248,Aarav Naidu,Male,48,Ahmedabad,Gujarat,West
CUST005249,Nikhil Khanna,Male,20,Dehradun,Uttarakhand,North
CUST005250,Tanvi Chatterjee,Female,20,Bhubaneswar,Odisha,East
CUST005251,Muskan Sinha,Female,52,Pune,Maharashtra,West
CUST005252,Varun Yadav,Male,27,Pune,Maharashtra,West
CUST005253,Amit Nair,Male,31,Noida,Uttar Pradesh,North
CUST005254,Abhishek Banerjee,Male,23,Delhi,Delhi,North
CUST005255,Amit Nair,Male,22,Chandigarh,Chandigarh,North
CUST005256,Vivek Patel,Male,38,Bhubaneswar,Odisha,East
CUST005257,Ritesh Joshi,Male,42,Lucknow,Uttar Pradesh,North
CUST005258,Kavya Tiwari,Female,33,Kolkata,West Bengal,East
CUST005259,Nandini Kulkarni,Female,18,Kolkata,West Bengal,East
CUST005260,Palak Rao,Female,29,Lucknow,Uttar Pradesh,North
CUST005261,Swati Roy,Female,29,Kolkata,West Bengal,East
CUST005262,Amit Singh,Male,18,Hyderabad,Telangana,South
CUST005263,Avni Srivastava,Female,21,Chennai,Tamil Nadu,South
CUST005264,Anushka Goyal,Female,31,Lucknow,Uttar Pradesh,North
CUST005265,Rahul Malhotra,Male,18,Jaipur,Rajasthan,North
CUST005266,Siddharth Mishra,Male,35,Chennai,Tamil Nadu,South
CUST005267,Khushi Chatterjee,Female,33,Jaipur,Rajasthan,North
CUST005268,Swati Agarwal,Female,27,Bhubaneswar,Odisha,East
CUST005269,Piyush Kapoor,Male,27,Bhopal,Madhya Pradesh,Central
CUST005270,Meera Saxena,Female,44,Hyderabad,Telangana,South
CUST005271,Vivek Kumar,Male,18,Indore,Madhya Pradesh,Central
CUST005272,Abhishek Gupta,Male,31,Patna,Bihar,East
CUST005273,Komal Bansal,Female,19,Bhopal,Madhya Pradesh,Central
CUST005274,Arjun Reddy,Male,25,Pune,Maharashtra,West
CUST005275,Arjun Gupta,Male,26,Bengaluru,Karnataka,South
CUST005276,Vivek Khanna,Male,30,Hyderabad,Telangana,South
CUST005277,Piyush Patel,Male,35,Raipur,Chhattisgarh,Central
CUST005278,Sameer Chopra,Male,43,Mumbai,Maharashtra,West
CUST005279,Manish Pillai,Male,28,Mumbai,Maharashtra,West
CUST005280,Sanya Menon,Female,39,Mumbai,Maharashtra,West
CUST005281,Aditya Kapoor,Male,30,Chennai,Tamil Nadu,South
CUST005282,Diya Srivastava,Female,38,Ranchi,Jharkhand,East
CUST005283,Manya Kulkarni,Female,24,Ahmedabad,Gujarat,West
CUST005284,Ishita Sethi,Female,24,Mumbai,Maharashtra,West
CUST005285,Karan Bansal,Male,34,Noida,Uttar Pradesh,North
CUST005286,Nikhil Verma,Male,24,Bengaluru,Karnataka,South
CUST005287,Saurabh Singh,Male,21,Ahmedabad,Gujarat,West
CUST005288,Sneha Chauhan,Female,31,Mumbai,Maharashtra,West
CUST005289,Aanya Goyal,Female,37,Surat,Gujarat,West
CUST005290,Neha Kapoor,Female,18,Raipur,Chhattisgarh,Central
CUST005291,Sanya Sharma,Female,34,Kochi,Kerala,South
CUST005292,Manish Deshmukh,Male,38,Pune,Maharashtra,West
CUST005293,Gaurav Bhatia,Male,28,Bhubaneswar,Odisha,East
CUST005294,Ritesh Bhatia,Male,18,Noida,Uttar Pradesh,North
CUST005295,Khushi Pandey,Female,34,Jaipur,Rajasthan,North
CUST005296,Ritika Mishra,Female,29,Ahmedabad,Gujarat,West
CUST005297,Harsh Deshmukh,Male,18,Indore,Madhya Pradesh,Central
CUST005298,Neha Saxena,Female,29,Dehradun,Uttarakhand,North
CUST005299,Manya Khanna,Female,33,Hyderabad,Telangana,South
CUST005300,Ayush Pandey,Male,37,Kolkata,West Bengal,East
CUST005301,Aarav Saxena,Male,24,Coimbatore,Tamil Nadu,South
CUST005302,Palak Reddy,Female,20,Bengaluru,Karnataka,South
CUST005303,Divya Sharma,Female,29,Mumbai,Maharashtra,West
CUST005304,Ankit Rao,Male,18,Mumbai,Maharashtra,West
CUST005305,Ritika Pandey,Female,31,Lucknow,Uttar Pradesh,North
CUST005306,Piyush Patel,Male,37,Bhopal,Madhya Pradesh,Central
CUST005307,Muskan Kumar,Female,38,Delhi,Delhi,North
CUST005308,Sameer Chatterjee,Male,35,Delhi,Delhi,North
CUST005309,Sameer Agarwal,Male,28,Mumbai,Maharashtra,West
CUST005310,Ritika Jain,Female,26,Raipur,Chhattisgarh,Central
CUST005311,Dev Roy,Male,44,Ranchi,Jharkhand,East
CUST005312,Ankit Pandey,Male,36,Bengaluru,Karnataka,South
CUST005313,Shreya Menon,Female,23,Delhi,Delhi,North
CUST005314,Manya Roy,Female,35,Mumbai,Maharashtra,West
CUST005315,Komal Agarwal,Female,38,Ranchi,Jharkhand,East
CUST005316,Pranav Mehta,Male,29,Chennai,Tamil Nadu,South
CUST005317,Palak Pillai,Female,36,Mumbai,Maharashtra,West
CUST005318,Diya Mishra,Female,35,Mumbai,Maharashtra,West
CUST005319,Sameer Naidu,Male,30,Ahmedabad,Gujarat,West
CUST005320,Saurabh Malhotra,Male,23,Coimbatore,Tamil Nadu,South
CUST005321,Aarav Pandey,Male,24,Kochi,Kerala,South
CUST005322,Shruti Iyer,Female,34,Jaipur,Rajasthan,North
CUST005323,Sakshi Bansal,Female,24,Guwahati,Assam,East
CUST005324,Swati Roy,Female,24,Indore,Madhya Pradesh,Central
CUST005325,Pranav Thakur,Male,27,Indore,Madhya Pradesh,Central
CUST005326,Tushar Joshi,Male,24,Ahmedabad,Gujarat,West
CUST005327,Avni Sethi,Female,41,Bengaluru,Karnataka,South
CUST005328,Shreya Malhotra,Female,31,Delhi,Delhi,North
CUST005329,Abhishek Kulkarni,Male,36,Hyderabad,Telangana,South
CUST005330,Sameer Deshmukh,Male,32,Noida,Uttar Pradesh,North
CUST005331,Sameer Joshi,Male,29,Ahmedabad,Gujarat,West
CUST005332,Kunal Jain,Male,32,Bengaluru,Karnataka,South
CUST005333,Isha Shah,Female,25,Nagpur,Maharashtra,West
CUST005334,Diya Menon,Female,41,Mumbai,Maharashtra,West
CUST005335,Nisha Bhatia,Female,40,Ahmedabad,Gujarat,West
CUST005336,Akash Pillai,Male,34,Chandigarh,Chandigarh,North
CUST005337,Amit Jain,Male,26,Delhi,Delhi,North
CUST005338,Aarav Shah,Male,40,Kochi,Kerala,South
CUST005339,Aanya Malhotra,Female,35,Chandigarh,Chandigarh,North
CUST005340,Nikhil Chatterjee,Male,19,Delhi,Delhi,North
CUST005341,Piyush Srivastava,Male,18,Kolkata,West Bengal,East
CUST005342,Riya Gupta,Female,28,Ranchi,Jharkhand,East
CUST005343,Divya Chatterjee,Female,31,Hyderabad,Telangana,South
CUST005344,Shubham Joshi,Male,18,Chennai,Tamil Nadu,South
CUST005345,Abhishek Deshmukh,Male,32,Chennai,Tamil Nadu,South
CUST005346,Siddharth Agarwal,Male,18,Chennai,Tamil Nadu,South
CUST005347,Shreya Pillai,Female,34,Jaipur,Rajasthan,North
CUST005348,Ritesh Bansal,Male,38,Mumbai,Maharashtra,West
CUST005349,Priya Joshi,Female,23,Mumbai,Maharashtra,West
CUST005350,Ankit Jain,Male,34,Chennai,Tamil Nadu,South
CUST005351,Ayush Pandey,Male,36,Coimbatore,Tamil Nadu,South
CUST005352,Rishi Mehta,Male,21,Pune,Maharashtra,West
CUST005353,Sanya Goyal,Female,27,Chennai,Tamil Nadu,South
CUST005354,Tanvi Jain,Female,37,Patna,Bihar,East
CUST005355,Ananya Bansal,Female,28,Bhubaneswar,Odisha,East
CUST005356,Arjun Saxena,Male,25,Indore,Madhya Pradesh,Central
CUST005357,Rajat Sinha,Male,22,Mumbai,Maharashtra,West
CUST005358,Sakshi Mishra,Female,32,Pune,Maharashtra,West
CUST005359,Apoorva Pillai,Female,18,Chandigarh,Chandigarh,North
CUST005360,Aanya Sharma,Female,30,Chennai,Tamil Nadu,South
CUST005361,Dhruv Thakur,Male,35,Delhi,Delhi,North
CUST005362,Tanvi Thakur,Female,24,Mumbai,Maharashtra,West
CUST005363,Ishita Singh,Female,26,Bengaluru,Karnataka,South
CUST005364,Karan Sharma,Male,31,Chandigarh,Chandigarh,North
CUST005365,Amit Sharma,Male,36,Bhopal,Madhya Pradesh,Central
CUST005366,Khushi Bansal,Female,21,Surat,Gujarat,West
CUST005367,Shruti Das,Female,24,Delhi,Delhi,North
CUST005368,Neha Khanna,Female,22,Guwahati,Assam,East
CUST005369,Simran Pillai,Female,25,Chennai,Tamil Nadu,South
CUST005370,Rajat Saxena,Male,38,Indore,Madhya Pradesh,Central
CUST005371,Rahul Sharma,Male,38,Chennai,Tamil Nadu,South
CUST005372,Anushka Srivastava,Female,27,Guwahati,Assam,East
CUST005373,Rishi Singh,Male,31,Hyderabad,Telangana,South
CUST005374,Nikhil Verma,Male,32,Delhi,Delhi,North
CUST005375,Sneha Verma,Female,38,Lucknow,Uttar Pradesh,North
CUST005376,Gaurav Sinha,Male,23,Lucknow,Uttar Pradesh,North
CUST005377,Varun Sinha,Male,30,Raipur,Chhattisgarh,Central
CUST005378,Sneha Khanna,Female,42,Patna,Bihar,East
CUST005379,Palak Menon,Female,28,Coimbatore,Tamil Nadu,South
CUST005380,Shubham Banerjee,Male,24,Patna,Bihar,East
CUST005381,Piyush Nair,Male,32,Hyderabad,Telangana,South
CUST005382,Rajat Nair,Male,26,Ahmedabad,Gujarat,West
CUST005383,Kunal Banerjee,Male,19,Pune,Maharashtra,West
CUST005384,Nikhil Rao,Male,33,Kolkata,West Bengal,East
CUST005385,Aditya Bansal,Male,18,Lucknow,Uttar Pradesh,North
CUST005386,Kabir Mishra,Male,33,Bhopal,Madhya Pradesh,Central
CUST005387,Varun Shah,Male,26,Noida,Uttar Pradesh,North
CUST005388,Shruti Reddy,Female,19,Surat,Gujarat,West
CUST005389,Swati Tiwari,Female,44,Lucknow,Uttar Pradesh,North
CUST005390,Ayush Naidu,Male,20,Bhopal,Madhya Pradesh,Central
CUST005391,Ritika Naidu,Female,32,Ahmedabad,Gujarat,West
CUST005392,Neha Pillai,Female,44,Ahmedabad,Gujarat,West
CUST005393,Aditya Banerjee,Male,22,Delhi,Delhi,North
CUST005394,Ritesh Tripathi,Male,18,Pune,Maharashtra,West
CUST005395,Swati Menon,Female,24,Mumbai,Maharashtra,West
CUST005396,Ritesh Deshmukh,Male,30,Lucknow,Uttar Pradesh,North
CUST005397,Sakshi Nair,Female,28,Indore,Madhya Pradesh,Central
CUST005398,Abhishek Naidu,Male,41,Raipur,Chhattisgarh,Central
CUST005399,Aarav Tiwari,Male,30,Pune,Maharashtra,West
CUST005400,Manya Arora,Female,18,Noida,Uttar Pradesh,North
CUST005401,Payal Patel,Female,37,Dehradun,Uttarakhand,North
CUST005402,Priya Mishra,Female,24,Raipur,Chhattisgarh,Central
CUST005403,Aarav Shah,Male,36,Chennai,Tamil Nadu,South
CUST005404,Isha Banerjee,Female,18,Noida,Uttar Pradesh,North
CUST005405,Tushar Pandey,Male,24,Bengaluru,Karnataka,South
CUST005406,Pranav Naidu,Male,18,Mumbai,Maharashtra,West
CUST005407,Piyush Tripathi,Male,35,Guwahati,Assam,East
CUST005408,Gaurav Gupta,Male,23,Bengaluru,Karnataka,South
CUST005409,Aarav Bhatia,Male,31,Bengaluru,Karnataka,South
CUST005410,Manya Kumar,Female,40,Kolkata,West Bengal,East
CUST005411,Kabir Shah,Male,28,Pune,Maharashtra,West
CUST005412,Avni Yadav,Female,29,Bhubaneswar,Odisha,East
CUST005413,Apoorva Joshi,Female,40,Chandigarh,Chandigarh,North
CUST005414,Tanvi Kapoor,Female,24,Jaipur,Rajasthan,North
CUST005415,Sanya Kulkarni,Female,26,Lucknow,Uttar Pradesh,North
CUST005416,Abhishek Goyal,Male,30,Coimbatore,Tamil Nadu,South
CUST005417,Karan Singh,Male,40,Delhi,Delhi,North
CUST005418,Sakshi Gupta,Female,32,Ahmedabad,Gujarat,West
CUST005419,Kunal Pillai,Male,36,Ahmedabad,Gujarat,West
CUST005420,Vikram Singh,Male,25,Chennai,Tamil Nadu,South
CUST005421,Amit Agarwal,Male,34,Coimbatore,Tamil Nadu,South
CUST005422,Kabir Banerjee,Male,37,Kolkata,West Bengal,East
CUST005423,Aanya Sharma,Female,21,Bengaluru,Karnataka,South
CUST005424,Simran Mehta,Female,39,Ahmedabad,Gujarat,West
CUST005425,Meera Malhotra,Female,24,Kolkata,West Bengal,East
CUST005426,Ishita Sinha,Female,18,Indore,Madhya Pradesh,Central
CUST005427,Rohan Tiwari,Male,20,Chennai,Tamil Nadu,South
CUST005428,Nikhil Shah,Male,26,Chandigarh,Chandigarh,North
CUST005429,Sakshi Bansal,Female,22,Patna,Bihar,East
CUST005430,Diya Reddy,Female,24,Mumbai,Maharashtra,West
CUST005431,Neha Patel,Female,26,Kochi,Kerala,South
CUST005432,Palak Sinha,Female,20,Ahmedabad,Gujarat,West
CUST005433,Shruti Deshmukh,Female,41,Pune,Maharashtra,West
CUST005434,Vivek Roy,Male,37,Jaipur,Rajasthan,North
CUST005435,Karan Pillai,Male,26,Coimbatore,Tamil Nadu,South
CUST005436,Sakshi Pandey,Female,22,Chandigarh,Chandigarh,North
CUST005437,Muskan Patel,Female,43,Pune,Maharashtra,West
CUST005438,Ankit Goyal,Male,23,Mumbai,Maharashtra,West
CUST005439,Ayush Gupta,Male,22,Hyderabad,Telangana,South
CUST005440,Harsh Jain,Male,30,Bengaluru,Karnataka,South
CUST005441,Rohan Saxena,Male,25,Kolkata,West Bengal,East
CUST005442,Rohan Pandey,Male,24,Chennai,Tamil Nadu,South
CUST005443,Harsh Sinha,Male,23,Coimbatore,Tamil Nadu,South
CUST005444,Rahul Bansal,Male,31,Delhi,Delhi,North
CUST005445,Vivek Kulkarni,Male,23,Bhopal,Madhya Pradesh,Central
CUST005446,Diya Tripathi,Female,41,Jaipur,Rajasthan,North
CUST005447,Sanya Das,Female,18,Bengaluru,Karnataka,South
CUST005448,Aanya Banerjee,Female,27,Bengaluru,Karnataka,South
CUST005449,Akash Sharma,Male,24,Chennai,Tamil Nadu,South
CUST005450,Dhruv Arora,Male,21,Chennai,Tamil Nadu,South
CUST005451,Sakshi Deshmukh,Female,32,Noida,Uttar Pradesh,North
CUST005452,Piyush Gupta,Male,32,Pune,Maharashtra,West
CUST005453,Aanya Khanna,Female,36,Delhi,Delhi,North
CUST005454,Pranav Deshmukh,Male,29,Bhubaneswar,Odisha,East
CUST005455,Kunal Sinha,Male,30,Mumbai,Maharashtra,West
CUST005456,Karan Banerjee,Male,25,Bengaluru,Karnataka,South
CUST005457,Kunal Srivastava,Male,30,Dehradun,Uttarakhand,North
CUST005458,Pranav Goyal,Male,29,Kolkata,West Bengal,East
CUST005459,Siddharth Agarwal,Male,30,Jaipur,Rajasthan,North
CUST005460,Vikram Menon,Male,34,Raipur,Chhattisgarh,Central
CUST005461,Shubham Kapoor,Male,30,Bhopal,Madhya Pradesh,Central
CUST005462,Ankit Chauhan,Male,35,Bengaluru,Karnataka,South
CUST005463,Isha Rao,Female,19,Indore,Madhya Pradesh,Central
CUST005464,Isha Naidu,Female,23,Ahmedabad,Gujarat,West
CUST005465,Sneha Mishra,Female,29,Patna,Bihar,East
CUST005466,Nikhil Saxena,Male,33,Bengaluru,Karnataka,South
CUST005467,Shubham Bhatia,Male,31,Ahmedabad,Gujarat,West
CUST005468,Ayush Menon,Male,33,Jaipur,Rajasthan,North
CUST005469,Ananya Chauhan,Female,23,Chandigarh,Chandigarh,North
CUST005470,Piyush Verma,Male,32,Jaipur,Rajasthan,North
CUST005471,Sanya Kapoor,Female,36,Raipur,Chhattisgarh,Central
CUST005472,Rohan Roy,Male,19,Dehradun,Uttarakhand,North
CUST005473,Tushar Sharma,Male,18,Hyderabad,Telangana,South
CUST005474,Dev Sharma,Male,35,Raipur,Chhattisgarh,Central
CUST005475,Khushi Mehta,Female,31,Nagpur,Maharashtra,West
CUST005476,Shubham Sethi,Male,41,Mumbai,Maharashtra,West
CUST005477,Kavya Chauhan,Female,36,Indore,Madhya Pradesh,Central
CUST005478,Ritesh Yadav,Male,19,Ahmedabad,Gujarat,West
CUST005479,Vivek Jain,Male,18,Delhi,Delhi,North
CUST005480,Gaurav Thakur,Male,19,Kochi,Kerala,South
CUST005481,Ankit Mishra,Male,20,Mumbai,Maharashtra,West
CUST005482,Dhruv Deshmukh,Male,18,Kolkata,West Bengal,East
CUST005483,Rahul Sethi,Male,23,Delhi,Delhi,North
CUST005484,Shruti Mehta,Female,36,Surat,Gujarat,West
CUST005485,Ankit Nair,Male,20,Kolkata,West Bengal,East
CUST005486,Muskan Joshi,Female,22,Hyderabad,Telangana,South
CUST005487,Vivek Sharma,Male,33,Ranchi,Jharkhand,East
CUST005488,Shreya Yadav,Female,35,Mumbai,Maharashtra,West
CUST005489,Kavya Sinha,Female,41,Bhubaneswar,Odisha,East
CUST005490,Rohan Gupta,Male,39,Bengaluru,Karnataka,South
CUST005491,Manish Pillai,Male,27,Noida,Uttar Pradesh,North
CUST005492,Nandini Sethi,Female,30,Kolkata,West Bengal,East
CUST005493,Manish Nair,Male,26,Bengaluru,Karnataka,South
CUST005494,Shreya Tripathi,Female,41,Jaipur,Rajasthan,North
CUST005495,Gaurav Reddy,Male,24,Hyderabad,Telangana,South
CUST005496,Kabir Yadav,Male,46,Jaipur,Rajasthan,North
CUST005497,Anushka Arora,Female,23,Patna,Bihar,East
CUST005498,Sakshi Patel,Female,19,Bengaluru,Karnataka,South
CUST005499,Akash Reddy,Male,37,Pune,Maharashtra,West
CUST005500,Kabir Banerjee,Male,21,Kolkata,West Bengal,East
CUST005501,Gaurav Kapoor,Male,39,Nagpur,Maharashtra,West
CUST005502,Avni Goyal,Female,32,Delhi,Delhi,North
CUST005503,Ananya Patel,Female,30,Chennai,Tamil Nadu,South
CUST005504,Dhruv Joshi,Male,35,Mumbai,Maharashtra,West
CUST005505,Akash Shah,Male,26,Lucknow,Uttar Pradesh,North
CUST005506,Rohan Srivastava,Male,43,Mumbai,Maharashtra,West
CUST005507,Aditi Pillai,Female,32,Jaipur,Rajasthan,North
CUST005508,Shruti Roy,Female,26,Chennai,Tamil Nadu,South
CUST005509,Rohan Thakur,Male,21,Delhi,Delhi,North
CUST005510,Nandini Rao,Female,24,Indore,Madhya Pradesh,Central
CUST005511,Ananya Gupta,Female,27,Mumbai,Maharashtra,West
CUST005512,Swati Gupta,Female,28,Ahmedabad,Gujarat,West
CUST005513,Payal Pandey,Female,36,Bengaluru,Karnataka,South
CUST005514,Meera Jain,Female,25,Delhi,Delhi,North
CUST005515,Dev Nair,Male,22,Surat,Gujarat,West
CUST005516,Sameer Agarwal,Male,32,Bhopal,Madhya Pradesh,Central
CUST005517,Tanvi Chatterjee,Female,26,Bhopal,Madhya Pradesh,Central
CUST005518,Dev Roy,Male,40,Coimbatore,Tamil Nadu,South
CUST005519,Kavya Pandey,Female,23,Delhi,Delhi,North
CUST005520,Diya Sethi,Female,21,Lucknow,Uttar Pradesh,North
CUST005521,Ananya Mehta,Female,37,Ranchi,Jharkhand,East
CUST005522,Neha Nair,Female,29,Kolkata,West Bengal,East
CUST005523,Rishi Banerjee,Male,41,Delhi,Delhi,North
CUST005524,Anushka Gupta,Female,38,Kolkata,West Bengal,East
CUST005525,Rajat Agarwal,Male,21,Guwahati,Assam,East
CUST005526,Avni Srivastava,Female,25,Patna,Bihar,East
CUST005527,Ananya Singh,Female,20,Hyderabad,Telangana,South
CUST005528,Shruti Singh,Female,21,Pune,Maharashtra,West
CUST005529,Akash Sinha,Male,36,Kochi,Kerala,South
CUST005530,Riya Thakur,Female,39,Noida,Uttar Pradesh,North
CUST005531,Diya Pandey,Female,30,Hyderabad,Telangana,South
CUST005532,Ishita Rao,Female,18,Pune,Maharashtra,West
CUST005533,Ritika Saxena,Female,31,Dehradun,Uttarakhand,North
CUST005534,Ankit Sinha,Male,34,Dehradun,Uttarakhand,North
CUST005535,Shubham Malhotra,Male,39,Kolkata,West Bengal,East
CUST005536,Ayush Sethi,Male,33,Lucknow,Uttar Pradesh,North
CUST005537,Mohit Pillai,Male,39,Mumbai,Maharashtra,West
CUST005538,Isha Chatterjee,Female,29,Kochi,Kerala,South
CUST005539,Muskan Naidu,Female,27,Bengaluru,Karnataka,South
CUST005540,Manya Mehta,Female,42,Coimbatore,Tamil Nadu,South
CUST005541,Apoorva Kapoor,Female,33,Ranchi,Jharkhand,East
CUST005542,Swati Sinha,Female,34,Mumbai,Maharashtra,West
CUST005543,Shreya Jain,Female,28,Jaipur,Rajasthan,North
CUST005544,Ishita Roy,Female,43,Pune,Maharashtra,West
CUST005545,Radhika Patel,Female,31,Coimbatore,Tamil Nadu,South
CUST005546,Anushka Kumar,Female,21,Lucknow,Uttar Pradesh,North
CUST005547,Dhruv Yadav,Male,26,Coimbatore,Tamil Nadu,South
CUST005548,Khushi Patel,Female,36,Bengaluru,Karnataka,South
CUST005549,Rohan Menon,Male,21,Noida,Uttar Pradesh,North
CUST005550,Tanvi Pandey,Female,30,Pune,Maharashtra,West
CUST005551,Manya Nair,Female,20,Mumbai,Maharashtra,West
CUST005552,Akash Tiwari,Male,38,Bengaluru,Karnataka,South
CUST005553,Dhruv Shah,Male,22,Kochi,Kerala,South
CUST005554,Siddharth Pillai,Male,18,Noida,Uttar Pradesh,North
CUST005555,Radhika Mishra,Female,36,Raipur,Chhattisgarh,Central
CUST005556,Aditi Chauhan,Female,23,Chennai,Tamil Nadu,South
CUST005557,Abhishek Roy,Male,24,Kochi,Kerala,South
CUST005558,Sanya Chatterjee,Female,31,Hyderabad,Telangana,South
CUST005559,Shubham Deshmukh,Male,39,Pune,Maharashtra,West
CUST005560,Rishi Yadav,Male,48,Chennai,Tamil Nadu,South
CUST005561,Riya Sinha,Female,23,Delhi,Delhi,North
CUST005562,Nikhil Kapoor,Male,33,Dehradun,Uttarakhand,North
CUST005563,Dev Tiwari,Male,26,Delhi,Delhi,North
CUST005564,Abhishek Kulkarni,Male,24,Lucknow,Uttar Pradesh,North
CUST005565,Dhruv Goyal,Male,43,Lucknow,Uttar Pradesh,North
CUST005566,Harsh Jain,Male,28,Hyderabad,Telangana,South
CUST005567,Kavya Thakur,Female,28,Ranchi,Jharkhand,East
CUST005568,Saurabh Naidu,Male,20,Delhi,Delhi,North
CUST005569,Shruti Srivastava,Female,34,Pune,Maharashtra,West
CUST005570,Akash Iyer,Male,44,Ahmedabad,Gujarat,West
CUST005571,Saurabh Iyer,Male,20,Bengaluru,Karnataka,South
CUST005572,Ankit Srivastava,Male,37,Surat,Gujarat,West
CUST005573,Amit Singh,Male,21,Bengaluru,Karnataka,South
CUST005574,Dev Mishra,Male,33,Chennai,Tamil Nadu,South
CUST005575,Yash Iyer,Male,27,Surat,Gujarat,West
CUST005576,Ritesh Pillai,Male,24,Mumbai,Maharashtra,West
CUST005577,Muskan Naidu,Female,52,Hyderabad,Telangana,South
CUST005578,Meera Patel,Female,29,Indore,Madhya Pradesh,Central
CUST005579,Simran Agarwal,Female,30,Chennai,Tamil Nadu,South
CUST005580,Siddharth Das,Male,36,Pune,Maharashtra,West
CUST005581,Abhishek Tripathi,Male,18,Hyderabad,Telangana,South
CUST005582,Tanvi Naidu,Female,21,Mumbai,Maharashtra,West
CUST005583,Nisha Roy,Female,18,Indore,Madhya Pradesh,Central
CUST005584,Nisha Khanna,Female,18,Ranchi,Jharkhand,East
CUST005585,Aditi Joshi,Female,35,Surat,Gujarat,West
CUST005586,Pranav Malhotra,Male,30,Pune,Maharashtra,West
CUST005587,Neha Rao,Female,26,Dehradun,Uttarakhand,North
CUST005588,Pranav Roy,Male,29,Lucknow,Uttar Pradesh,North
CUST005589,Palak Malhotra,Female,18,Kolkata,West Bengal,East
CUST005590,Akash Khanna,Male,38,Bhubaneswar,Odisha,East
CUST005591,Siddharth Gupta,Male,31,Mumbai,Maharashtra,West
CUST005592,Payal Chatterjee,Female,26,Lucknow,Uttar Pradesh,North
CUST005593,Kunal Thakur,Male,35,Kolkata,West Bengal,East
CUST005594,Vivek Reddy,Male,39,Ahmedabad,Gujarat,West
CUST005595,Ananya Nair,Female,38,Bhopal,Madhya Pradesh,Central
CUST005596,Aditi Malhotra,Female,22,Lucknow,Uttar Pradesh,North
CUST005597,Ritika Goyal,Female,21,Ranchi,Jharkhand,East
CUST005598,Kabir Kumar,Male,24,Pune,Maharashtra,West
CUST005599,Varun Kapoor,Male,30,Delhi,Delhi,North
CUST005600,Karan Shah,Male,27,Nagpur,Maharashtra,West
CUST005601,Apoorva Chatterjee,Female,42,Bengaluru,Karnataka,South
CUST005602,Aarav Mishra,Male,31,Kolkata,West Bengal,East
CUST005603,Pooja Mishra,Female,32,Mumbai,Maharashtra,West
CUST005604,Priya Chopra,Female,22,Jaipur,Rajasthan,North
CUST005605,Neha Agarwal,Female,35,Coimbatore,Tamil Nadu,South
CUST005606,Kavya Roy,Female,19,Lucknow,Uttar Pradesh,North
CUST005607,Saurabh Sinha,Male,28,Kolkata,West Bengal,East
CUST005608,Nandini Srivastava,Female,31,Indore,Madhya Pradesh,Central
CUST005609,Rohan Mehta,Male,26,Chennai,Tamil Nadu,South
CUST005610,Akash Roy,Male,26,Pune,Maharashtra,West
CUST005611,Piyush Das,Male,18,Noida,Uttar Pradesh,North
CUST005612,Komal Verma,Female,42,Jaipur,Rajasthan,North
CUST005613,Pranav Agarwal,Male,41,Nagpur,Maharashtra,West
CUST005614,Sanya Kapoor,Female,37,Bhopal,Madhya Pradesh,Central
CUST005615,Priya Arora,Female,30,Pune,Maharashtra,West
CUST005616,Aarav Kumar,Male,48,Noida,Uttar Pradesh,North
CUST005617,Tanvi Joshi,Female,24,Dehradun,Uttarakhand,North
CUST005618,Apoorva Rao,Female,26,Lucknow,Uttar Pradesh,North
CUST005619,Priya Goyal,Female,31,Patna,Bihar,East
CUST005620,Varun Banerjee,Male,29,Chandigarh,Chandigarh,North
CUST005621,Aditi Saxena,Female,29,Ahmedabad,Gujarat,West
CUST005622,Khushi Pillai,Female,24,Indore,Madhya Pradesh,Central
CUST005623,Manya Verma,Female,31,Bhubaneswar,Odisha,East
CUST005624,Swati Chatterjee,Female,24,Lucknow,Uttar Pradesh,North
CUST005625,Varun Goyal,Male,37,Pune,Maharashtra,West
CUST005626,Saurabh Shah,Male,18,Pune,Maharashtra,West
CUST005627,Yash Tripathi,Male,38,Hyderabad,Telangana,South
CUST005628,Kabir Agarwal,Male,18,Delhi,Delhi,North
CUST005629,Swati Goyal,Female,25,Guwahati,Assam,East
CUST005630,Vikram Thakur,Male,39,Hyderabad,Telangana,South
CUST005631,Pooja Rao,Female,36,Surat,Gujarat,West
CUST005632,Kabir Bansal,Male,37,Bengaluru,Karnataka,South
CUST005633,Aditi Arora,Female,44,Kolkata,West Bengal,East
CUST005634,Sanya Sinha,Female,18,Surat,Gujarat,West
CUST005635,Meera Goyal,Female,24,Chennai,Tamil Nadu,South
CUST005636,Rishi Rao,Male,25,Mumbai,Maharashtra,West
CUST005637,Varun Kulkarni,Male,35,Ranchi,Jharkhand,East
CUST005638,Vikram Pandey,Male,38,Indore,Madhya Pradesh,Central
CUST005639,Kunal Kulkarni,Male,32,Indore,Madhya Pradesh,Central
CUST005640,Siddharth Sethi,Male,37,Hyderabad,Telangana,South
CUST005641,Gaurav Pillai,Male,32,Chennai,Tamil Nadu,South
CUST005642,Muskan Iyer,Female,22,Coimbatore,Tamil Nadu,South
CUST005643,Sanya Kumar,Female,18,Ranchi,Jharkhand,East
CUST005644,Vivek Das,Male,24,Jaipur,Rajasthan,North
CUST005645,Rajat Arora,Male,32,Bengaluru,Karnataka,South
CUST005646,Muskan Sharma,Female,35,Raipur,Chhattisgarh,Central
CUST005647,Shreya Shah,Female,18,Noida,Uttar Pradesh,North
CUST005648,Karan Jain,Male,31,Lucknow,Uttar Pradesh,North
CUST005649,Ritesh Jain,Male,23,Kolkata,West Bengal,East
CUST005650,Siddharth Reddy,Male,36,Ahmedabad,Gujarat,West
CUST005651,Swati Tripathi,Female,30,Bengaluru,Karnataka,South
CUST005652,Nikhil Mishra,Male,38,Mumbai,Maharashtra,West
CUST005653,Tushar Thakur,Male,26,Mumbai,Maharashtra,West
CUST005654,Amit Agarwal,Male,39,Hyderabad,Telangana,South
CUST005655,Nandini Bhatia,Female,28,Delhi,Delhi,North
CUST005656,Sameer Verma,Male,18,Jaipur,Rajasthan,North
CUST005657,Swati Joshi,Female,41,Indore,Madhya Pradesh,Central
CUST005658,Shubham Chopra,Male,24,Delhi,Delhi,North
CUST005659,Manya Chatterjee,Female,27,Dehradun,Uttarakhand,North
CUST005660,Khushi Chatterjee,Female,27,Kochi,Kerala,South
CUST005661,Kunal Iyer,Male,20,Chennai,Tamil Nadu,South
CUST005662,Shubham Pillai,Male,32,Pune,Maharashtra,West
CUST005663,Rishi Chopra,Male,19,Bhubaneswar,Odisha,East
CUST005664,Kunal Goyal,Male,38,Raipur,Chhattisgarh,Central
CUST005665,Abhishek Shah,Male,23,Delhi,Delhi,North
CUST005666,Ankit Sinha,Male,39,Coimbatore,Tamil Nadu,South
CUST005667,Ritesh Kapoor,Male,45,Chennai,Tamil Nadu,South
CUST005668,Radhika Mehta,Female,45,Lucknow,Uttar Pradesh,North
CUST005669,Divya Rao,Female,21,Lucknow,Uttar Pradesh,North
CUST005670,Aditya Agarwal,Male,35,Mumbai,Maharashtra,West
CUST005671,Priya Pillai,Female,33,Indore,Madhya Pradesh,Central
CUST005672,Varun Bhatia,Male,26,Lucknow,Uttar Pradesh,North
CUST005673,Shubham Chopra,Male,30,Delhi,Delhi,North
CUST005674,Shubham Tiwari,Male,24,Bhubaneswar,Odisha,East
CUST005675,Pranav Joshi,Male,18,Noida,Uttar Pradesh,North
CUST005676,Karan Naidu,Male,19,Mumbai,Maharashtra,West
CUST005677,Nisha Kulkarni,Female,28,Kochi,Kerala,South
CUST005678,Anushka Malhotra,Female,50,Surat,Gujarat,West
CUST005679,Harsh Goyal,Male,22,Ranchi,Jharkhand,East
CUST005680,Nikhil Chopra,Male,21,Nagpur,Maharashtra,West
CUST005681,Simran Bansal,Female,33,Ranchi,Jharkhand,East
CUST005682,Dev Nair,Male,27,Chennai,Tamil Nadu,South
CUST005683,Dhruv Mishra,Male,18,Bhopal,Madhya Pradesh,Central
CUST005684,Aarav Menon,Male,36,Ahmedabad,Gujarat,West
CUST005685,Dev Sethi,Male,28,Bengaluru,Karnataka,South
CUST005686,Priya Yadav,Female,34,Bengaluru,Karnataka,South
CUST005687,Simran Malhotra,Female,32,Bengaluru,Karnataka,South
CUST005688,Ayush Chatterjee,Male,33,Jaipur,Rajasthan,North
CUST005689,Komal Sharma,Female,31,Mumbai,Maharashtra,West
CUST005690,Vivek Das,Male,37,Lucknow,Uttar Pradesh,North
CUST005691,Manya Reddy,Female,24,Mumbai,Maharashtra,West
CUST005692,Diya Goyal,Female,46,Noida,Uttar Pradesh,North
CUST005693,Yash Arora,Male,38,Mumbai,Maharashtra,West
CUST005694,Diya Kulkarni,Female,40,Nagpur,Maharashtra,West
CUST005695,Ayush Naidu,Male,37,Hyderabad,Telangana,South
CUST005696,Rajat Deshmukh,Male,32,Jaipur,Rajasthan,North
CUST005697,Ritesh Mehta,Male,28,Kolkata,West Bengal,East
CUST005698,Kabir Kulkarni,Male,44,Bengaluru,Karnataka,South
CUST005699,Nisha Sethi,Female,24,Lucknow,Uttar Pradesh,North
CUST005700,Vivek Banerjee,Male,24,Jaipur,Rajasthan,North
CUST005701,Siddharth Kulkarni,Male,29,Nagpur,Maharashtra,West
CUST005702,Sneha Pandey,Female,24,Raipur,Chhattisgarh,Central
CUST005703,Manya Banerjee,Female,37,Pune,Maharashtra,West
CUST005704,Karan Reddy,Male,22,Delhi,Delhi,North
CUST005705,Dev Verma,Male,32,Hyderabad,Telangana,South
CUST005706,Amit Deshmukh,Male,24,Chandigarh,Chandigarh,North
CUST005707,Mohit Kulkarni,Male,46,Noida,Uttar Pradesh,North
CUST005708,Tushar Bansal,Male,28,Coimbatore,Tamil Nadu,South
CUST005709,Isha Goyal,Female,24,Delhi,Delhi,North
CUST005710,Aanya Nair,Female,32,Jaipur,Rajasthan,North
CUST005711,Kunal Chauhan,Male,18,Pune,Maharashtra,West
CUST005712,Dev Patel,Male,33,Hyderabad,Telangana,South
CUST005713,Swati Reddy,Female,30,Ranchi,Jharkhand,East
CUST005714,Divya Malhotra,Female,30,Kolkata,West Bengal,East
CUST005715,Karan Nair,Male,22,Ranchi,Jharkhand,East
CUST005716,Manya Pillai,Female,18,Dehradun,Uttarakhand,North
CUST005717,Gaurav Srivastava,Male,30,Ahmedabad,Gujarat,West
CUST005718,Riya Sharma,Female,18,Noida,Uttar Pradesh,North
CUST005719,Manya Saxena,Female,30,Noida,Uttar Pradesh,North
CUST005720,Divya Kulkarni,Female,34,Indore,Madhya Pradesh,Central
CUST005721,Rohan Thakur,Male,22,Bhopal,Madhya Pradesh,Central
CUST005722,Khushi Saxena,Female,30,Bengaluru,Karnataka,South
CUST005723,Aditya Mishra,Male,25,Nagpur,Maharashtra,West
CUST005724,Aditya Jain,Male,18,Delhi,Delhi,North
CUST005725,Sneha Saxena,Female,39,Chennai,Tamil Nadu,South
CUST005726,Khushi Yadav,Female,35,Coimbatore,Tamil Nadu,South
CUST005727,Ayush Menon,Male,27,Bengaluru,Karnataka,South
CUST005728,Shreya Malhotra,Female,24,Jaipur,Rajasthan,North
CUST005729,Aditi Saxena,Female,35,Hyderabad,Telangana,South
CUST005730,Piyush Goyal,Male,27,Mumbai,Maharashtra,West
CUST005731,Rahul Kapoor,Male,37,Surat,Gujarat,West
CUST005732,Meera Bhatia,Female,32,Kochi,Kerala,South
CUST005733,Divya Jain,Female,27,Hyderabad,Telangana,South
CUST005734,Swati Singh,Female,18,Mumbai,Maharashtra,West
CUST005735,Sanya Chauhan,Female,31,Lucknow,Uttar Pradesh,North
CUST005736,Karan Gupta,Male,31,Delhi,Delhi,North
CUST005737,Palak Bansal,Female,22,Hyderabad,Telangana,South
CUST005738,Ananya Chauhan,Female,18,Dehradun,Uttarakhand,North
CUST005739,Kabir Naidu,Male,18,Hyderabad,Telangana,South
CUST005740,Gaurav Sinha,Male,41,Delhi,Delhi,North
CUST005741,Aanya Tripathi,Female,28,Pune,Maharashtra,West
CUST005742,Nikhil Kulkarni,Male,32,Pune,Maharashtra,West
CUST005743,Shruti Goyal,Female,32,Noida,Uttar Pradesh,North
CUST005744,Komal Iyer,Female,32,Ahmedabad,Gujarat,West
CUST005745,Ananya Saxena,Female,41,Noida,Uttar Pradesh,North
CUST005746,Abhishek Khanna,Male,27,Ahmedabad,Gujarat,West
CUST005747,Ankit Roy,Male,27,Coimbatore,Tamil Nadu,South
CUST005748,Sameer Tripathi,Male,30,Kolkata,West Bengal,East
CUST005749,Shreya Kapoor,Female,37,Ahmedabad,Gujarat,West
CUST005750,Ritesh Rao,Male,33,Pune,Maharashtra,West
CUST005751,Muskan Sharma,Female,24,Delhi,Delhi,North
CUST005752,Radhika Deshmukh,Female,27,Chennai,Tamil Nadu,South
CUST005753,Ananya Reddy,Female,33,Ranchi,Jharkhand,East
CUST005754,Ayush Das,Male,26,Hyderabad,Telangana,South
CUST005755,Saurabh Chopra,Male,21,Noida,Uttar Pradesh,North
CUST005756,Nisha Bhatia,Female,18,Chennai,Tamil Nadu,South
CUST005757,Aarav Patel,Male,37,Indore,Madhya Pradesh,Central
CUST005758,Rishi Pillai,Male,31,Ahmedabad,Gujarat,West
CUST005759,Isha Goyal,Female,23,Kochi,Kerala,South
CUST005760,Kavya Saxena,Female,27,Mumbai,Maharashtra,West
CUST005761,Arjun Nair,Male,33,Delhi,Delhi,North
CUST005762,Palak Malhotra,Female,18,Mumbai,Maharashtra,West
CUST005763,Komal Naidu,Female,18,Raipur,Chhattisgarh,Central
CUST005764,Aarav Bhatia,Male,25,Kolkata,West Bengal,East
CUST005765,Komal Bhatia,Female,34,Noida,Uttar Pradesh,North
CUST005766,Khushi Verma,Female,18,Chennai,Tamil Nadu,South
CUST005767,Ayush Banerjee,Male,39,Raipur,Chhattisgarh,Central
CUST005768,Sameer Patel,Male,20,Indore,Madhya Pradesh,Central
CUST005769,Vikram Jain,Male,38,Hyderabad,Telangana,South
CUST005770,Aanya Arora,Female,28,Pune,Maharashtra,West
CUST005771,Rahul Kapoor,Male,32,Mumbai,Maharashtra,West
CUST005772,Kunal Pillai,Male,33,Lucknow,Uttar Pradesh,North
CUST005773,Ankit Pandey,Male,33,Nagpur,Maharashtra,West
CUST005774,Palak Arora,Female,25,Guwahati,Assam,East
CUST005775,Varun Patel,Male,28,Ahmedabad,Gujarat,West
CUST005776,Komal Mehta,Female,27,Bengaluru,Karnataka,South
CUST005777,Muskan Joshi,Female,38,Pune,Maharashtra,West
CUST005778,Sameer Nair,Male,36,Mumbai,Maharashtra,West
CUST005779,Manish Agarwal,Male,19,Coimbatore,Tamil Nadu,South
CUST005780,Piyush Arora,Male,41,Raipur,Chhattisgarh,Central
CUST005781,Amit Pillai,Male,32,Chennai,Tamil Nadu,South
CUST005782,Harsh Deshmukh,Male,18,Jaipur,Rajasthan,North
CUST005783,Varun Yadav,Male,35,Ahmedabad,Gujarat,West
CUST005784,Siddharth Jain,Male,25,Lucknow,Uttar Pradesh,North
CUST005785,Nandini Goyal,Female,31,Chennai,Tamil Nadu,South
CUST005786,Simran Pillai,Female,34,Kochi,Kerala,South
CUST005787,Aditya Bhatia,Male,33,Raipur,Chhattisgarh,Central
CUST005788,Sanya Shah,Female,28,Bengaluru,Karnataka,South
CUST005789,Aditi Agarwal,Female,30,Hyderabad,Telangana,South
CUST005790,Khushi Shah,Female,27,Hyderabad,Telangana,South
CUST005791,Sakshi Pillai,Female,23,Patna,Bihar,East
CUST005792,Rajat Iyer,Male,20,Pune,Maharashtra,West
CUST005793,Nikhil Sethi,Male,29,Indore,Madhya Pradesh,Central
CUST005794,Aarav Shah,Male,37,Kolkata,West Bengal,East
CUST005795,Priya Agarwal,Female,20,Ahmedabad,Gujarat,West
CUST005796,Manya Mehta,Female,27,Pune,Maharashtra,West
CUST005797,Pooja Roy,Female,27,Bhopal,Madhya Pradesh,Central
CUST005798,Sakshi Malhotra,Female,35,Bhopal,Madhya Pradesh,Central
CUST005799,Ananya Rao,Female,32,Chennai,Tamil Nadu,South
CUST005800,Radhika Roy,Female,25,Bhopal,Madhya Pradesh,Central
CUST005801,Harsh Joshi,Male,28,Indore,Madhya Pradesh,Central
CUST005802,Komal Yadav,Female,29,Surat,Gujarat,West
CUST005803,Dhruv Bhatia,Male,19,Ahmedabad,Gujarat,West
CUST005804,Tushar Chatterjee,Male,29,Delhi,Delhi,North
CUST005805,Komal Khanna,Female,34,Chennai,Tamil Nadu,South
CUST005806,Avni Mehta,Female,28,Bhubaneswar,Odisha,East
CUST005807,Isha Sinha,Female,25,Surat,Gujarat,West
CUST005808,Apoorva Reddy,Female,35,Kolkata,West Bengal,East
CUST005809,Ananya Tiwari,Female,40,Indore,Madhya Pradesh,Central
CUST005810,Pooja Saxena,Female,19,Noida,Uttar Pradesh,North
CUST005811,Rahul Mehta,Male,35,Kochi,Kerala,South
CUST005812,Aarav Verma,Male,20,Chandigarh,Chandigarh,North
CUST005813,Vikram Srivastava,Male,27,Delhi,Delhi,North
CUST005814,Nandini Banerjee,Female,36,Ranchi,Jharkhand,East
CUST005815,Simran Nair,Female,28,Pune,Maharashtra,West
CUST005816,Swati Naidu,Female,32,Ahmedabad,Gujarat,West
CUST005817,Avni Naidu,Female,40,Bhopal,Madhya Pradesh,Central
CUST005818,Khushi Deshmukh,Female,38,Guwahati,Assam,East
CUST005819,Aanya Tripathi,Female,24,Delhi,Delhi,North
CUST005820,Neha Kapoor,Female,25,Delhi,Delhi,North
CUST005821,Rishi Rao,Male,34,Chennai,Tamil Nadu,South
CUST005822,Sakshi Gupta,Female,21,Chandigarh,Chandigarh,North
CUST005823,Aanya Banerjee,Female,30,Chennai,Tamil Nadu,South
CUST005824,Akash Pandey,Male,26,Bhubaneswar,Odisha,East
CUST005825,Riya Singh,Female,23,Noida,Uttar Pradesh,North
CUST005826,Ritesh Goyal,Male,18,Noida,Uttar Pradesh,North
CUST005827,Sakshi Thakur,Female,36,Bengaluru,Karnataka,South
CUST005828,Rajat Naidu,Male,46,Bhopal,Madhya Pradesh,Central
CUST005829,Muskan Kumar,Female,33,Noida,Uttar Pradesh,North
CUST005830,Apoorva Yadav,Female,45,Patna,Bihar,East
CUST005831,Nisha Arora,Female,25,Ahmedabad,Gujarat,West
CUST005832,Dhruv Yadav,Male,35,Nagpur,Maharashtra,West
CUST005833,Payal Tripathi,Female,18,Mumbai,Maharashtra,West
CUST005834,Meera Naidu,Female,23,Ahmedabad,Gujarat,West
CUST005835,Komal Goyal,Female,42,Delhi,Delhi,North
CUST005836,Riya Pillai,Female,43,Bhopal,Madhya Pradesh,Central
CUST005837,Apoorva Goyal,Female,24,Dehradun,Uttarakhand,North
CUST005838,Nikhil Singh,Male,19,Noida,Uttar Pradesh,North
CUST005839,Dev Kumar,Male,18,Raipur,Chhattisgarh,Central
CUST005840,Arjun Sethi,Male,32,Ahmedabad,Gujarat,West
CUST005841,Saurabh Malhotra,Male,21,Indore,Madhya Pradesh,Central
CUST005842,Yash Chauhan,Male,36,Surat,Gujarat,West
CUST005843,Ishita Verma,Female,18,Pune,Maharashtra,West
CUST005844,Harsh Joshi,Male,35,Jaipur,Rajasthan,North
CUST005845,Aditi Shah,Female,25,Pune,Maharashtra,West
CUST005846,Riya Nair,Female,29,Surat,Gujarat,West
CUST005847,Nisha Kumar,Female,33,Nagpur,Maharashtra,West
CUST005848,Nikhil Roy,Male,33,Lucknow,Uttar Pradesh,North
CUST005849,Swati Kapoor,Female,36,Jaipur,Rajasthan,North
CUST005850,Dev Sinha,Male,36,Coimbatore,Tamil Nadu,South
CUST005851,Aditi Bansal,Female,29,Coimbatore,Tamil Nadu,South
CUST005852,Shruti Patel,Female,40,Hyderabad,Telangana,South
CUST005853,Karan Bhatia,Male,25,Bhubaneswar,Odisha,East
CUST005854,Manish Pillai,Male,28,Kolkata,West Bengal,East
CUST005855,Arjun Gupta,Male,27,Pune,Maharashtra,West
CUST005856,Sakshi Kulkarni,Female,22,Hyderabad,Telangana,South
CUST005857,Riya Sinha,Female,36,Noida,Uttar Pradesh,North
CUST005858,Akash Tripathi,Male,35,Patna,Bihar,East
CUST005859,Meera Yadav,Female,20,Coimbatore,Tamil Nadu,South
CUST005860,Saurabh Menon,Male,33,Indore,Madhya Pradesh,Central
CUST005861,Rohan Agarwal,Male,25,Pune,Maharashtra,West
CUST005862,Ishita Bhatia,Female,30,Delhi,Delhi,North
CUST005863,Abhishek Kulkarni,Male,27,Coimbatore,Tamil Nadu,South
CUST005864,Rishi Srivastava,Male,18,Mumbai,Maharashtra,West
CUST005865,Vivek Verma,Male,18,Lucknow,Uttar Pradesh,North
CUST005866,Gaurav Bansal,Male,30,Chennai,Tamil Nadu,South
CUST005867,Avni Das,Female,31,Hyderabad,Telangana,South
CUST005868,Tanvi Shah,Female,35,Kolkata,West Bengal,East
CUST005869,Isha Kulkarni,Female,39,Raipur,Chhattisgarh,Central
CUST005870,Payal Patel,Female,35,Jaipur,Rajasthan,North
CUST005871,Aditi Khanna,Female,23,Surat,Gujarat,West
CUST005872,Ishita Kapoor,Female,35,Bhubaneswar,Odisha,East
CUST005873,Dhruv Nair,Male,27,Surat,Gujarat,West
CUST005874,Rishi Gupta,Male,18,Mumbai,Maharashtra,West
CUST005875,Piyush Menon,Male,26,Chennai,Tamil Nadu,South
CUST005876,Abhishek Goyal,Male,39,Kochi,Kerala,South
CUST005877,Shreya Sinha,Female,31,Surat,Gujarat,West
CUST005878,Dev Sharma,Male,44,Raipur,Chhattisgarh,Central
CUST005879,Sneha Yadav,Female,34,Hyderabad,Telangana,South
CUST005880,Aditya Yadav,Male,34,Chandigarh,Chandigarh,North
CUST005881,Ritesh Chauhan,Male,18,Bengaluru,Karnataka,South
CUST005882,Saurabh Naidu,Male,25,Delhi,Delhi,North
CUST005883,Manya Patel,Female,33,Hyderabad,Telangana,South
CUST005884,Shreya Tiwari,Female,18,Nagpur,Maharashtra,West
CUST005885,Nisha Sharma,Female,29,Bhubaneswar,Odisha,East
CUST005886,Isha Chauhan,Female,23,Chandigarh,Chandigarh,North
CUST005887,Dev Shah,Male,29,Kolkata,West Bengal,East
CUST005888,Vivek Nair,Male,46,Hyderabad,Telangana,South
CUST005889,Meera Banerjee,Female,25,Hyderabad,Telangana,South
CUST005890,Rajat Saxena,Male,29,Mumbai,Maharashtra,West
CUST005891,Arjun Menon,Male,24,Surat,Gujarat,West
CUST005892,Pooja Rao,Female,32,Pune,Maharashtra,West
CUST005893,Simran Jain,Female,29,Patna,Bihar,East
CUST005894,Nisha Singh,Female,30,Indore,Madhya Pradesh,Central
CUST005895,Sameer Mishra,Male,38,Indore,Madhya Pradesh,Central
CUST005896,Karan Iyer,Male,34,Pune,Maharashtra,West
CUST005897,Nisha Singh,Female,40,Hyderabad,Telangana,South
CUST005898,Amit Kapoor,Male,27,Chennai,Tamil Nadu,South
CUST005899,Shubham Kulkarni,Male,29,Pune,Maharashtra,West
CUST005900,Meera Agarwal,Female,40,Mumbai,Maharashtra,West
CUST005901,Gaurav Chopra,Male,26,Mumbai,Maharashtra,West
CUST005902,Sameer Malhotra,Male,33,Lucknow,Uttar Pradesh,North
CUST005903,Shreya Shah,Female,41,Kolkata,West Bengal,East
CUST005904,Abhishek Jain,Male,42,Raipur,Chhattisgarh,Central
CUST005905,Payal Singh,Female,37,Jaipur,Rajasthan,North
CUST005906,Ananya Verma,Female,25,Chennai,Tamil Nadu,South
CUST005907,Harsh Yadav,Male,32,Lucknow,Uttar Pradesh,North
CUST005908,Divya Saxena,Female,35,Ahmedabad,Gujarat,West
CUST005909,Aditya Singh,Male,26,Raipur,Chhattisgarh,Central
CUST005910,Sakshi Sharma,Female,38,Noida,Uttar Pradesh,North
CUST005911,Ritika Reddy,Female,43,Bhopal,Madhya Pradesh,Central
CUST005912,Ishita Deshmukh,Female,20,Delhi,Delhi,North
CUST005913,Simran Patel,Female,29,Ahmedabad,Gujarat,West
CUST005914,Rishi Thakur,Male,30,Surat,Gujarat,West
CUST005915,Meera Nair,Female,34,Mumbai,Maharashtra,West
CUST005916,Muskan Tiwari,Female,34,Indore,Madhya Pradesh,Central
CUST005917,Tushar Das,Male,24,Mumbai,Maharashtra,West
CUST005918,Rishi Chauhan,Male,20,Mumbai,Maharashtra,West
CUST005919,Vikram Mehta,Male,38,Hyderabad,Telangana,South
CUST005920,Khushi Goyal,Female,18,Noida,Uttar Pradesh,North
CUST005921,Ritesh Chatterjee,Male,30,Delhi,Delhi,North
CUST005922,Pranav Rao,Male,26,Hyderabad,Telangana,South
CUST005923,Divya Bansal,Female,38,Bengaluru,Karnataka,South
CUST005924,Varun Kumar,Male,35,Pune,Maharashtra,West
CUST005925,Siddharth Roy,Male,18,Patna,Bihar,East
CUST005926,Komal Das,Female,30,Bhopal,Madhya Pradesh,Central
CUST005927,Dhruv Malhotra,Male,27,Kolkata,West Bengal,East
CUST005928,Swati Jain,Female,18,Kochi,Kerala,South
CUST005929,Saurabh Tiwari,Male,28,Nagpur,Maharashtra,West
CUST005930,Harsh Arora,Male,25,Chennai,Tamil Nadu,South
CUST005931,Priya Verma,Female,26,Bhopal,Madhya Pradesh,Central
CUST005932,Radhika Rao,Female,26,Jaipur,Rajasthan,North
CUST005933,Sanya Das,Female,27,Bhopal,Madhya Pradesh,Central
CUST005934,Dev Shah,Male,23,Chennai,Tamil Nadu,South
CUST005935,Riya Arora,Female,39,Lucknow,Uttar Pradesh,North
CUST005936,Priya Bansal,Female,32,Delhi,Delhi,North
CUST005937,Dev Kapoor,Male,31,Indore,Madhya Pradesh,Central
CUST005938,Palak Sinha,Female,31,Surat,Gujarat,West
CUST005939,Manya Menon,Female,18,Mumbai,Maharashtra,West
CUST005940,Sameer Iyer,Male,26,Noida,Uttar Pradesh,North
CUST005941,Aarav Kapoor,Male,29,Ahmedabad,Gujarat,West
CUST005942,Sameer Banerjee,Male,43,Surat,Gujarat,West
CUST005943,Vikram Arora,Male,34,Surat,Gujarat,West
CUST005944,Nandini Arora,Female,30,Hyderabad,Telangana,South
CUST005945,Abhishek Sinha,Male,25,Pune,Maharashtra,West
CUST005946,Payal Pillai,Female,32,Bengaluru,Karnataka,South
CUST005947,Ayush Verma,Male,28,Noida,Uttar Pradesh,North
CUST005948,Aanya Gupta,Female,18,Jaipur,Rajasthan,North
CUST005949,Isha Pillai,Female,27,Chennai,Tamil Nadu,South
CUST005950,Aanya Shah,Female,18,Hyderabad,Telangana,South
CUST005951,Isha Roy,Female,21,Bengaluru,Karnataka,South
CUST005952,Nandini Agarwal,Female,45,Noida,Uttar Pradesh,North
CUST005953,Ananya Shah,Female,36,Chennai,Tamil Nadu,South
CUST005954,Simran Pandey,Female,32,Bhubaneswar,Odisha,East
CUST005955,Sneha Joshi,Female,27,Bhubaneswar,Odisha,East
CUST005956,Khushi Arora,Female,20,Chennai,Tamil Nadu,South
CUST005957,Akash Menon,Male,35,Mumbai,Maharashtra,West
CUST005958,Aditya Mehta,Male,20,Delhi,Delhi,North
CUST005959,Sakshi Kulkarni,Female,23,Chennai,Tamil Nadu,South
CUST005960,Swati Sethi,Female,37,Ahmedabad,Gujarat,West
CUST005961,Aarav Chopra,Male,25,Mumbai,Maharashtra,West
CUST005962,Kavya Arora,Female,26,Patna,Bihar,East
CUST005963,Varun Menon,Male,21,Bengaluru,Karnataka,South
CUST005964,Sneha Verma,Female,27,Mumbai,Maharashtra,West
CUST005965,Rohan Sethi,Male,35,Bhopal,Madhya Pradesh,Central
CUST005966,Aditya Khanna,Male,43,Delhi,Delhi,North
CUST005967,Gaurav Gupta,Male,22,Ahmedabad,Gujarat,West
CUST005968,Ritesh Mishra,Male,44,Pune,Maharashtra,West
CUST005969,Ritesh Bansal,Male,18,Jaipur,Rajasthan,North
CUST005970,Yash Patel,Male,26,Bhubaneswar,Odisha,East
CUST005971,Ankit Srivastava,Male,35,Nagpur,Maharashtra,West
CUST005972,Rahul Arora,Male,23,Ahmedabad,Gujarat,West
CUST005973,Akash Reddy,Male,29,Nagpur,Maharashtra,West
CUST005974,Ankit Shah,Male,30,Bengaluru,Karnataka,South
CUST005975,Aanya Deshmukh,Female,25,Delhi,Delhi,North
CUST005976,Sameer Khanna,Male,32,Pune,Maharashtra,West
CUST005977,Rajat Jain,Male,19,Noida,Uttar Pradesh,North
CUST005978,Nisha Nair,Female,35,Lucknow,Uttar Pradesh,North
CUST005979,Yash Kumar,Male,28,Indore,Madhya Pradesh,Central
CUST005980,Manya Reddy,Female,29,Delhi,Delhi,North
CUST005981,Akash Bhatia,Male,18,Mumbai,Maharashtra,West
CUST005982,Nikhil Bansal,Male,40,Bengaluru,Karnataka,South
CUST005983,Piyush Joshi,Male,36,Guwahati,Assam,East
CUST005984,Isha Goyal,Female,24,Coimbatore,Tamil Nadu,South
CUST005985,Diya Sinha,Female,30,Patna,Bihar,East
CUST005986,Karan Gupta,Male,18,Hyderabad,Telangana,South
CUST005987,Payal Jain,Female,25,Lucknow,Uttar Pradesh,North
CUST005988,Ayush Chauhan,Male,43,Kolkata,West Bengal,East
CUST005989,Rajat Gupta,Male,44,Mumbai,Maharashtra,West
CUST005990,Kunal Naidu,Male,37,Kolkata,West Bengal,East
CUST005991,Yash Reddy,Male,30,Chennai,Tamil Nadu,South
CUST005992,Ritesh Malhotra,Male,33,Bhopal,Madhya Pradesh,Central
CUST005993,Ritesh Banerjee,Male,32,Hyderabad,Telangana,South
CUST005994,Meera Agarwal,Female,29,Kolkata,West Bengal,East
CUST005995,Pooja Pandey,Female,21,Indore,Madhya Pradesh,Central
CUST005996,Sanya Banerjee,Female,26,Noida,Uttar Pradesh,North
CUST005997,Tushar Chopra,Male,24,Mumbai,Maharashtra,West
CUST005998,Muskan Banerjee,Female,21,Noida,Uttar Pradesh,North
CUST005999,Piyush Pillai,Male,28,Mumbai,Maharashtra,West
CUST006000,Aanya Malhotra,Female,34,Surat,Gujarat,West
CUST006001,Shreya Menon,Female,36,Jaipur,Rajasthan,North
CUST006002,Khushi Yadav,Female,19,Bengaluru,Karnataka,South
CUST006003,Shruti Tiwari,Female,35,Mumbai,Maharashtra,West
CUST006004,Rohan Malhotra,Male,25,Ahmedabad,Gujarat,West
CUST006005,Priya Reddy,Female,32,Noida,Uttar Pradesh,North
CUST006006,Akash Singh,Male,28,Nagpur,Maharashtra,West
CUST006007,Kunal Tiwari,Male,19,Kolkata,West Bengal,East
CUST006008,Rishi Kumar,Male,24,Mumbai,Maharashtra,West
CUST006009,Arjun Deshmukh,Male,28,Delhi,Delhi,North
CUST006010,Meera Bhatia,Female,30,Coimbatore,Tamil Nadu,South
CUST006011,Anushka Reddy,Female,34,Lucknow,Uttar Pradesh,North
CUST006012,Nikhil Menon,Male,28,Indore,Madhya Pradesh,Central
CUST006013,Ayush Deshmukh,Male,32,Nagpur,Maharashtra,West
CUST006014,Anushka Sharma,Female,28,Raipur,Chhattisgarh,Central
CUST006015,Rajat Verma,Male,18,Bengaluru,Karnataka,South
CUST006016,Ritika Kapoor,Female,41,Mumbai,Maharashtra,West
CUST006017,Manya Pandey,Female,32,Bhubaneswar,Odisha,East
CUST006018,Varun Bansal,Male,18,Bengaluru,Karnataka,South
CUST006019,Dev Mehta,Male,35,Delhi,Delhi,North
CUST006020,Aditya Kulkarni,Male,25,Hyderabad,Telangana,South
CUST006021,Ritika Pandey,Female,21,Pune,Maharashtra,West
CUST006022,Avni Sinha,Female,32,Delhi,Delhi,North
CUST006023,Kabir Thakur,Male,29,Bhubaneswar,Odisha,East
CUST006024,Nikhil Goyal,Male,25,Lucknow,Uttar Pradesh,North
CUST006025,Yash Tiwari,Male,20,Bengaluru,Karnataka,South
CUST006026,Diya Kapoor,Female,42,Pune,Maharashtra,West
CUST006027,Meera Gupta,Female,31,Indore,Madhya Pradesh,Central
CUST006028,Palak Iyer,Female,18,Raipur,Chhattisgarh,Central
CUST006029,Ayush Malhotra,Male,31,Mumbai,Maharashtra,West
CUST006030,Dhruv Chopra,Male,20,Noida,Uttar Pradesh,North
CUST006031,Abhishek Mishra,Male,41,Patna,Bihar,East
CUST006032,Palak Yadav,Female,31,Patna,Bihar,East
CUST006033,Arjun Bhatia,Male,31,Dehradun,Uttarakhand,North
CUST006034,Swati Srivastava,Female,18,Bhopal,Madhya Pradesh,Central
CUST006035,Siddharth Banerjee,Male,18,Mumbai,Maharashtra,West
CUST006036,Tushar Naidu,Male,29,Mumbai,Maharashtra,West
CUST006037,Komal Patel,Female,24,Jaipur,Rajasthan,North
CUST006038,Vikram Yadav,Male,40,Delhi,Delhi,North
CUST006039,Ritika Nair,Female,24,Nagpur,Maharashtra,West
CUST006040,Shubham Tiwari,Male,23,Bengaluru,Karnataka,South
CUST006041,Muskan Mehta,Female,20,Delhi,Delhi,North
CUST006042,Apoorva Singh,Female,31,Ranchi,Jharkhand,East
CUST006043,Shreya Das,Female,31,Jaipur,Rajasthan,North
CUST006044,Abhishek Gupta,Male,38,Hyderabad,Telangana,South
CUST006045,Abhishek Tripathi,Male,21,Lucknow,Uttar Pradesh,North
CUST006046,Rishi Patel,Male,20,Hyderabad,Telangana,South
CUST006047,Palak Kumar,Female,46,Chennai,Tamil Nadu,South
CUST006048,Vikram Sharma,Male,33,Bengaluru,Karnataka,South
CUST006049,Nisha Sinha,Female,53,Mumbai,Maharashtra,West
CUST006050,Vikram Malhotra,Male,37,Mumbai,Maharashtra,West
CUST006051,Kabir Arora,Male,35,Patna,Bihar,East
CUST006052,Piyush Nair,Male,29,Mumbai,Maharashtra,West
CUST006053,Pranav Kapoor,Male,41,Pune,Maharashtra,West
CUST006054,Saurabh Menon,Male,18,Dehradun,Uttarakhand,North
CUST006055,Aarav Banerjee,Male,27,Raipur,Chhattisgarh,Central
CUST006056,Amit Pandey,Male,34,Guwahati,Assam,East
CUST006057,Rahul Verma,Male,33,Indore,Madhya Pradesh,Central
CUST006058,Swati Joshi,Female,25,Jaipur,Rajasthan,North
CUST006059,Dev Saxena,Male,45,Nagpur,Maharashtra,West
CUST006060,Piyush Kapoor,Male,35,Lucknow,Uttar Pradesh,North
CUST006061,Manya Khanna,Female,42,Bengaluru,Karnataka,South
CUST006062,Gaurav Malhotra,Male,19,Mumbai,Maharashtra,West
CUST006063,Palak Mishra,Female,22,Mumbai,Maharashtra,West
CUST006064,Varun Rao,Male,21,Surat,Gujarat,West
CUST006065,Sakshi Bansal,Female,37,Noida,Uttar Pradesh,North
CUST006066,Aarav Saxena,Male,21,Mumbai,Maharashtra,West
CUST006067,Palak Naidu,Female,29,Nagpur,Maharashtra,West
CUST006068,Nikhil Joshi,Male,27,Lucknow,Uttar Pradesh,North
CUST006069,Swati Shah,Female,18,Mumbai,Maharashtra,West
CUST006070,Pooja Gupta,Female,29,Patna,Bihar,East
CUST006071,Tanvi Chopra,Female,23,Nagpur,Maharashtra,West
CUST006072,Shubham Joshi,Male,37,Lucknow,Uttar Pradesh,North
CUST006073,Pranav Singh,Male,39,Indore,Madhya Pradesh,Central
CUST006074,Mohit Sinha,Male,48,Kolkata,West Bengal,East
CUST006075,Ritika Shah,Female,18,Hyderabad,Telangana,South
CUST006076,Vivek Khanna,Male,38,Hyderabad,Telangana,South
CUST006077,Tanvi Patel,Female,34,Surat,Gujarat,West
CUST006078,Palak Reddy,Female,24,Mumbai,Maharashtra,West
CUST006079,Abhishek Chopra,Male,20,Pune,Maharashtra,West
CUST006080,Akash Rao,Male,39,Bhopal,Madhya Pradesh,Central
CUST006081,Khushi Roy,Female,18,Delhi,Delhi,North
CUST006082,Shruti Deshmukh,Female,39,Pune,Maharashtra,West
CUST006083,Kunal Bansal,Male,21,Kolkata,West Bengal,East
CUST006084,Tushar Chatterjee,Male,27,Coimbatore,Tamil Nadu,South
CUST006085,Meera Das,Female,40,Patna,Bihar,East
CUST006086,Nandini Sethi,Female,25,Guwahati,Assam,East
CUST006087,Varun Agarwal,Male,27,Ahmedabad,Gujarat,West
CUST006088,Riya Mehta,Female,20,Ahmedabad,Gujarat,West
CUST006089,Palak Roy,Female,27,Mumbai,Maharashtra,West
CUST006090,Rishi Malhotra,Male,19,Nagpur,Maharashtra,West
CUST006091,Saurabh Patel,Male,31,Chandigarh,Chandigarh,North
CUST006092,Tushar Goyal,Male,26,Raipur,Chhattisgarh,Central
CUST006093,Neha Naidu,Female,43,Lucknow,Uttar Pradesh,North
CUST006094,Radhika Menon,Female,35,Patna,Bihar,East
CUST006095,Ritesh Patel,Male,38,Jaipur,Rajasthan,North
CUST006096,Dev Menon,Male,27,Delhi,Delhi,North
CUST006097,Isha Saxena,Female,22,Ranchi,Jharkhand,East
CUST006098,Akash Das,Male,31,Bengaluru,Karnataka,South
CUST006099,Meera Goyal,Female,49,Ahmedabad,Gujarat,West
CUST006100,Manya Agarwal,Female,24,Delhi,Delhi,North
CUST006101,Kabir Kulkarni,Male,30,Mumbai,Maharashtra,West
CUST006102,Amit Kapoor,Male,36,Coimbatore,Tamil Nadu,South
CUST006103,Manish Joshi,Male,38,Jaipur,Rajasthan,North
CUST006104,Diya Agarwal,Female,23,Hyderabad,Telangana,South
CUST006105,Aanya Kulkarni,Female,35,Pune,Maharashtra,West
CUST006106,Ritesh Verma,Male,27,Chennai,Tamil Nadu,South
CUST006107,Sakshi Chauhan,Female,31,Patna,Bihar,East
CUST006108,Avni Yadav,Female,18,Lucknow,Uttar Pradesh,North
CUST006109,Komal Chopra,Female,38,Patna,Bihar,East
CUST006110,Aditi Iyer,Female,34,Hyderabad,Telangana,South
CUST006111,Kavya Pillai,Female,31,Surat,Gujarat,West
CUST006112,Dhruv Thakur,Male,30,Bhubaneswar,Odisha,East
CUST006113,Rishi Nair,Male,35,Bhubaneswar,Odisha,East
CUST006114,Kabir Roy,Male,28,Bengaluru,Karnataka,South
CUST006115,Dev Iyer,Male,21,Ahmedabad,Gujarat,West
CUST006116,Avni Pandey,Female,30,Dehradun,Uttarakhand,North
CUST006117,Vivek Yadav,Male,38,Bhopal,Madhya Pradesh,Central
CUST006118,Kavya Joshi,Female,22,Noida,Uttar Pradesh,North
CUST006119,Apoorva Nair,Female,23,Indore,Madhya Pradesh,Central
CUST006120,Diya Bhatia,Female,34,Raipur,Chhattisgarh,Central
CUST006121,Ananya Mishra,Female,21,Lucknow,Uttar Pradesh,North
CUST006122,Simran Chatterjee,Female,40,Bengaluru,Karnataka,South
CUST006123,Swati Menon,Female,32,Chandigarh,Chandigarh,North
CUST006124,Sanya Chopra,Female,37,Hyderabad,Telangana,South
CUST006125,Divya Kumar,Female,26,Pune,Maharashtra,West
CUST006126,Mohit Saxena,Male,29,Bhopal,Madhya Pradesh,Central
CUST006127,Nikhil Bhatia,Male,27,Mumbai,Maharashtra,West
CUST006128,Vivek Mishra,Male,26,Delhi,Delhi,North
CUST006129,Kabir Naidu,Male,34,Indore,Madhya Pradesh,Central
CUST006130,Vivek Iyer,Male,18,Jaipur,Rajasthan,North
CUST006131,Kunal Patel,Male,40,Bengaluru,Karnataka,South
CUST006132,Vikram Agarwal,Male,32,Bhubaneswar,Odisha,East
CUST006133,Vikram Verma,Male,18,Delhi,Delhi,North
CUST006134,Manya Naidu,Female,25,Kochi,Kerala,South
CUST006135,Amit Srivastava,Male,18,Coimbatore,Tamil Nadu,South
CUST006136,Aarav Pandey,Male,31,Indore,Madhya Pradesh,Central
CUST006137,Abhishek Roy,Male,19,Bengaluru,Karnataka,South
CUST006138,Kavya Bansal,Female,28,Mumbai,Maharashtra,West
CUST006139,Tushar Tiwari,Male,18,Nagpur,Maharashtra,West
CUST006140,Piyush Singh,Male,36,Noida,Uttar Pradesh,North
CUST006141,Rohan Tripathi,Male,19,Kolkata,West Bengal,East
CUST006142,Dev Yadav,Male,21,Raipur,Chhattisgarh,Central
CUST006143,Isha Kumar,Female,25,Mumbai,Maharashtra,West
CUST006144,Neha Saxena,Female,40,Noida,Uttar Pradesh,North
CUST006145,Priya Yadav,Female,32,Chennai,Tamil Nadu,South
CUST006146,Ritesh Bansal,Male,19,Noida,Uttar Pradesh,North
CUST006147,Kavya Arora,Female,25,Pune,Maharashtra,West
CUST006148,Siddharth Verma,Male,24,Bengaluru,Karnataka,South
CUST006149,Palak Jain,Female,25,Delhi,Delhi,North
CUST006150,Radhika Goyal,Female,32,Bengaluru,Karnataka,South
CUST006151,Diya Chauhan,Female,33,Nagpur,Maharashtra,West
CUST006152,Vikram Iyer,Male,30,Delhi,Delhi,North
CUST006153,Shubham Reddy,Male,23,Nagpur,Maharashtra,West
CUST006154,Rohan Nair,Male,31,Delhi,Delhi,North
CUST006155,Abhishek Shah,Male,21,Hyderabad,Telangana,South
CUST006156,Gaurav Jain,Male,32,Chennai,Tamil Nadu,South
CUST006157,Karan Nair,Male,32,Bhubaneswar,Odisha,East
CUST006158,Saurabh Bhatia,Male,18,Bengaluru,Karnataka,South
CUST006159,Tanvi Malhotra,Female,24,Mumbai,Maharashtra,West
CUST006160,Priya Agarwal,Female,32,Coimbatore,Tamil Nadu,South
CUST006161,Manish Patel,Male,26,Lucknow,Uttar Pradesh,North
CUST006162,Shruti Bhatia,Female,28,Chennai,Tamil Nadu,South
CUST006163,Varun Sethi,Male,29,Chennai,Tamil Nadu,South
CUST006164,Aditya Deshmukh,Male,22,Ahmedabad,Gujarat,West
CUST006165,Akash Khanna,Male,40,Hyderabad,Telangana,South
CUST006166,Shubham Chauhan,Male,25,Bhubaneswar,Odisha,East
CUST006167,Avni Malhotra,Female,20,Kolkata,West Bengal,East
CUST006168,Nikhil Pandey,Male,36,Patna,Bihar,East
CUST006169,Dhruv Singh,Male,29,Bhubaneswar,Odisha,East
CUST006170,Avni Mehta,Female,26,Ahmedabad,Gujarat,West
CUST006171,Avni Pandey,Female,24,Bengaluru,Karnataka,South
CUST006172,Aditya Bhatia,Male,41,Pune,Maharashtra,West
CUST006173,Vikram Joshi,Male,23,Hyderabad,Telangana,South
CUST006174,Aditi Goyal,Female,31,Mumbai,Maharashtra,West
CUST006175,Kunal Kapoor,Male,37,Mumbai,Maharashtra,West
CUST006176,Neha Srivastava,Female,39,Mumbai,Maharashtra,West
CUST006177,Ritesh Bansal,Male,29,Bengaluru,Karnataka,South
CUST006178,Anushka Yadav,Female,18,Jaipur,Rajasthan,North
CUST006179,Shreya Chauhan,Female,32,Chandigarh,Chandigarh,North
CUST006180,Manish Kumar,Male,48,Hyderabad,Telangana,South
CUST006181,Abhishek Reddy,Male,24,Raipur,Chhattisgarh,Central
CUST006182,Pooja Bansal,Female,41,Jaipur,Rajasthan,North
CUST006183,Komal Iyer,Female,36,Lucknow,Uttar Pradesh,North
CUST006184,Sakshi Pandey,Female,31,Chennai,Tamil Nadu,South
CUST006185,Ankit Thakur,Male,21,Bhubaneswar,Odisha,East
CUST006186,Tushar Pandey,Male,33,Bengaluru,Karnataka,South
CUST006187,Rajat Pillai,Male,18,Bengaluru,Karnataka,South
CUST006188,Isha Bansal,Female,30,Lucknow,Uttar Pradesh,North
CUST006189,Kabir Mishra,Male,40,Coimbatore,Tamil Nadu,South
CUST006190,Muskan Gupta,Female,20,Chennai,Tamil Nadu,South
CUST006191,Sneha Kulkarni,Female,36,Delhi,Delhi,North
CUST006192,Siddharth Tripathi,Male,32,Kochi,Kerala,South
CUST006193,Komal Naidu,Female,32,Mumbai,Maharashtra,West
CUST006194,Apoorva Roy,Female,26,Bengaluru,Karnataka,South
CUST006195,Ayush Kumar,Male,45,Indore,Madhya Pradesh,Central
CUST006196,Anushka Roy,Female,34,Mumbai,Maharashtra,West
CUST006197,Manish Chatterjee,Male,44,Chandigarh,Chandigarh,North
CUST006198,Nisha Shah,Female,39,Kolkata,West Bengal,East
CUST006199,Riya Khanna,Female,43,Ranchi,Jharkhand,East
CUST006200,Harsh Goyal,Male,28,Dehradun,Uttarakhand,North
CUST006201,Diya Yadav,Female,24,Bengaluru,Karnataka,South
CUST006202,Ankit Sethi,Male,34,Dehradun,Uttarakhand,North
CUST006203,Rahul Pillai,Male,22,Dehradun,Uttarakhand,North
CUST006204,Saurabh Joshi,Male,34,Chennai,Tamil Nadu,South
CUST006205,Manish Khanna,Male,22,Indore,Madhya Pradesh,Central
CUST006206,Aarav Chopra,Male,18,Pune,Maharashtra,West
CUST006207,Gaurav Menon,Male,25,Mumbai,Maharashtra,West
CUST006208,Kabir Verma,Male,31,Bengaluru,Karnataka,South
CUST006209,Nikhil Pillai,Male,18,Bengaluru,Karnataka,South
CUST006210,Sneha Joshi,Female,29,Surat,Gujarat,West
CUST006211,Kabir Thakur,Male,29,Kolkata,West Bengal,East
CUST006212,Aarav Arora,Male,34,Kochi,Kerala,South
CUST006213,Harsh Reddy,Male,26,Kochi,Kerala,South
CUST006214,Mohit Gupta,Male,29,Nagpur,Maharashtra,West
CUST006215,Shubham Reddy,Male,39,Coimbatore,Tamil Nadu,South
CUST006216,Rahul Kumar,Male,31,Ahmedabad,Gujarat,West
CUST006217,Saurabh Sharma,Male,29,Jaipur,Rajasthan,North
CUST006218,Divya Pillai,Female,34,Jaipur,Rajasthan,North
CUST006219,Yash Bhatia,Male,20,Indore,Madhya Pradesh,Central
CUST006220,Sanya Yadav,Female,38,Hyderabad,Telangana,South
CUST006221,Payal Goyal,Female,21,Kolkata,West Bengal,East
CUST006222,Kabir Gupta,Male,23,Indore,Madhya Pradesh,Central
CUST006223,Piyush Yadav,Male,37,Delhi,Delhi,North
CUST006224,Aanya Chopra,Female,35,Delhi,Delhi,North
CUST006225,Manya Arora,Female,27,Bengaluru,Karnataka,South
CUST006226,Avni Iyer,Female,19,Pune,Maharashtra,West
CUST006227,Vivek Deshmukh,Male,33,Noida,Uttar Pradesh,North
CUST006228,Shreya Goyal,Female,41,Delhi,Delhi,North
CUST006229,Abhishek Malhotra,Male,27,Ahmedabad,Gujarat,West
CUST006230,Nikhil Agarwal,Male,24,Patna,Bihar,East
CUST006231,Rishi Das,Male,28,Kolkata,West Bengal,East
CUST006232,Divya Sharma,Female,27,Lucknow,Uttar Pradesh,North
CUST006233,Aanya Chopra,Female,28,Ahmedabad,Gujarat,West
CUST006234,Rahul Kulkarni,Male,18,Hyderabad,Telangana,South
CUST006235,Abhishek Chauhan,Male,18,Mumbai,Maharashtra,West
CUST006236,Mohit Roy,Male,32,Delhi,Delhi,North
CUST006237,Meera Kapoor,Female,27,Chennai,Tamil Nadu,South
CUST006238,Komal Kulkarni,Female,41,Jaipur,Rajasthan,North
CUST006239,Meera Naidu,Female,35,Pune,Maharashtra,West
CUST006240,Diya Sharma,Female,25,Bhopal,Madhya Pradesh,Central
CUST006241,Yash Joshi,Male,37,Ahmedabad,Gujarat,West
CUST006242,Isha Pillai,Female,18,Ahmedabad,Gujarat,West
CUST006243,Palak Reddy,Female,29,Bhubaneswar,Odisha,East
CUST006244,Palak Bansal,Female,36,Bengaluru,Karnataka,South
CUST006245,Pranav Das,Male,22,Dehradun,Uttarakhand,North
CUST006246,Meera Khanna,Female,21,Chandigarh,Chandigarh,North
CUST006247,Vivek Nair,Male,22,Patna,Bihar,East
CUST006248,Karan Tiwari,Male,32,Delhi,Delhi,North
CUST006249,Muskan Tripathi,Female,32,Kolkata,West Bengal,East
CUST006250,Neha Arora,Female,25,Raipur,Chhattisgarh,Central
CUST006251,Rahul Menon,Male,27,Noida,Uttar Pradesh,North
CUST006252,Gaurav Jain,Male,26,Noida,Uttar Pradesh,North
CUST006253,Ayush Yadav,Male,26,Hyderabad,Telangana,South
CUST006254,Akash Iyer,Male,27,Jaipur,Rajasthan,North
CUST006255,Karan Deshmukh,Male,39,Bhopal,Madhya Pradesh,Central
CUST006256,Vivek Agarwal,Male,31,Pune,Maharashtra,West
CUST006257,Gaurav Nair,Male,18,Hyderabad,Telangana,South
CUST006258,Meera Pillai,Female,34,Chandigarh,Chandigarh,North
CUST006259,Muskan Nair,Female,27,Patna,Bihar,East
CUST006260,Mohit Shah,Male,28,Lucknow,Uttar Pradesh,North
CUST006261,Arjun Menon,Male,36,Surat,Gujarat,West
CUST006262,Sanya Kapoor,Female,28,Delhi,Delhi,North
CUST006263,Palak Sharma,Female,38,Delhi,Delhi,North
CUST006264,Nandini Tripathi,Female,37,Chennai,Tamil Nadu,South
CUST006265,Ayush Gupta,Male,27,Mumbai,Maharashtra,West
CUST006266,Shreya Jain,Female,19,Surat,Gujarat,West
CUST006267,Tanvi Chauhan,Female,40,Lucknow,Uttar Pradesh,North
CUST006268,Isha Agarwal,Female,28,Bengaluru,Karnataka,South
CUST006269,Shreya Tripathi,Female,18,Pune,Maharashtra,West
CUST006270,Palak Patel,Female,24,Lucknow,Uttar Pradesh,North
CUST006271,Ananya Pillai,Female,18,Kolkata,West Bengal,East
CUST006272,Khushi Iyer,Female,28,Bengaluru,Karnataka,South
CUST006273,Payal Sethi,Female,24,Noida,Uttar Pradesh,North
CUST006274,Tushar Gupta,Male,31,Lucknow,Uttar Pradesh,North
CUST006275,Diya Patel,Female,36,Noida,Uttar Pradesh,North
CUST006276,Saurabh Arora,Male,29,Hyderabad,Telangana,South
CUST006277,Avni Mehta,Female,35,Kochi,Kerala,South
CUST006278,Ritika Das,Female,34,Delhi,Delhi,North
CUST006279,Saurabh Tiwari,Male,33,Lucknow,Uttar Pradesh,North
CUST006280,Ritika Gupta,Female,41,Bhubaneswar,Odisha,East
CUST006281,Rishi Mishra,Male,26,Surat,Gujarat,West
CUST006282,Tushar Naidu,Male,43,Jaipur,Rajasthan,North
CUST006283,Piyush Yadav,Male,43,Kolkata,West Bengal,East
CUST006284,Divya Bansal,Female,26,Kolkata,West Bengal,East
CUST006285,Simran Tiwari,Female,26,Bhubaneswar,Odisha,East
CUST006286,Piyush Chauhan,Male,23,Delhi,Delhi,North
CUST006287,Gaurav Gupta,Male,36,Lucknow,Uttar Pradesh,North
CUST006288,Ayush Patel,Male,35,Chandigarh,Chandigarh,North
CUST006289,Sameer Agarwal,Male,20,Pune,Maharashtra,West
CUST006290,Isha Yadav,Female,24,Jaipur,Rajasthan,North
CUST006291,Payal Saxena,Female,23,Mumbai,Maharashtra,West
CUST006292,Ankit Pillai,Male,30,Pune,Maharashtra,West
CUST006293,Ritesh Reddy,Male,33,Pune,Maharashtra,West
CUST006294,Rahul Reddy,Male,24,Ahmedabad,Gujarat,West
CUST006295,Avni Menon,Female,29,Raipur,Chhattisgarh,Central
CUST006296,Nandini Malhotra,Female,18,Mumbai,Maharashtra,West
CUST006297,Piyush Banerjee,Male,21,Mumbai,Maharashtra,West
CUST006298,Pranav Deshmukh,Male,39,Ranchi,Jharkhand,East
CUST006299,Manya Tiwari,Female,29,Patna,Bihar,East
CUST006300,Aarav Chopra,Male,27,Bhubaneswar,Odisha,East
CUST006301,Piyush Agarwal,Male,29,Kolkata,West Bengal,East
CUST006302,Simran Nair,Female,30,Dehradun,Uttarakhand,North
CUST006303,Aditi Singh,Female,30,Lucknow,Uttar Pradesh,North
CUST006304,Dhruv Malhotra,Male,36,Noida,Uttar Pradesh,North
CUST006305,Ayush Sharma,Male,25,Lucknow,Uttar Pradesh,North
CUST006306,Ayush Pillai,Male,31,Kolkata,West Bengal,East
CUST006307,Rajat Nair,Male,22,Guwahati,Assam,East
CUST006308,Vivek Chatterjee,Male,22,Pune,Maharashtra,West
CUST006309,Sameer Bansal,Male,25,Mumbai,Maharashtra,West
CUST006310,Mohit Gupta,Male,24,Kolkata,West Bengal,East
CUST006311,Aanya Reddy,Female,21,Ahmedabad,Gujarat,West
CUST006312,Komal Sharma,Female,36,Kolkata,West Bengal,East
CUST006313,Aditya Chauhan,Male,21,Pune,Maharashtra,West
CUST006314,Siddharth Bhatia,Male,36,Kochi,Kerala,South
CUST006315,Vikram Thakur,Male,33,Delhi,Delhi,North
CUST006316,Ritesh Das,Male,38,Pune,Maharashtra,West
CUST006317,Pranav Sinha,Male,31,Bengaluru,Karnataka,South
CUST006318,Tushar Patel,Male,25,Pune,Maharashtra,West
CUST006319,Ritesh Chatterjee,Male,28,Kolkata,West Bengal,East
CUST006320,Ankit Kapoor,Male,37,Surat,Gujarat,West
CUST006321,Tushar Khanna,Male,35,Raipur,Chhattisgarh,Central
CUST006322,Ritesh Naidu,Male,35,Lucknow,Uttar Pradesh,North
CUST006323,Apoorva Verma,Female,30,Bengaluru,Karnataka,South
CUST006324,Neha Banerjee,Female,24,Lucknow,Uttar Pradesh,North
CUST006325,Yash Gupta,Male,32,Lucknow,Uttar Pradesh,North
CUST006326,Ankit Kumar,Male,24,Bengaluru,Karnataka,South
CUST006327,Ritika Kumar,Female,37,Ahmedabad,Gujarat,West
CUST006328,Komal Sethi,Female,33,Delhi,Delhi,North
CUST006329,Karan Sethi,Male,31,Hyderabad,Telangana,South
CUST006330,Aditi Saxena,Female,39,Dehradun,Uttarakhand,North
CUST006331,Sakshi Kapoor,Female,36,Chandigarh,Chandigarh,North
CUST006332,Rajat Chatterjee,Male,27,Dehradun,Uttarakhand,North
CUST006333,Harsh Reddy,Male,28,Lucknow,Uttar Pradesh,North
CUST006334,Rahul Srivastava,Male,21,Kolkata,West Bengal,East
CUST006335,Pooja Banerjee,Female,26,Bhopal,Madhya Pradesh,Central
CUST006336,Gaurav Roy,Male,18,Jaipur,Rajasthan,North
CUST006337,Payal Reddy,Female,21,Bengaluru,Karnataka,South
CUST006338,Aditya Singh,Male,26,Kochi,Kerala,South
CUST006339,Priya Jain,Female,35,Jaipur,Rajasthan,North
CUST006340,Ritika Verma,Female,18,Bhubaneswar,Odisha,East
CUST006341,Ishita Joshi,Female,43,Noida,Uttar Pradesh,North
CUST006342,Shreya Rao,Female,38,Bhopal,Madhya Pradesh,Central
CUST006343,Vivek Rao,Male,39,Hyderabad,Telangana,South
CUST006344,Rohan Bhatia,Male,18,Jaipur,Rajasthan,North
CUST006345,Kunal Mishra,Male,43,Nagpur,Maharashtra,West
CUST006346,Payal Iyer,Female,32,Kolkata,West Bengal,East
CUST006347,Ishita Chatterjee,Female,21,Lucknow,Uttar Pradesh,North
CUST006348,Khushi Pandey,Female,24,Chennai,Tamil Nadu,South
CUST006349,Ankit Kapoor,Male,18,Bengaluru,Karnataka,South
CUST006350,Aditi Chopra,Female,32,Delhi,Delhi,North
CUST006351,Mohit Patel,Male,19,Delhi,Delhi,North
CUST006352,Ananya Thakur,Female,51,Pune,Maharashtra,West
CUST006353,Arjun Sethi,Male,39,Lucknow,Uttar Pradesh,North
CUST006354,Kunal Bhatia,Male,21,Delhi,Delhi,North
CUST006355,Apoorva Singh,Female,26,Ahmedabad,Gujarat,West
CUST006356,Yash Mishra,Male,31,Ahmedabad,Gujarat,West
CUST006357,Yash Chauhan,Male,40,Indore,Madhya Pradesh,Central
CUST006358,Amit Menon,Male,24,Ranchi,Jharkhand,East
CUST006359,Shreya Verma,Female,28,Bhubaneswar,Odisha,East
CUST006360,Piyush Chatterjee,Male,26,Bhubaneswar,Odisha,East
CUST006361,Aditya Arora,Male,35,Jaipur,Rajasthan,North
CUST006362,Rahul Sinha,Male,19,Delhi,Delhi,North
CUST006363,Shruti Rao,Female,32,Delhi,Delhi,North
CUST006364,Ritesh Sharma,Male,20,Chandigarh,Chandigarh,North
CUST006365,Payal Thakur,Female,29,Kolkata,West Bengal,East
CUST006366,Apoorva Kapoor,Female,41,Mumbai,Maharashtra,West
CUST006367,Yash Chauhan,Male,39,Lucknow,Uttar Pradesh,North
CUST006368,Komal Chauhan,Female,18,Mumbai,Maharashtra,West
CUST006369,Riya Chopra,Female,19,Mumbai,Maharashtra,West
CUST006370,Divya Khanna,Female,18,Mumbai,Maharashtra,West
CUST006371,Kabir Patel,Male,35,Coimbatore,Tamil Nadu,South
CUST006372,Ananya Sethi,Female,24,Mumbai,Maharashtra,West
CUST006373,Manya Pandey,Female,18,Patna,Bihar,East
CUST006374,Tanvi Saxena,Female,25,Patna,Bihar,East
CUST006375,Rishi Bhatia,Male,30,Ahmedabad,Gujarat,West
CUST006376,Muskan Chatterjee,Female,20,Bhopal,Madhya Pradesh,Central
CUST006377,Diya Shah,Female,37,Mumbai,Maharashtra,West
CUST006378,Riya Agarwal,Female,28,Chennai,Tamil Nadu,South
CUST006379,Shubham Patel,Male,18,Jaipur,Rajasthan,North
CUST006380,Divya Sharma,Female,33,Indore,Madhya Pradesh,Central
CUST006381,Kavya Sharma,Female,44,Surat,Gujarat,West
CUST006382,Vikram Jain,Male,28,Noida,Uttar Pradesh,North
CUST006383,Swati Verma,Female,30,Ahmedabad,Gujarat,West
CUST006384,Ishita Pillai,Female,28,Bengaluru,Karnataka,South
CUST006385,Muskan Chauhan,Female,22,Mumbai,Maharashtra,West
CUST006386,Abhishek Chopra,Male,37,Dehradun,Uttarakhand,North
CUST006387,Payal Srivastava,Female,25,Chennai,Tamil Nadu,South
CUST006388,Akash Tiwari,Male,20,Delhi,Delhi,North
CUST006389,Arjun Tiwari,Male,31,Mumbai,Maharashtra,West
CUST006390,Rajat Tiwari,Male,35,Delhi,Delhi,North
CUST006391,Khushi Bhatia,Female,39,Mumbai,Maharashtra,West
CUST006392,Ayush Bhatia,Male,31,Noida,Uttar Pradesh,North
CUST006393,Saurabh Khanna,Male,18,Bhopal,Madhya Pradesh,Central
CUST006394,Rohan Bansal,Male,48,Ahmedabad,Gujarat,West
CUST006395,Sneha Menon,Female,31,Chandigarh,Chandigarh,North
CUST006396,Dhruv Shah,Male,33,Ahmedabad,Gujarat,West
CUST006397,Priya Tripathi,Female,32,Dehradun,Uttarakhand,North
CUST006398,Akash Shah,Male,29,Lucknow,Uttar Pradesh,North
CUST006399,Rishi Roy,Male,19,Bengaluru,Karnataka,South
CUST006400,Vikram Das,Male,35,Pune,Maharashtra,West
CUST006401,Priya Deshmukh,Female,27,Bengaluru,Karnataka,South
CUST006402,Apoorva Thakur,Female,31,Mumbai,Maharashtra,West
CUST006403,Palak Patel,Female,18,Bengaluru,Karnataka,South
CUST006404,Rajat Sinha,Male,36,Lucknow,Uttar Pradesh,North
CUST006405,Amit Chauhan,Male,31,Hyderabad,Telangana,South
CUST006406,Arjun Agarwal,Male,31,Lucknow,Uttar Pradesh,North
CUST006407,Rohan Srivastava,Male,46,Chennai,Tamil Nadu,South
CUST006408,Shreya Tripathi,Female,33,Mumbai,Maharashtra,West
CUST006409,Diya Singh,Female,31,Chennai,Tamil Nadu,South
CUST006410,Avni Malhotra,Female,24,Kolkata,West Bengal,East
CUST006411,Tanvi Tripathi,Female,25,Jaipur,Rajasthan,North
CUST006412,Piyush Arora,Male,18,Bhubaneswar,Odisha,East
CUST006413,Piyush Kapoor,Male,26,Mumbai,Maharashtra,West
CUST006414,Radhika Malhotra,Female,28,Coimbatore,Tamil Nadu,South
CUST006415,Amit Goyal,Male,19,Ahmedabad,Gujarat,West
CUST006416,Kunal Kulkarni,Male,33,Kolkata,West Bengal,East
CUST006417,Palak Jain,Female,31,Kolkata,West Bengal,East
CUST006418,Payal Menon,Female,24,Delhi,Delhi,North
CUST006419,Aarav Menon,Male,24,Dehradun,Uttarakhand,North
CUST006420,Khushi Goyal,Female,33,Ahmedabad,Gujarat,West
CUST006421,Muskan Yadav,Female,40,Kochi,Kerala,South
CUST006422,Palak Yadav,Female,44,Pune,Maharashtra,West
CUST006423,Ayush Kulkarni,Male,36,Bengaluru,Karnataka,South
CUST006424,Mohit Arora,Male,21,Bengaluru,Karnataka,South
CUST006425,Swati Chatterjee,Female,44,Hyderabad,Telangana,South
CUST006426,Tanvi Kumar,Female,22,Nagpur,Maharashtra,West
CUST006427,Sameer Das,Male,21,Pune,Maharashtra,West
CUST006428,Yash Kumar,Male,21,Dehradun,Uttarakhand,North
CUST006429,Sakshi Mehta,Female,26,Ahmedabad,Gujarat,West
CUST006430,Kabir Mehta,Male,36,Hyderabad,Telangana,South
CUST006431,Piyush Naidu,Male,30,Noida,Uttar Pradesh,North
CUST006432,Swati Menon,Female,30,Bhubaneswar,Odisha,East
CUST006433,Arjun Bhatia,Male,28,Bhubaneswar,Odisha,East
CUST006434,Rishi Chauhan,Male,43,Nagpur,Maharashtra,West
CUST006435,Siddharth Roy,Male,20,Nagpur,Maharashtra,West
CUST006436,Komal Singh,Female,39,Chandigarh,Chandigarh,North
CUST006437,Ishita Srivastava,Female,39,Surat,Gujarat,West
CUST006438,Siddharth Singh,Male,40,Mumbai,Maharashtra,West
CUST006439,Akash Khanna,Male,38,Hyderabad,Telangana,South
CUST006440,Aanya Saxena,Female,41,Surat,Gujarat,West
CUST006441,Aditi Menon,Female,28,Ahmedabad,Gujarat,West
CUST006442,Shubham Saxena,Male,41,Noida,Uttar Pradesh,North
CUST006443,Tanvi Pandey,Female,28,Bhubaneswar,Odisha,East
CUST006444,Siddharth Pillai,Male,25,Indore,Madhya Pradesh,Central
CUST006445,Rohan Chopra,Male,28,Mumbai,Maharashtra,West
CUST006446,Ankit Kulkarni,Male,39,Dehradun,Uttarakhand,North
CUST006447,Mohit Verma,Male,28,Ranchi,Jharkhand,East
CUST006448,Sanya Kapoor,Female,34,Ahmedabad,Gujarat,West
CUST006449,Varun Saxena,Male,27,Delhi,Delhi,North
CUST006450,Sanya Goyal,Female,27,Delhi,Delhi,North
CUST006451,Sameer Chauhan,Male,23,Hyderabad,Telangana,South
CUST006452,Mohit Malhotra,Male,32,Bengaluru,Karnataka,South
CUST006453,Pranav Jain,Male,24,Jaipur,Rajasthan,North
CUST006454,Sameer Joshi,Male,33,Noida,Uttar Pradesh,North
CUST006455,Pooja Pandey,Female,33,Mumbai,Maharashtra,West
CUST006456,Piyush Joshi,Male,21,Bengaluru,Karnataka,South
CUST006457,Sneha Reddy,Female,24,Kochi,Kerala,South
CUST006458,Manish Nair,Male,35,Ranchi,Jharkhand,East
CUST006459,Kabir Chauhan,Male,18,Pune,Maharashtra,West
CUST006460,Vivek Tripathi,Male,39,Pune,Maharashtra,West
CUST006461,Shruti Chopra,Female,28,Kochi,Kerala,South
CUST006462,Vikram Naidu,Male,21,Delhi,Delhi,North
CUST006463,Palak Malhotra,Female,25,Kolkata,West Bengal,East
CUST006464,Pooja Singh,Female,24,Ranchi,Jharkhand,East
CUST006465,Meera Chatterjee,Female,32,Mumbai,Maharashtra,West
CUST006466,Nandini Mishra,Female,37,Pune,Maharashtra,West
CUST006467,Amit Joshi,Male,38,Indore,Madhya Pradesh,Central
CUST006468,Pranav Sharma,Male,37,Ranchi,Jharkhand,East
CUST006469,Saurabh Patel,Male,27,Hyderabad,Telangana,South
CUST006470,Manya Yadav,Female,30,Mumbai,Maharashtra,West
CUST006471,Kabir Saxena,Male,30,Delhi,Delhi,North
CUST006472,Harsh Gupta,Male,39,Jaipur,Rajasthan,North
CUST006473,Muskan Das,Female,26,Pune,Maharashtra,West
CUST006474,Shubham Mehta,Male,44,Hyderabad,Telangana,South
CUST006475,Nandini Joshi,Female,24,Lucknow,Uttar Pradesh,North
CUST006476,Pranav Gupta,Male,29,Delhi,Delhi,North
CUST006477,Swati Pandey,Female,27,Raipur,Chhattisgarh,Central
CUST006478,Diya Khanna,Female,34,Dehradun,Uttarakhand,North
CUST006479,Aditya Sharma,Male,23,Delhi,Delhi,North
CUST006480,Meera Khanna,Female,18,Noida,Uttar Pradesh,North
CUST006481,Aditi Sethi,Female,37,Dehradun,Uttarakhand,North
CUST006482,Ritika Sharma,Female,30,Ahmedabad,Gujarat,West
CUST006483,Rahul Chauhan,Male,24,Bengaluru,Karnataka,South
CUST006484,Pranav Sethi,Male,30,Chennai,Tamil Nadu,South
CUST006485,Nikhil Nair,Male,22,Noida,Uttar Pradesh,North
CUST006486,Avni Jain,Female,18,Surat,Gujarat,West
CUST006487,Shubham Jain,Male,28,Kolkata,West Bengal,East
CUST006488,Tushar Chopra,Male,34,Ahmedabad,Gujarat,West
CUST006489,Abhishek Pillai,Male,33,Delhi,Delhi,North
CUST006490,Swati Tripathi,Female,24,Chandigarh,Chandigarh,North
CUST006491,Palak Reddy,Female,34,Delhi,Delhi,North
CUST006492,Rahul Nair,Male,24,Delhi,Delhi,North
CUST006493,Komal Goyal,Female,23,Raipur,Chhattisgarh,Central
CUST006494,Pranav Goyal,Male,37,Noida,Uttar Pradesh,North
CUST006495,Yash Saxena,Male,23,Pune,Maharashtra,West
CUST006496,Aanya Kulkarni,Female,18,Hyderabad,Telangana,South
CUST006497,Payal Kumar,Female,35,Lucknow,Uttar Pradesh,North
CUST006498,Ritesh Chauhan,Male,26,Bengaluru,Karnataka,South
CUST006499,Payal Tripathi,Female,29,Bhubaneswar,Odisha,East
CUST006500,Simran Naidu,Female,28,Bhopal,Madhya Pradesh,Central
CUST006501,Shruti Patel,Female,34,Surat,Gujarat,West
CUST006502,Akash Naidu,Male,20,Chandigarh,Chandigarh,North
CUST006503,Ishita Thakur,Female,18,Surat,Gujarat,West
CUST006504,Saurabh Srivastava,Male,33,Pune,Maharashtra,West
CUST006505,Rohan Deshmukh,Male,31,Bhubaneswar,Odisha,East
CUST006506,Sneha Menon,Female,39,Hyderabad,Telangana,South
CUST006507,Nikhil Sethi,Male,22,Jaipur,Rajasthan,North
CUST006508,Ayush Rao,Male,38,Ahmedabad,Gujarat,West
CUST006509,Shubham Chauhan,Male,18,Ahmedabad,Gujarat,West
CUST006510,Shreya Srivastava,Female,30,Surat,Gujarat,West
CUST006511,Abhishek Roy,Male,18,Indore,Madhya Pradesh,Central
CUST006512,Divya Pandey,Female,33,Lucknow,Uttar Pradesh,North
CUST006513,Aarav Kulkarni,Male,18,Mumbai,Maharashtra,West
CUST006514,Nikhil Bansal,Male,39,Lucknow,Uttar Pradesh,North
CUST006515,Harsh Kumar,Male,29,Bengaluru,Karnataka,South
CUST006516,Isha Shah,Female,29,Jaipur,Rajasthan,North
CUST006517,Rajat Joshi,Male,33,Mumbai,Maharashtra,West
CUST006518,Palak Goyal,Female,23,Mumbai,Maharashtra,West
CUST006519,Sneha Tripathi,Female,27,Ranchi,Jharkhand,East
CUST006520,Sameer Patel,Male,21,Ahmedabad,Gujarat,West
CUST006521,Dev Kulkarni,Male,42,Raipur,Chhattisgarh,Central
CUST006522,Palak Chatterjee,Female,18,Surat,Gujarat,West
CUST006523,Divya Pillai,Female,32,Chandigarh,Chandigarh,North
CUST006524,Karan Chopra,Male,28,Lucknow,Uttar Pradesh,North
CUST006525,Akash Arora,Male,19,Bengaluru,Karnataka,South
CUST006526,Priya Iyer,Female,28,Bengaluru,Karnataka,South
CUST006527,Radhika Malhotra,Female,30,Indore,Madhya Pradesh,Central
CUST006528,Riya Saxena,Female,35,Delhi,Delhi,North
CUST006529,Rajat Srivastava,Male,30,Surat,Gujarat,West
CUST006530,Radhika Bansal,Female,31,Delhi,Delhi,North
CUST006531,Sanya Nair,Female,21,Chennai,Tamil Nadu,South
CUST006532,Vivek Sethi,Male,28,Ahmedabad,Gujarat,West
CUST006533,Vikram Chopra,Male,20,Kolkata,West Bengal,East
CUST006534,Muskan Reddy,Female,25,Bhopal,Madhya Pradesh,Central
CUST006535,Neha Reddy,Female,23,Pune,Maharashtra,West
CUST006536,Ritesh Banerjee,Male,27,Hyderabad,Telangana,South
CUST006537,Kunal Chopra,Male,18,Bengaluru,Karnataka,South
CUST006538,Neha Reddy,Female,25,Kochi,Kerala,South
CUST006539,Aditya Naidu,Male,18,Raipur,Chhattisgarh,Central
CUST006540,Ritesh Nair,Male,30,Bengaluru,Karnataka,South
CUST006541,Rahul Sinha,Male,22,Delhi,Delhi,North
CUST006542,Rishi Tiwari,Male,36,Guwahati,Assam,East
CUST006543,Ishita Joshi,Female,18,Delhi,Delhi,North
CUST006544,Karan Mehta,Male,33,Chennai,Tamil Nadu,South
CUST006545,Saurabh Arora,Male,33,Kolkata,West Bengal,East
CUST006546,Isha Tripathi,Female,46,Delhi,Delhi,North
CUST006547,Rahul Bhatia,Male,45,Surat,Gujarat,West
CUST006548,Varun Malhotra,Male,28,Kolkata,West Bengal,East
CUST006549,Shruti Gupta,Female,27,Delhi,Delhi,North
CUST006550,Piyush Mehta,Male,27,Pune,Maharashtra,West
CUST006551,Kabir Tripathi,Male,29,Surat,Gujarat,West
CUST006552,Dhruv Singh,Male,32,Kochi,Kerala,South
CUST006553,Shubham Iyer,Male,22,Chandigarh,Chandigarh,North
CUST006554,Varun Pandey,Male,28,Bengaluru,Karnataka,South
CUST006555,Manya Chatterjee,Female,18,Bhubaneswar,Odisha,East
CUST006556,Riya Agarwal,Female,38,Patna,Bihar,East
CUST006557,Shruti Kulkarni,Female,26,Noida,Uttar Pradesh,North
CUST006558,Neha Pillai,Female,39,Mumbai,Maharashtra,West
CUST006559,Aarav Kulkarni,Male,27,Bhopal,Madhya Pradesh,Central
CUST006560,Dev Reddy,Male,24,Delhi,Delhi,North
CUST006561,Riya Chauhan,Female,28,Kolkata,West Bengal,East
CUST006562,Apoorva Chopra,Female,32,Raipur,Chhattisgarh,Central
CUST006563,Shruti Kapoor,Female,27,Ahmedabad,Gujarat,West
CUST006564,Swati Shah,Female,44,Patna,Bihar,East
CUST006565,Akash Menon,Male,42,Bengaluru,Karnataka,South
CUST006566,Ritika Singh,Female,41,Mumbai,Maharashtra,West
CUST006567,Meera Bansal,Female,27,Kolkata,West Bengal,East
CUST006568,Pranav Joshi,Male,34,Bengaluru,Karnataka,South
CUST006569,Arjun Thakur,Male,43,Guwahati,Assam,East
CUST006570,Karan Deshmukh,Male,42,Bhopal,Madhya Pradesh,Central
CUST006571,Nisha Rao,Female,25,Coimbatore,Tamil Nadu,South
CUST006572,Nikhil Rao,Male,18,Ahmedabad,Gujarat,West
CUST006573,Meera Bansal,Female,30,Chandigarh,Chandigarh,North
CUST006574,Rishi Saxena,Male,18,Delhi,Delhi,North
CUST006575,Khushi Roy,Female,30,Indore,Madhya Pradesh,Central
CUST006576,Rajat Srivastava,Male,41,Surat,Gujarat,West
CUST006577,Harsh Joshi,Male,24,Surat,Gujarat,West
CUST006578,Kabir Malhotra,Male,41,Delhi,Delhi,North
CUST006579,Ananya Agarwal,Female,39,Pune,Maharashtra,West
CUST006580,Karan Joshi,Male,35,Kolkata,West Bengal,East
CUST006581,Aarav Roy,Male,31,Coimbatore,Tamil Nadu,South
CUST006582,Saurabh Reddy,Male,23,Dehradun,Uttarakhand,North
CUST006583,Diya Bhatia,Female,18,Bhubaneswar,Odisha,East
CUST006584,Piyush Chatterjee,Male,26,Bengaluru,Karnataka,South
CUST006585,Harsh Sharma,Male,38,Kochi,Kerala,South
CUST006586,Shubham Sinha,Male,28,Hyderabad,Telangana,South
CUST006587,Rohan Tripathi,Male,32,Kolkata,West Bengal,East
CUST006588,Kabir Nair,Male,25,Lucknow,Uttar Pradesh,North
CUST006589,Shreya Pandey,Female,18,Bengaluru,Karnataka,South
CUST006590,Neha Khanna,Female,24,Patna,Bihar,East
CUST006591,Swati Patel,Female,29,Ranchi,Jharkhand,East
CUST006592,Meera Joshi,Female,28,Chennai,Tamil Nadu,South
CUST006593,Isha Joshi,Female,28,Chennai,Tamil Nadu,South
CUST006594,Gaurav Singh,Male,29,Delhi,Delhi,North
CUST006595,Piyush Naidu,Male,34,Hyderabad,Telangana,South
CUST006596,Piyush Chatterjee,Male,38,Delhi,Delhi,North
CUST006597,Ritesh Chauhan,Male,26,Ahmedabad,Gujarat,West
CUST006598,Diya Patel,Female,36,Bengaluru,Karnataka,South
CUST006599,Nisha Singh,Female,31,Chennai,Tamil Nadu,South
CUST006600,Gaurav Deshmukh,Male,41,Bhubaneswar,Odisha,East
CUST006601,Pooja Sinha,Female,35,Bengaluru,Karnataka,South
CUST006602,Riya Bansal,Female,32,Delhi,Delhi,North
CUST006603,Avni Arora,Female,20,Hyderabad,Telangana,South
CUST006604,Varun Gupta,Male,26,Surat,Gujarat,West
CUST006605,Varun Deshmukh,Male,28,Hyderabad,Telangana,South
CUST006606,Komal Deshmukh,Female,34,Bhopal,Madhya Pradesh,Central
CUST006607,Meera Tripathi,Female,18,Chennai,Tamil Nadu,South
CUST006608,Aarav Tiwari,Male,22,Surat,Gujarat,West
CUST006609,Siddharth Rao,Male,31,Ahmedabad,Gujarat,West
CUST006610,Aditya Bhatia,Male,23,Surat,Gujarat,West
CUST006611,Arjun Das,Male,33,Hyderabad,Telangana,South
CUST006612,Ananya Roy,Female,41,Ahmedabad,Gujarat,West
CUST006613,Aanya Banerjee,Female,39,Guwahati,Assam,East
CUST006614,Dhruv Malhotra,Male,18,Delhi,Delhi,North
CUST006615,Payal Thakur,Female,27,Mumbai,Maharashtra,West
CUST006616,Piyush Jain,Male,24,Jaipur,Rajasthan,North
CUST006617,Vikram Srivastava,Male,22,Noida,Uttar Pradesh,North
CUST006618,Siddharth Verma,Male,21,Ranchi,Jharkhand,East
CUST006619,Rishi Patel,Male,21,Lucknow,Uttar Pradesh,North
CUST006620,Ayush Yadav,Male,32,Mumbai,Maharashtra,West
CUST006621,Ishita Iyer,Female,27,Chennai,Tamil Nadu,South
CUST006622,Aanya Bansal,Female,33,Hyderabad,Telangana,South
CUST006623,Manish Nair,Male,24,Chennai,Tamil Nadu,South
CUST006624,Simran Goyal,Female,34,Hyderabad,Telangana,South
CUST006625,Akash Patel,Male,34,Mumbai,Maharashtra,West
CUST006626,Nikhil Sethi,Male,22,Pune,Maharashtra,West
CUST006627,Sameer Sinha,Male,38,Coimbatore,Tamil Nadu,South
CUST006628,Gaurav Kulkarni,Male,31,Delhi,Delhi,North
CUST006629,Nikhil Bansal,Male,33,Jaipur,Rajasthan,North
CUST006630,Tushar Thakur,Male,29,Noida,Uttar Pradesh,North
CUST006631,Saurabh Chauhan,Male,44,Lucknow,Uttar Pradesh,North
CUST006632,Pranav Nair,Male,22,Patna,Bihar,East
CUST006633,Ankit Gupta,Male,37,Ahmedabad,Gujarat,West
CUST006634,Varun Mishra,Male,18,Pune,Maharashtra,West
CUST006635,Ishita Khanna,Female,43,Chandigarh,Chandigarh,North
CUST006636,Manish Patel,Male,34,Surat,Gujarat,West
CUST006637,Palak Yadav,Female,42,Mumbai,Maharashtra,West
CUST006638,Varun Iyer,Male,30,Lucknow,Uttar Pradesh,North
CUST006639,Yash Tiwari,Male,18,Jaipur,Rajasthan,North
CUST006640,Sanya Bhatia,Female,35,Mumbai,Maharashtra,West
CUST006641,Ishita Deshmukh,Female,22,Nagpur,Maharashtra,West
CUST006642,Manish Srivastava,Male,27,Kolkata,West Bengal,East
CUST006643,Meera Joshi,Female,32,Bengaluru,Karnataka,South
CUST006644,Manya Reddy,Female,31,Pune,Maharashtra,West
CUST006645,Neha Thakur,Female,26,Kolkata,West Bengal,East
CUST006646,Sneha Goyal,Female,27,Chennai,Tamil Nadu,South
CUST006647,Ayush Kapoor,Male,32,Delhi,Delhi,North
CUST006648,Pooja Yadav,Female,23,Hyderabad,Telangana,South
CUST006649,Kavya Jain,Female,34,Guwahati,Assam,East
CUST006650,Sakshi Reddy,Female,32,Guwahati,Assam,East
CUST006651,Pranav Agarwal,Male,22,Lucknow,Uttar Pradesh,North
CUST006652,Simran Goyal,Female,26,Patna,Bihar,East
CUST006653,Simran Verma,Female,34,Nagpur,Maharashtra,West
CUST006654,Ankit Goyal,Male,37,Mumbai,Maharashtra,West
CUST006655,Isha Saxena,Female,25,Jaipur,Rajasthan,North
CUST006656,Mohit Rao,Male,32,Lucknow,Uttar Pradesh,North
CUST006657,Anushka Mehta,Female,29,Bengaluru,Karnataka,South
CUST006658,Meera Shah,Female,23,Mumbai,Maharashtra,West
CUST006659,Rahul Bhatia,Male,34,Bengaluru,Karnataka,South
CUST006660,Varun Tripathi,Male,30,Dehradun,Uttarakhand,North
CUST006661,Rajat Kulkarni,Male,29,Bhopal,Madhya Pradesh,Central
CUST006662,Sanya Mishra,Female,21,Delhi,Delhi,North
CUST006663,Saurabh Srivastava,Male,21,Chennai,Tamil Nadu,South
CUST006664,Divya Khanna,Female,33,Bengaluru,Karnataka,South
CUST006665,Ritika Saxena,Female,31,Lucknow,Uttar Pradesh,North
CUST006666,Aanya Jain,Female,32,Patna,Bihar,East
CUST006667,Vivek Mishra,Male,29,Mumbai,Maharashtra,West
CUST006668,Kabir Kapoor,Male,29,Dehradun,Uttarakhand,North
CUST006669,Diya Chauhan,Female,34,Ranchi,Jharkhand,East
CUST006670,Meera Shah,Female,18,Bengaluru,Karnataka,South
CUST006671,Harsh Kumar,Male,38,Mumbai,Maharashtra,West
CUST006672,Swati Pillai,Female,22,Bengaluru,Karnataka,South
CUST006673,Riya Sharma,Female,35,Indore,Madhya Pradesh,Central
CUST006674,Arjun Reddy,Male,33,Ahmedabad,Gujarat,West
CUST006675,Aanya Jain,Female,25,Ahmedabad,Gujarat,West
CUST006676,Aditi Reddy,Female,26,Bengaluru,Karnataka,South
CUST006677,Rahul Sharma,Male,20,Delhi,Delhi,North
CUST006678,Gaurav Malhotra,Male,29,Bengaluru,Karnataka,South
CUST006679,Saurabh Kumar,Male,29,Kochi,Kerala,South
CUST006680,Arjun Banerjee,Male,23,Raipur,Chhattisgarh,Central
CUST006681,Varun Verma,Male,28,Jaipur,Rajasthan,North
CUST006682,Nikhil Agarwal,Male,21,Ahmedabad,Gujarat,West
CUST006683,Yash Reddy,Male,42,Ahmedabad,Gujarat,West
CUST006684,Dhruv Naidu,Male,42,Delhi,Delhi,North
CUST006685,Manish Nair,Male,31,Pune,Maharashtra,West
CUST006686,Aditi Tripathi,Female,22,Lucknow,Uttar Pradesh,North
CUST006687,Khushi Das,Female,21,Noida,Uttar Pradesh,North
CUST006688,Sakshi Pandey,Female,31,Chennai,Tamil Nadu,South
CUST006689,Radhika Agarwal,Female,21,Pune,Maharashtra,West
CUST006690,Simran Saxena,Female,20,Noida,Uttar Pradesh,North
CUST006691,Palak Tiwari,Female,26,Delhi,Delhi,North
CUST006692,Neha Reddy,Female,36,Lucknow,Uttar Pradesh,North
CUST006693,Dhruv Joshi,Male,37,Pune,Maharashtra,West
CUST006694,Kavya Saxena,Female,18,Patna,Bihar,East
CUST006695,Aditi Reddy,Female,27,Pune,Maharashtra,West
CUST006696,Rajat Kulkarni,Male,33,Indore,Madhya Pradesh,Central
CUST006697,Simran Yadav,Female,21,Patna,Bihar,East
CUST006698,Aditi Saxena,Female,18,Delhi,Delhi,North
CUST006699,Meera Yadav,Female,18,Surat,Gujarat,West
CUST006700,Manish Banerjee,Male,24,Patna,Bihar,East
CUST006701,Komal Kapoor,Female,27,Jaipur,Rajasthan,North
CUST006702,Diya Menon,Female,31,Bengaluru,Karnataka,South
CUST006703,Komal Joshi,Female,18,Bengaluru,Karnataka,South
CUST006704,Varun Mehta,Male,31,Kolkata,West Bengal,East
CUST006705,Shubham Yadav,Male,34,Kochi,Kerala,South
CUST006706,Ayush Khanna,Male,23,Mumbai,Maharashtra,West
CUST006707,Mohit Goyal,Male,47,Indore,Madhya Pradesh,Central
CUST006708,Arjun Srivastava,Male,18,Hyderabad,Telangana,South
CUST006709,Meera Kulkarni,Female,29,Hyderabad,Telangana,South
CUST006710,Karan Pillai,Male,27,Pune,Maharashtra,West
CUST006711,Saurabh Bansal,Male,25,Mumbai,Maharashtra,West
CUST006712,Khushi Mehta,Female,33,Noida,Uttar Pradesh,North
CUST006713,Rishi Bansal,Male,34,Indore,Madhya Pradesh,Central
CUST006714,Khushi Shah,Female,38,Kochi,Kerala,South
CUST006715,Aanya Das,Female,26,Nagpur,Maharashtra,West
CUST006716,Kabir Mehta,Male,36,Ahmedabad,Gujarat,West
CUST006717,Varun Iyer,Male,23,Lucknow,Uttar Pradesh,North
CUST006718,Akash Nair,Male,30,Hyderabad,Telangana,South
CUST006719,Dhruv Iyer,Male,23,Mumbai,Maharashtra,West
CUST006720,Anushka Malhotra,Female,29,Ahmedabad,Gujarat,West
CUST006721,Rohan Sharma,Male,42,Chennai,Tamil Nadu,South
CUST006722,Sanya Rao,Female,34,Ahmedabad,Gujarat,West
CUST006723,Gaurav Bhatia,Male,40,Chennai,Tamil Nadu,South
CUST006724,Shruti Verma,Female,25,Bengaluru,Karnataka,South
CUST006725,Arjun Bansal,Male,36,Coimbatore,Tamil Nadu,South
CUST006726,Manya Menon,Female,34,Kolkata,West Bengal,East
CUST006727,Ritesh Chauhan,Male,29,Hyderabad,Telangana,South
CUST006728,Sakshi Singh,Female,24,Nagpur,Maharashtra,West
CUST006729,Yash Patel,Male,49,Bengaluru,Karnataka,South
CUST006730,Sanya Sinha,Female,18,Delhi,Delhi,North
CUST006731,Dev Sharma,Male,20,Pune,Maharashtra,West
CUST006732,Vikram Saxena,Male,22,Jaipur,Rajasthan,North
CUST006733,Gaurav Tripathi,Male,29,Mumbai,Maharashtra,West
CUST006734,Vivek Sinha,Male,23,Pune,Maharashtra,West
CUST006735,Harsh Mehta,Male,42,Hyderabad,Telangana,South
CUST006736,Ritesh Kulkarni,Male,24,Bengaluru,Karnataka,South
CUST006737,Vikram Kumar,Male,31,Mumbai,Maharashtra,West
CUST006738,Sakshi Kulkarni,Female,39,Hyderabad,Telangana,South
CUST006739,Vikram Saxena,Male,33,Nagpur,Maharashtra,West
CUST006740,Saurabh Mishra,Male,22,Lucknow,Uttar Pradesh,North
CUST006741,Arjun Bhatia,Male,21,Dehradun,Uttarakhand,North
CUST006742,Rohan Mishra,Male,20,Indore,Madhya Pradesh,Central
CUST006743,Aarav Das,Male,18,Surat,Gujarat,West
CUST006744,Rahul Jain,Male,29,Pune,Maharashtra,West
CUST006745,Sneha Goyal,Female,37,Chennai,Tamil Nadu,South
CUST006746,Akash Mehta,Male,18,Mumbai,Maharashtra,West
CUST006747,Avni Gupta,Female,23,Coimbatore,Tamil Nadu,South
CUST006748,Aanya Mishra,Female,26,Chennai,Tamil Nadu,South
CUST006749,Meera Arora,Female,22,Hyderabad,Telangana,South
CUST006750,Radhika Shah,Female,27,Kolkata,West Bengal,East
CUST006751,Komal Gupta,Female,25,Mumbai,Maharashtra,West
CUST006752,Vikram Roy,Male,35,Kolkata,West Bengal,East
CUST006753,Ananya Patel,Female,46,Ranchi,Jharkhand,East
CUST006754,Kabir Tripathi,Male,25,Pune,Maharashtra,West
CUST006755,Yash Yadav,Male,37,Bengaluru,Karnataka,South
CUST006756,Shruti Sharma,Female,38,Ranchi,Jharkhand,East
CUST006757,Tushar Arora,Male,21,Dehradun,Uttarakhand,North
CUST006758,Priya Kapoor,Female,38,Indore,Madhya Pradesh,Central
CUST006759,Harsh Nair,Male,22,Pune,Maharashtra,West
CUST006760,Khushi Srivastava,Female,40,Kochi,Kerala,South
CUST006761,Harsh Bansal,Male,30,Kolkata,West Bengal,East
CUST006762,Varun Arora,Male,41,Hyderabad,Telangana,South
CUST006763,Avni Roy,Female,24,Bengaluru,Karnataka,South
CUST006764,Anushka Deshmukh,Female,29,Chennai,Tamil Nadu,South
CUST006765,Muskan Jain,Female,37,Bengaluru,Karnataka,South
CUST006766,Vikram Verma,Male,30,Hyderabad,Telangana,South
CUST006767,Siddharth Goyal,Male,25,Ahmedabad,Gujarat,West
CUST006768,Rohan Goyal,Male,28,Pune,Maharashtra,West
CUST006769,Nandini Sinha,Female,22,Surat,Gujarat,West
CUST006770,Tanvi Patel,Female,35,Bengaluru,Karnataka,South
CUST006771,Manish Singh,Male,22,Mumbai,Maharashtra,West
CUST006772,Ishita Nair,Female,25,Delhi,Delhi,North
CUST006773,Isha Sethi,Female,23,Hyderabad,Telangana,South
CUST006774,Sanya Mehta,Female,49,Bhubaneswar,Odisha,East
CUST006775,Kunal Kapoor,Male,43,Bhubaneswar,Odisha,East
CUST006776,Ritesh Naidu,Male,32,Lucknow,Uttar Pradesh,North
CUST006777,Komal Chauhan,Female,35,Dehradun,Uttarakhand,North
CUST006778,Harsh Roy,Male,29,Indore,Madhya Pradesh,Central
CUST006779,Sameer Mehta,Male,25,Hyderabad,Telangana,South
CUST006780,Nikhil Verma,Male,22,Mumbai,Maharashtra,West
CUST006781,Shruti Menon,Female,26,Lucknow,Uttar Pradesh,North
CUST006782,Isha Khanna,Female,18,Mumbai,Maharashtra,West
CUST006783,Rishi Verma,Male,21,Chennai,Tamil Nadu,South
CUST006784,Ankit Tripathi,Male,32,Bengaluru,Karnataka,South
CUST006785,Nikhil Deshmukh,Male,33,Chandigarh,Chandigarh,North
CUST006786,Mohit Khanna,Male,22,Pune,Maharashtra,West
CUST006787,Simran Chauhan,Female,31,Mumbai,Maharashtra,West
CUST006788,Shruti Reddy,Female,29,Surat,Gujarat,West
CUST006789,Karan Kapoor,Male,29,Lucknow,Uttar Pradesh,North
CUST006790,Khushi Goyal,Female,18,Pune,Maharashtra,West
CUST006791,Rahul Malhotra,Male,35,Noida,Uttar Pradesh,North
CUST006792,Aarav Khanna,Male,29,Chennai,Tamil Nadu,South
CUST006793,Amit Iyer,Male,34,Noida,Uttar Pradesh,North
CUST006794,Payal Bhatia,Female,29,Delhi,Delhi,North
CUST006795,Varun Pillai,Male,24,Lucknow,Uttar Pradesh,North
CUST006796,Radhika Sinha,Female,38,Patna,Bihar,East
CUST006797,Tushar Mishra,Male,32,Delhi,Delhi,North
CUST006798,Saurabh Gupta,Male,23,Ranchi,Jharkhand,East
CUST006799,Khushi Banerjee,Female,27,Ranchi,Jharkhand,East
CUST006800,Aanya Tripathi,Female,37,Bhubaneswar,Odisha,East
CUST006801,Manya Patel,Female,32,Indore,Madhya Pradesh,Central
CUST006802,Payal Menon,Female,41,Ahmedabad,Gujarat,West
CUST006803,Aarav Bansal,Male,31,Ahmedabad,Gujarat,West
CUST006804,Muskan Patel,Female,21,Noida,Uttar Pradesh,North
CUST006805,Karan Bhatia,Male,30,Bengaluru,Karnataka,South
CUST006806,Swati Pillai,Female,46,Lucknow,Uttar Pradesh,North
CUST006807,Manya Sinha,Female,27,Bengaluru,Karnataka,South
CUST006808,Sakshi Thakur,Female,32,Hyderabad,Telangana,South
CUST006809,Karan Kulkarni,Male,21,Raipur,Chhattisgarh,Central
CUST006810,Nikhil Naidu,Male,30,Mumbai,Maharashtra,West
CUST006811,Rajat Srivastava,Male,36,Noida,Uttar Pradesh,North
CUST006812,Arjun Arora,Male,35,Dehradun,Uttarakhand,North
CUST006813,Sanya Chopra,Female,27,Delhi,Delhi,North
CUST006814,Riya Chauhan,Female,22,Mumbai,Maharashtra,West
CUST006815,Apoorva Shah,Female,31,Nagpur,Maharashtra,West
CUST006816,Yash Srivastava,Male,37,Bengaluru,Karnataka,South
CUST006817,Sanya Malhotra,Female,34,Patna,Bihar,East
CUST006818,Komal Reddy,Female,44,Jaipur,Rajasthan,North
CUST006819,Ayush Agarwal,Male,18,Indore,Madhya Pradesh,Central
CUST006820,Kavya Reddy,Female,38,Lucknow,Uttar Pradesh,North
CUST006821,Nisha Arora,Female,25,Pune,Maharashtra,West
CUST006822,Aanya Kapoor,Female,27,Kolkata,West Bengal,East
CUST006823,Nandini Mehta,Female,28,Kochi,Kerala,South
CUST006824,Varun Naidu,Male,21,Delhi,Delhi,North
CUST006825,Rohan Goyal,Male,20,Nagpur,Maharashtra,West
CUST006826,Ankit Kulkarni,Male,39,Dehradun,Uttarakhand,North
CUST006827,Ankit Mehta,Male,21,Guwahati,Assam,East
CUST006828,Manish Agarwal,Male,28,Bengaluru,Karnataka,South
CUST006829,Tanvi Rao,Female,44,Patna,Bihar,East
CUST006830,Divya Naidu,Female,25,Chandigarh,Chandigarh,North
CUST006831,Amit Tiwari,Male,18,Hyderabad,Telangana,South
CUST006832,Aditi Mehta,Female,27,Chennai,Tamil Nadu,South
CUST006833,Akash Iyer,Male,18,Chennai,Tamil Nadu,South
CUST006834,Anushka Gupta,Female,25,Noida,Uttar Pradesh,North
CUST006835,Nisha Pillai,Female,39,Indore,Madhya Pradesh,Central
CUST006836,Ananya Naidu,Female,24,Surat,Gujarat,West
CUST006837,Aanya Gupta,Female,34,Lucknow,Uttar Pradesh,North
CUST006838,Varun Deshmukh,Male,28,Chennai,Tamil Nadu,South
CUST006839,Amit Saxena,Male,39,Chennai,Tamil Nadu,South
CUST006840,Piyush Reddy,Male,47,Raipur,Chhattisgarh,Central
CUST006841,Tushar Iyer,Male,25,Jaipur,Rajasthan,North
CUST006842,Karan Sinha,Male,30,Kolkata,West Bengal,East
CUST006843,Ayush Menon,Male,26,Chennai,Tamil Nadu,South
CUST006844,Mohit Pandey,Male,20,Surat,Gujarat,West
CUST006845,Saurabh Naidu,Male,25,Patna,Bihar,East
CUST006846,Ritika Nair,Female,30,Dehradun,Uttarakhand,North
CUST006847,Arjun Roy,Male,35,Mumbai,Maharashtra,West
CUST006848,Sanya Mehta,Female,53,Kochi,Kerala,South
CUST006849,Avni Joshi,Female,30,Lucknow,Uttar Pradesh,North
CUST006850,Dhruv Chatterjee,Male,27,Pune,Maharashtra,West
CUST006851,Dhruv Saxena,Male,26,Indore,Madhya Pradesh,Central
CUST006852,Aarav Nair,Male,30,Indore,Madhya Pradesh,Central
CUST006853,Ankit Chatterjee,Male,21,Kolkata,West Bengal,East
CUST006854,Dev Sharma,Male,20,Bengaluru,Karnataka,South
CUST006855,Muskan Pillai,Female,29,Surat,Gujarat,West
CUST006856,Rahul Menon,Male,37,Guwahati,Assam,East
CUST006857,Varun Saxena,Male,21,Mumbai,Maharashtra,West
CUST006858,Pooja Yadav,Female,22,Ahmedabad,Gujarat,West
CUST006859,Kabir Yadav,Male,29,Ahmedabad,Gujarat,West
CUST006860,Gaurav Agarwal,Male,38,Bhubaneswar,Odisha,East
CUST006861,Gaurav Deshmukh,Male,27,Guwahati,Assam,East
CUST006862,Isha Kumar,Female,27,Indore,Madhya Pradesh,Central
CUST006863,Radhika Nair,Female,25,Patna,Bihar,East
CUST006864,Radhika Chopra,Female,27,Pune,Maharashtra,West
CUST006865,Amit Das,Male,41,Bengaluru,Karnataka,South
CUST006866,Neha Verma,Female,19,Bengaluru,Karnataka,South
CUST006867,Nikhil Bansal,Male,18,Ahmedabad,Gujarat,West
CUST006868,Dhruv Agarwal,Male,29,Raipur,Chhattisgarh,Central
CUST006869,Harsh Deshmukh,Male,18,Dehradun,Uttarakhand,North
CUST006870,Ananya Kulkarni,Female,18,Delhi,Delhi,North
CUST006871,Kunal Chopra,Male,38,Delhi,Delhi,North
CUST006872,Pooja Pillai,Female,32,Jaipur,Rajasthan,North
CUST006873,Simran Pillai,Female,28,Bhopal,Madhya Pradesh,Central
CUST006874,Dev Iyer,Male,18,Noida,Uttar Pradesh,North
CUST006875,Anushka Iyer,Female,27,Mumbai,Maharashtra,West
CUST006876,Ananya Naidu,Female,40,Delhi,Delhi,North
CUST006877,Aarav Srivastava,Male,40,Lucknow,Uttar Pradesh,North
CUST006878,Varun Arora,Male,18,Bhubaneswar,Odisha,East
CUST006879,Vikram Nair,Male,25,Kochi,Kerala,South
CUST006880,Amit Bansal,Male,23,Mumbai,Maharashtra,West
CUST006881,Aditi Jain,Female,21,Kolkata,West Bengal,East
CUST006882,Ankit Thakur,Male,29,Delhi,Delhi,North
CUST006883,Mohit Chauhan,Male,29,Noida,Uttar Pradesh,North
CUST006884,Khushi Verma,Female,35,Chandigarh,Chandigarh,North
CUST006885,Shruti Thakur,Female,31,Mumbai,Maharashtra,West
CUST006886,Tushar Gupta,Male,33,Noida,Uttar Pradesh,North
CUST006887,Ritika Chatterjee,Female,26,Nagpur,Maharashtra,West
CUST006888,Khushi Tripathi,Female,30,Jaipur,Rajasthan,North
CUST006889,Akash Chauhan,Male,22,Kochi,Kerala,South
CUST006890,Priya Thakur,Female,31,Nagpur,Maharashtra,West
CUST006891,Saurabh Chauhan,Male,25,Lucknow,Uttar Pradesh,North
CUST006892,Ritesh Roy,Male,33,Ahmedabad,Gujarat,West
CUST006893,Ankit Chopra,Male,25,Kochi,Kerala,South
CUST006894,Ishita Patel,Female,29,Nagpur,Maharashtra,West
CUST006895,Ayush Mishra,Male,36,Bengaluru,Karnataka,South
CUST006896,Nisha Khanna,Female,25,Lucknow,Uttar Pradesh,North
CUST006897,Mohit Chatterjee,Male,31,Ahmedabad,Gujarat,West
CUST006898,Palak Gupta,Female,24,Chennai,Tamil Nadu,South
CUST006899,Shreya Pandey,Female,45,Lucknow,Uttar Pradesh,North
CUST006900,Ayush Roy,Male,31,Guwahati,Assam,East
CUST006901,Riya Gupta,Female,28,Chandigarh,Chandigarh,North
CUST006902,Shubham Malhotra,Male,21,Delhi,Delhi,North
CUST006903,Rohan Sethi,Male,37,Hyderabad,Telangana,South
CUST006904,Payal Pandey,Female,27,Bengaluru,Karnataka,South
CUST006905,Yash Srivastava,Male,29,Kolkata,West Bengal,East
CUST006906,Tushar Banerjee,Male,22,Pune,Maharashtra,West
CUST006907,Dhruv Mehta,Male,27,Mumbai,Maharashtra,West
CUST006908,Rajat Khanna,Male,36,Nagpur,Maharashtra,West
CUST006909,Aarav Tiwari,Male,28,Bhopal,Madhya Pradesh,Central
CUST006910,Isha Das,Female,18,Jaipur,Rajasthan,North
CUST006911,Saurabh Yadav,Male,32,Pune,Maharashtra,West
CUST006912,Isha Tripathi,Female,40,Bengaluru,Karnataka,South
CUST006913,Shubham Naidu,Male,18,Delhi,Delhi,North
CUST006914,Nikhil Malhotra,Male,22,Surat,Gujarat,West
CUST006915,Isha Tripathi,Female,36,Mumbai,Maharashtra,West
CUST006916,Neha Thakur,Female,37,Chennai,Tamil Nadu,South
CUST006917,Sakshi Mishra,Female,22,Ranchi,Jharkhand,East
CUST006918,Harsh Roy,Male,45,Lucknow,Uttar Pradesh,North
CUST006919,Aanya Shah,Female,21,Indore,Madhya Pradesh,Central
CUST006920,Ankit Tripathi,Male,30,Hyderabad,Telangana,South
CUST006921,Rohan Menon,Male,29,Bengaluru,Karnataka,South
CUST006922,Payal Goyal,Female,41,Lucknow,Uttar Pradesh,North
CUST006923,Saurabh Verma,Male,37,Bengaluru,Karnataka,South
CUST006924,Tanvi Singh,Female,32,Patna,Bihar,East
CUST006925,Aditya Saxena,Male,45,Ahmedabad,Gujarat,West
CUST006926,Simran Iyer,Female,28,Hyderabad,Telangana,South
CUST006927,Riya Kapoor,Female,42,Kochi,Kerala,South
CUST006928,Gaurav Agarwal,Male,25,Mumbai,Maharashtra,West
CUST006929,Nandini Naidu,Female,34,Chandigarh,Chandigarh,North
CUST006930,Arjun Tripathi,Male,27,Jaipur,Rajasthan,North
CUST006931,Isha Banerjee,Female,32,Mumbai,Maharashtra,West
CUST006932,Meera Iyer,Female,30,Mumbai,Maharashtra,West
CUST006933,Arjun Tripathi,Male,38,Nagpur,Maharashtra,West
CUST006934,Rajat Naidu,Male,21,Bengaluru,Karnataka,South
CUST006935,Shubham Deshmukh,Male,24,Surat,Gujarat,West
CUST006936,Neha Deshmukh,Female,37,Noida,Uttar Pradesh,North
CUST006937,Siddharth Chauhan,Male,23,Kochi,Kerala,South
CUST006938,Akash Singh,Male,26,Patna,Bihar,East
CUST006939,Dhruv Kumar,Male,19,Dehradun,Uttarakhand,North
CUST006940,Akash Bhatia,Male,41,Lucknow,Uttar Pradesh,North
CUST006941,Palak Tripathi,Female,37,Noida,Uttar Pradesh,North
CUST006942,Pranav Pandey,Male,43,Lucknow,Uttar Pradesh,North
CUST006943,Arjun Chopra,Male,27,Ahmedabad,Gujarat,West
CUST006944,Meera Mehta,Female,31,Bhubaneswar,Odisha,East
CUST006945,Shubham Pandey,Male,41,Ahmedabad,Gujarat,West
CUST006946,Nikhil Naidu,Male,30,Lucknow,Uttar Pradesh,North
CUST006947,Siddharth Kumar,Male,31,Bengaluru,Karnataka,South
CUST006948,Apoorva Gupta,Female,21,Bengaluru,Karnataka,South
CUST006949,Aarav Mishra,Male,41,Ahmedabad,Gujarat,West
CUST006950,Diya Roy,Female,29,Chennai,Tamil Nadu,South
CUST006951,Abhishek Singh,Male,20,Patna,Bihar,East
CUST006952,Harsh Reddy,Male,34,Mumbai,Maharashtra,West
CUST006953,Amit Agarwal,Male,18,Mumbai,Maharashtra,West
CUST006954,Nisha Kapoor,Female,40,Patna,Bihar,East
CUST006955,Rahul Malhotra,Male,24,Surat,Gujarat,West
CUST006956,Vikram Patel,Male,25,Coimbatore,Tamil Nadu,South
CUST006957,Sakshi Nair,Female,27,Lucknow,Uttar Pradesh,North
CUST006958,Vikram Roy,Male,40,Noida,Uttar Pradesh,North
CUST006959,Sakshi Malhotra,Female,45,Mumbai,Maharashtra,West
CUST006960,Khushi Iyer,Female,20,Pune,Maharashtra,West
CUST006961,Gaurav Srivastava,Male,24,Mumbai,Maharashtra,West
CUST006962,Kavya Singh,Female,36,Delhi,Delhi,North
CUST006963,Yash Thakur,Male,24,Surat,Gujarat,West
CUST006964,Tushar Bhatia,Male,18,Chandigarh,Chandigarh,North
CUST006965,Siddharth Kumar,Male,23,Nagpur,Maharashtra,West
CUST006966,Rishi Joshi,Male,38,Mumbai,Maharashtra,West
CUST006967,Swati Arora,Female,36,Bengaluru,Karnataka,South
CUST006968,Neha Mishra,Female,22,Chandigarh,Chandigarh,North
CUST006969,Arjun Tiwari,Male,20,Hyderabad,Telangana,South
CUST006970,Pranav Pillai,Male,31,Guwahati,Assam,East
CUST006971,Sakshi Kapoor,Female,39,Dehradun,Uttarakhand,North
CUST006972,Kabir Khanna,Male,27,Coimbatore,Tamil Nadu,South
CUST006973,Muskan Tripathi,Female,41,Mumbai,Maharashtra,West
CUST006974,Vivek Goyal,Male,33,Hyderabad,Telangana,South
CUST006975,Vivek Tiwari,Male,30,Delhi,Delhi,North
CUST006976,Shreya Naidu,Female,28,Kochi,Kerala,South
CUST006977,Tanvi Mehta,Female,31,Kolkata,West Bengal,East
CUST006978,Dhruv Khanna,Male,31,Indore,Madhya Pradesh,Central
CUST006979,Tushar Tiwari,Male,26,Chandigarh,Chandigarh,North
CUST006980,Sanya Agarwal,Female,39,Hyderabad,Telangana,South
CUST006981,Dhruv Banerjee,Male,31,Ahmedabad,Gujarat,West
CUST006982,Tushar Bansal,Male,32,Chennai,Tamil Nadu,South
CUST006983,Manish Shah,Male,21,Mumbai,Maharashtra,West
CUST006984,Ankit Rao,Male,23,Chandigarh,Chandigarh,North
CUST006985,Pranav Jain,Male,37,Indore,Madhya Pradesh,Central
CUST006986,Tanvi Mishra,Female,20,Mumbai,Maharashtra,West
CUST006987,Riya Khanna,Female,25,Bhubaneswar,Odisha,East
CUST006988,Radhika Yadav,Female,18,Bengaluru,Karnataka,South
CUST006989,Kabir Jain,Male,18,Bengaluru,Karnataka,South
CUST006990,Simran Bhatia,Female,22,Ranchi,Jharkhand,East
CUST006991,Avni Roy,Female,21,Patna,Bihar,East
CUST006992,Kabir Khanna,Male,26,Raipur,Chhattisgarh,Central
CUST006993,Sakshi Tripathi,Female,44,Bengaluru,Karnataka,South
CUST006994,Manish Thakur,Male,37,Kochi,Kerala,South
CUST006995,Aanya Tripathi,Female,35,Delhi,Delhi,North
CUST006996,Sneha Reddy,Female,39,Mumbai,Maharashtra,West
CUST006997,Ishita Joshi,Female,30,Indore,Madhya Pradesh,Central
CUST006998,Harsh Thakur,Male,33,Patna,Bihar,East
CUST006999,Simran Roy,Female,29,Lucknow,Uttar Pradesh,North
CUST007000,Pooja Roy,Female,23,Indore,Madhya Pradesh,Central
CUST007001,Sakshi Mishra,Female,31,Bengaluru,Karnataka,South
CUST007002,Shubham Mehta,Male,18,Coimbatore,Tamil Nadu,South
CUST007003,Amit Arora,Male,26,Delhi,Delhi,North
CUST007004,Diya Srivastava,Female,21,Surat,Gujarat,West
CUST007005,Anushka Sethi,Female,18,Bhopal,Madhya Pradesh,Central
CUST007006,Abhishek Chatterjee,Male,31,Delhi,Delhi,North
CUST007007,Rishi Bhatia,Male,35,Kochi,Kerala,South
CUST007008,Aditi Chopra,Female,36,Bengaluru,Karnataka,South
CUST007009,Palak Sinha,Female,26,Jaipur,Rajasthan,North
CUST007010,Swati Sethi,Female,34,Delhi,Delhi,North
CUST007011,Apoorva Deshmukh,Female,38,Lucknow,Uttar Pradesh,North
CUST007012,Akash Srivastava,Male,25,Ahmedabad,Gujarat,West
CUST007013,Simran Mishra,Female,23,Pune,Maharashtra,West
CUST007014,Aditya Mishra,Male,33,Hyderabad,Telangana,South
CUST007015,Komal Kapoor,Female,34,Jaipur,Rajasthan,North
CUST007016,Radhika Yadav,Female,34,Hyderabad,Telangana,South
CUST007017,Ankit Srivastava,Male,47,Delhi,Delhi,North
CUST007018,Akash Tripathi,Male,32,Kochi,Kerala,South
CUST007019,Tushar Saxena,Male,28,Hyderabad,Telangana,South
CUST007020,Aarav Jain,Male,25,Noida,Uttar Pradesh,North
CUST007021,Saurabh Khanna,Male,35,Chennai,Tamil Nadu,South
CUST007022,Manya Das,Female,27,Ranchi,Jharkhand,East
CUST007023,Meera Bansal,Female,21,Bhopal,Madhya Pradesh,Central
CUST007024,Palak Srivastava,Female,27,Coimbatore,Tamil Nadu,South
CUST007025,Manya Sinha,Female,30,Hyderabad,Telangana,South
CUST007026,Swati Malhotra,Female,18,Chennai,Tamil Nadu,South
CUST007027,Varun Malhotra,Male,32,Mumbai,Maharashtra,West
CUST007028,Ananya Chatterjee,Female,28,Chennai,Tamil Nadu,South
CUST007029,Priya Saxena,Female,23,Bhubaneswar,Odisha,East
CUST007030,Ishita Shah,Female,47,Delhi,Delhi,North
CUST007031,Manish Gupta,Male,36,Kolkata,West Bengal,East
CUST007032,Sameer Gupta,Male,33,Kolkata,West Bengal,East
CUST007033,Nisha Naidu,Female,18,Chennai,Tamil Nadu,South
CUST007034,Komal Tripathi,Female,24,Pune,Maharashtra,West
CUST007035,Rohan Nair,Male,41,Kolkata,West Bengal,East
CUST007036,Riya Mehta,Female,36,Bengaluru,Karnataka,South
CUST007037,Radhika Agarwal,Female,34,Noida,Uttar Pradesh,North
CUST007038,Ritesh Joshi,Male,24,Patna,Bihar,East
CUST007039,Mohit Kapoor,Male,50,Indore,Madhya Pradesh,Central
CUST007040,Pooja Jain,Female,41,Ahmedabad,Gujarat,West
CUST007041,Rohan Menon,Male,34,Ranchi,Jharkhand,East
CUST007042,Tushar Verma,Male,18,Mumbai,Maharashtra,West
CUST007043,Sakshi Naidu,Female,22,Mumbai,Maharashtra,West
CUST007044,Kunal Iyer,Male,18,Lucknow,Uttar Pradesh,North
CUST007045,Manya Saxena,Female,18,Chennai,Tamil Nadu,South
CUST007046,Riya Goyal,Female,18,Bhopal,Madhya Pradesh,Central
CUST007047,Komal Chauhan,Female,35,Dehradun,Uttarakhand,North
CUST007048,Dev Reddy,Male,30,Ahmedabad,Gujarat,West
CUST007049,Piyush Bansal,Male,22,Bengaluru,Karnataka,South
CUST007050,Aarav Sethi,Male,25,Delhi,Delhi,North
CUST007051,Gaurav Menon,Male,32,Bhopal,Madhya Pradesh,Central
CUST007052,Meera Pandey,Female,25,Jaipur,Rajasthan,North
CUST007053,Ankit Khanna,Male,41,Pune,Maharashtra,West
CUST007054,Apoorva Mishra,Female,36,Patna,Bihar,East
CUST007055,Karan Sharma,Male,34,Chandigarh,Chandigarh,North
CUST007056,Swati Bhatia,Female,20,Bengaluru,Karnataka,South
CUST007057,Aditya Patel,Male,26,Patna,Bihar,East
CUST007058,Nikhil Malhotra,Male,19,Ahmedabad,Gujarat,West
CUST007059,Sakshi Malhotra,Female,35,Delhi,Delhi,North
CUST007060,Sameer Srivastava,Male,32,Ahmedabad,Gujarat,West
CUST007061,Siddharth Saxena,Male,18,Pune,Maharashtra,West
CUST007062,Nandini Yadav,Female,22,Bhopal,Madhya Pradesh,Central
CUST007063,Simran Tripathi,Female,26,Kochi,Kerala,South
CUST007064,Shruti Arora,Female,24,Mumbai,Maharashtra,West
CUST007065,Tanvi Kulkarni,Female,35,Delhi,Delhi,North
CUST007066,Dev Saxena,Male,18,Lucknow,Uttar Pradesh,North
CUST007067,Neha Naidu,Female,18,Delhi,Delhi,North
CUST007068,Manya Banerjee,Female,23,Lucknow,Uttar Pradesh,North
CUST007069,Swati Chauhan,Female,18,Delhi,Delhi,North
CUST007070,Komal Kumar,Female,32,Jaipur,Rajasthan,North
CUST007071,Neha Roy,Female,28,Indore,Madhya Pradesh,Central
CUST007072,Ritika Tripathi,Female,40,Delhi,Delhi,North
CUST007073,Rohan Yadav,Male,31,Pune,Maharashtra,West
CUST007074,Simran Gupta,Female,25,Ranchi,Jharkhand,East
CUST007075,Rahul Naidu,Male,31,Hyderabad,Telangana,South
CUST007076,Simran Tiwari,Female,29,Kolkata,West Bengal,East
CUST007077,Shreya Sinha,Female,20,Mumbai,Maharashtra,West
CUST007078,Tanvi Chauhan,Female,30,Kolkata,West Bengal,East
CUST007079,Piyush Chopra,Male,20,Mumbai,Maharashtra,West
CUST007080,Yash Deshmukh,Male,30,Bengaluru,Karnataka,South
CUST007081,Komal Yadav,Female,23,Hyderabad,Telangana,South
CUST007082,Simran Thakur,Female,24,Pune,Maharashtra,West
CUST007083,Arjun Arora,Male,37,Delhi,Delhi,North
CUST007084,Manya Menon,Female,31,Chandigarh,Chandigarh,North
CUST007085,Yash Roy,Male,23,Delhi,Delhi,North
CUST007086,Apoorva Deshmukh,Female,18,Jaipur,Rajasthan,North
CUST007087,Komal Arora,Female,18,Mumbai,Maharashtra,West
CUST007088,Akash Menon,Male,28,Hyderabad,Telangana,South
CUST007089,Khushi Pillai,Female,36,Ahmedabad,Gujarat,West
CUST007090,Muskan Joshi,Female,30,Bengaluru,Karnataka,South
CUST007091,Ayush Nair,Male,54,Ahmedabad,Gujarat,West
CUST007092,Shubham Reddy,Male,18,Kochi,Kerala,South
CUST007093,Varun Kulkarni,Male,32,Chennai,Tamil Nadu,South
CUST007094,Mohit Bhatia,Male,40,Ahmedabad,Gujarat,West
CUST007095,Yash Das,Male,29,Chennai,Tamil Nadu,South
CUST007096,Rohan Sinha,Male,25,Noida,Uttar Pradesh,North
CUST007097,Sameer Mishra,Male,36,Kolkata,West Bengal,East
CUST007098,Komal Roy,Female,27,Jaipur,Rajasthan,North
CUST007099,Anushka Das,Female,32,Bengaluru,Karnataka,South
CUST007100,Sameer Reddy,Male,40,Chennai,Tamil Nadu,South
CUST007101,Akash Kapoor,Male,32,Delhi,Delhi,North
CUST007102,Aditi Khanna,Female,38,Raipur,Chhattisgarh,Central
CUST007103,Sakshi Deshmukh,Female,35,Raipur,Chhattisgarh,Central
CUST007104,Diya Rao,Female,24,Delhi,Delhi,North
CUST007105,Sameer Sharma,Male,24,Lucknow,Uttar Pradesh,North
CUST007106,Khushi Sethi,Female,39,Delhi,Delhi,North
CUST007107,Ankit Thakur,Male,33,Delhi,Delhi,North
CUST007108,Arjun Reddy,Male,45,Lucknow,Uttar Pradesh,North
CUST007109,Mohit Saxena,Male,24,Bengaluru,Karnataka,South
CUST007110,Diya Shah,Female,27,Indore,Madhya Pradesh,Central
CUST007111,Saurabh Nair,Male,36,Pune,Maharashtra,West
CUST007112,Manya Pillai,Female,27,Delhi,Delhi,North
CUST007113,Divya Nair,Female,39,Nagpur,Maharashtra,West
CUST007114,Vivek Joshi,Male,30,Ahmedabad,Gujarat,West
CUST007115,Mohit Tiwari,Male,26,Chandigarh,Chandigarh,North
CUST007116,Aanya Gupta,Female,20,Jaipur,Rajasthan,North
CUST007117,Sameer Das,Male,18,Chennai,Tamil Nadu,South
CUST007118,Sameer Mehta,Male,30,Nagpur,Maharashtra,West
CUST007119,Ayush Shah,Male,35,Patna,Bihar,East
CUST007120,Gaurav Banerjee,Male,25,Bengaluru,Karnataka,South
CUST007121,Shreya Kumar,Female,28,Nagpur,Maharashtra,West
CUST007122,Akash Naidu,Male,31,Surat,Gujarat,West
CUST007123,Nandini Yadav,Female,29,Patna,Bihar,East
CUST007124,Piyush Thakur,Male,32,Chandigarh,Chandigarh,North
CUST007125,Ayush Chauhan,Male,41,Lucknow,Uttar Pradesh,North
CUST007126,Vivek Banerjee,Male,18,Mumbai,Maharashtra,West
CUST007127,Riya Bhatia,Female,34,Surat,Gujarat,West
CUST007128,Amit Pillai,Male,22,Pune,Maharashtra,West
CUST007129,Payal Chopra,Female,18,Delhi,Delhi,North
CUST007130,Kunal Agarwal,Male,18,Delhi,Delhi,North
CUST007131,Akash Roy,Male,45,Ahmedabad,Gujarat,West
CUST007132,Shreya Yadav,Female,38,Kolkata,West Bengal,East
CUST007133,Shruti Bhatia,Female,25,Indore,Madhya Pradesh,Central
CUST007134,Shreya Thakur,Female,51,Raipur,Chhattisgarh,Central
CUST007135,Rajat Nair,Male,23,Lucknow,Uttar Pradesh,North
CUST007136,Ritesh Sethi,Male,33,Indore,Madhya Pradesh,Central
CUST007137,Anushka Naidu,Female,21,Lucknow,Uttar Pradesh,North
CUST007138,Neha Thakur,Female,35,Hyderabad,Telangana,South
CUST007139,Rajat Iyer,Male,30,Kochi,Kerala,South
CUST007140,Divya Joshi,Female,38,Bengaluru,Karnataka,South
CUST007141,Dev Kulkarni,Male,18,Mumbai,Maharashtra,West
CUST007142,Kunal Srivastava,Male,41,Delhi,Delhi,North
CUST007143,Kabir Thakur,Male,36,Bhopal,Madhya Pradesh,Central
CUST007144,Priya Thakur,Female,39,Hyderabad,Telangana,South
CUST007145,Tanvi Mehta,Female,53,Dehradun,Uttarakhand,North
CUST007146,Kavya Verma,Female,41,Bengaluru,Karnataka,South
CUST007147,Rishi Kapoor,Male,31,Jaipur,Rajasthan,North
CUST007148,Aarav Srivastava,Male,31,Jaipur,Rajasthan,North
CUST007149,Dev Jain,Male,32,Patna,Bihar,East
CUST007150,Priya Menon,Female,35,Ranchi,Jharkhand,East
CUST007151,Ayush Saxena,Male,18,Mumbai,Maharashtra,West
CUST007152,Komal Arora,Female,22,Bengaluru,Karnataka,South
CUST007153,Tanvi Chatterjee,Female,39,Ahmedabad,Gujarat,West
CUST007154,Sanya Chatterjee,Female,29,Chennai,Tamil Nadu,South
CUST007155,Arjun Agarwal,Male,26,Surat,Gujarat,West
CUST007156,Diya Kulkarni,Female,32,Coimbatore,Tamil Nadu,South
CUST007157,Apoorva Arora,Female,35,Ahmedabad,Gujarat,West
CUST007158,Kavya Thakur,Female,38,Mumbai,Maharashtra,West
CUST007159,Akash Joshi,Male,31,Noida,Uttar Pradesh,North
CUST007160,Varun Kulkarni,Male,44,Mumbai,Maharashtra,West
CUST007161,Ayush Reddy,Male,23,Kochi,Kerala,South
CUST007162,Simran Banerjee,Female,18,Surat,Gujarat,West
CUST007163,Dev Sethi,Male,36,Pune,Maharashtra,West
CUST007164,Vikram Iyer,Male,20,Jaipur,Rajasthan,North
CUST007165,Khushi Sinha,Female,24,Patna,Bihar,East
CUST007166,Siddharth Menon,Male,18,Raipur,Chhattisgarh,Central
CUST007167,Akash Singh,Male,25,Lucknow,Uttar Pradesh,North
CUST007168,Swati Malhotra,Female,25,Pune,Maharashtra,West
CUST007169,Tushar Chauhan,Male,41,Hyderabad,Telangana,South
CUST007170,Sakshi Deshmukh,Female,37,Delhi,Delhi,North
CUST007171,Rajat Naidu,Male,28,Pune,Maharashtra,West
CUST007172,Dhruv Chauhan,Male,18,Lucknow,Uttar Pradesh,North
CUST007173,Palak Pillai,Female,18,Jaipur,Rajasthan,North
CUST007174,Aarav Kapoor,Male,31,Nagpur,Maharashtra,West
CUST007175,Dhruv Kumar,Male,38,Indore,Madhya Pradesh,Central
CUST007176,Aarav Srivastava,Male,23,Delhi,Delhi,North
CUST007177,Shubham Sinha,Male,23,Noida,Uttar Pradesh,North
CUST007178,Sakshi Bhatia,Female,38,Hyderabad,Telangana,South
CUST007179,Piyush Gupta,Male,25,Surat,Gujarat,West
CUST007180,Kavya Joshi,Female,38,Bhubaneswar,Odisha,East
CUST007181,Sameer Reddy,Male,30,Kolkata,West Bengal,East
CUST007182,Piyush Nair,Male,26,Chennai,Tamil Nadu,South
CUST007183,Sameer Gupta,Male,18,Nagpur,Maharashtra,West
CUST007184,Aanya Chatterjee,Female,24,Bhubaneswar,Odisha,East
CUST007185,Radhika Sinha,Female,18,Bengaluru,Karnataka,South
CUST007186,Muskan Bhatia,Female,25,Ahmedabad,Gujarat,West
CUST007187,Aanya Patel,Female,28,Surat,Gujarat,West
CUST007188,Aditya Sethi,Male,35,Chennai,Tamil Nadu,South
CUST007189,Komal Arora,Female,32,Noida,Uttar Pradesh,North
CUST007190,Riya Mehta,Female,38,Chennai,Tamil Nadu,South
CUST007191,Nisha Jain,Female,20,Noida,Uttar Pradesh,North
CUST007192,Siddharth Sharma,Male,35,Bengaluru,Karnataka,South
CUST007193,Amit Tripathi,Male,27,Mumbai,Maharashtra,West
CUST007194,Rishi Saxena,Male,33,Guwahati,Assam,East
CUST007195,Anushka Pandey,Female,36,Bengaluru,Karnataka,South
CUST007196,Ritika Chauhan,Female,23,Ahmedabad,Gujarat,West
CUST007197,Isha Srivastava,Female,31,Chennai,Tamil Nadu,South
CUST007198,Akash Shah,Male,30,Mumbai,Maharashtra,West
CUST007199,Ananya Pandey,Female,43,Kochi,Kerala,South
CUST007200,Meera Gupta,Female,28,Mumbai,Maharashtra,West
CUST007201,Apoorva Gupta,Female,30,Dehradun,Uttarakhand,North
CUST007202,Diya Sinha,Female,43,Mumbai,Maharashtra,West
CUST007203,Dev Deshmukh,Male,18,Kolkata,West Bengal,East
CUST007204,Priya Mishra,Female,23,Ranchi,Jharkhand,East
CUST007205,Ritesh Arora,Male,32,Lucknow,Uttar Pradesh,North
CUST007206,Karan Sharma,Male,42,Bengaluru,Karnataka,South
CUST007207,Rohan Nair,Male,43,Pune,Maharashtra,West
CUST007208,Nandini Mehta,Female,33,Bengaluru,Karnataka,South
CUST007209,Rishi Bhatia,Male,30,Kolkata,West Bengal,East
CUST007210,Gaurav Goyal,Male,26,Mumbai,Maharashtra,West
CUST007211,Khushi Pillai,Female,23,Ahmedabad,Gujarat,West
CUST007212,Divya Sinha,Female,21,Kochi,Kerala,South
CUST007213,Ananya Sinha,Female,27,Jaipur,Rajasthan,North
CUST007214,Arjun Sharma,Male,26,Coimbatore,Tamil Nadu,South
CUST007215,Radhika Shah,Female,32,Delhi,Delhi,North
CUST007216,Avni Arora,Female,36,Mumbai,Maharashtra,West
CUST007217,Avni Saxena,Female,22,Delhi,Delhi,North
CUST007218,Ankit Goyal,Male,31,Mumbai,Maharashtra,West
CUST007219,Mohit Chopra,Male,31,Guwahati,Assam,East
CUST007220,Shruti Verma,Female,37,Surat,Gujarat,West
CUST007221,Diya Sinha,Female,37,Pune,Maharashtra,West
CUST007222,Diya Rao,Female,38,Surat,Gujarat,West
CUST007223,Manish Chopra,Male,26,Lucknow,Uttar Pradesh,North
CUST007224,Harsh Gupta,Male,35,Ahmedabad,Gujarat,West
CUST007225,Sameer Gupta,Male,24,Noida,Uttar Pradesh,North
CUST007226,Ishita Reddy,Female,28,Patna,Bihar,East
CUST007227,Dhruv Tiwari,Male,45,Surat,Gujarat,West
CUST007228,Rahul Arora,Male,27,Pune,Maharashtra,West
CUST007229,Arjun Tripathi,Male,18,Noida,Uttar Pradesh,North
CUST007230,Aditi Khanna,Female,37,Pune,Maharashtra,West
CUST007231,Sneha Saxena,Female,25,Jaipur,Rajasthan,North
CUST007232,Dhruv Sharma,Male,18,Kolkata,West Bengal,East
CUST007233,Siddharth Iyer,Male,26,Coimbatore,Tamil Nadu,South
CUST007234,Pranav Mehta,Male,29,Bengaluru,Karnataka,South
CUST007235,Sameer Jain,Male,28,Lucknow,Uttar Pradesh,North
CUST007236,Palak Goyal,Female,21,Noida,Uttar Pradesh,North
CUST007237,Saurabh Sethi,Male,27,Hyderabad,Telangana,South
CUST007238,Nandini Chatterjee,Female,28,Mumbai,Maharashtra,West
CUST007239,Piyush Shah,Male,27,Kolkata,West Bengal,East
CUST007240,Kabir Agarwal,Male,28,Indore,Madhya Pradesh,Central
CUST007241,Meera Naidu,Female,23,Kochi,Kerala,South
CUST007242,Ritesh Nair,Male,49,Indore,Madhya Pradesh,Central
CUST007243,Diya Das,Female,18,Hyderabad,Telangana,South
CUST007244,Amit Tripathi,Male,23,Nagpur,Maharashtra,West
CUST007245,Ishita Roy,Female,28,Indore,Madhya Pradesh,Central
CUST007246,Dhruv Pandey,Male,18,Delhi,Delhi,North
CUST007247,Abhishek Khanna,Male,21,Bengaluru,Karnataka,South
CUST007248,Kabir Iyer,Male,18,Bengaluru,Karnataka,South
CUST007249,Priya Chauhan,Female,18,Indore,Madhya Pradesh,Central
CUST007250,Akash Yadav,Male,21,Hyderabad,Telangana,South
CUST007251,Radhika Chauhan,Female,26,Nagpur,Maharashtra,West
CUST007252,Avni Jain,Female,27,Noida,Uttar Pradesh,North
CUST007253,Riya Bhatia,Female,43,Pune,Maharashtra,West
CUST007254,Nikhil Tripathi,Male,42,Hyderabad,Telangana,South
CUST007255,Ritika Srivastava,Female,18,Lucknow,Uttar Pradesh,North
CUST007256,Apoorva Tiwari,Female,19,Bhubaneswar,Odisha,East
CUST007257,Gaurav Saxena,Male,38,Bengaluru,Karnataka,South
CUST007258,Dhruv Bansal,Male,31,Ahmedabad,Gujarat,West
CUST007259,Neha Shah,Female,24,Nagpur,Maharashtra,West
CUST007260,Rajat Mishra,Male,33,Chennai,Tamil Nadu,South
CUST007261,Ayush Mishra,Male,22,Lucknow,Uttar Pradesh,North
CUST007262,Siddharth Jain,Male,25,Ranchi,Jharkhand,East
CUST007263,Dev Bansal,Male,40,Bengaluru,Karnataka,South
CUST007264,Ritika Shah,Female,18,Jaipur,Rajasthan,North
CUST007265,Anushka Mishra,Female,26,Nagpur,Maharashtra,West
CUST007266,Aditi Kapoor,Female,42,Lucknow,Uttar Pradesh,North
CUST007267,Khushi Reddy,Female,24,Kochi,Kerala,South
CUST007268,Avni Saxena,Female,31,Ahmedabad,Gujarat,West
CUST007269,Riya Joshi,Female,33,Indore,Madhya Pradesh,Central
CUST007270,Meera Khanna,Female,47,Dehradun,Uttarakhand,North
CUST007271,Kabir Pandey,Male,38,Hyderabad,Telangana,South
CUST007272,Piyush Sinha,Male,36,Bengaluru,Karnataka,South
CUST007273,Manish Menon,Male,35,Delhi,Delhi,North
CUST007274,Shubham Reddy,Male,21,Nagpur,Maharashtra,West
CUST007275,Ankit Pandey,Male,30,Delhi,Delhi,North
CUST007276,Ankit Rao,Male,27,Noida,Uttar Pradesh,North
CUST007277,Sameer Pandey,Male,18,Bengaluru,Karnataka,South
CUST007278,Riya Rao,Female,37,Chennai,Tamil Nadu,South
CUST007279,Nikhil Mishra,Male,28,Kochi,Kerala,South
CUST007280,Ayush Malhotra,Male,37,Lucknow,Uttar Pradesh,North
CUST007281,Gaurav Saxena,Male,31,Chennai,Tamil Nadu,South
CUST007282,Meera Menon,Female,28,Mumbai,Maharashtra,West
CUST007283,Nikhil Naidu,Male,33,Lucknow,Uttar Pradesh,North
CUST007284,Pranav Saxena,Male,26,Chennai,Tamil Nadu,South
CUST007285,Rohan Yadav,Male,30,Coimbatore,Tamil Nadu,South
CUST007286,Manya Srivastava,Female,20,Coimbatore,Tamil Nadu,South
CUST007287,Kunal Srivastava,Male,19,Nagpur,Maharashtra,West
CUST007288,Gaurav Kulkarni,Male,22,Nagpur,Maharashtra,West
CUST007289,Pranav Naidu,Male,31,Bengaluru,Karnataka,South
CUST007290,Nisha Mishra,Female,32,Patna,Bihar,East
CUST007291,Komal Tiwari,Female,19,Delhi,Delhi,North
CUST007292,Ankit Gupta,Male,19,Mumbai,Maharashtra,West
CUST007293,Akash Rao,Male,27,Ahmedabad,Gujarat,West
CUST007294,Shubham Mehta,Male,34,Lucknow,Uttar Pradesh,North
CUST007295,Gaurav Gupta,Male,40,Noida,Uttar Pradesh,North
CUST007296,Tanvi Banerjee,Female,18,Delhi,Delhi,North
CUST007297,Isha Verma,Female,27,Pune,Maharashtra,West
CUST007298,Karan Agarwal,Male,19,Bhubaneswar,Odisha,East
CUST007299,Nisha Bhatia,Female,25,Nagpur,Maharashtra,West
CUST007300,Sneha Saxena,Female,45,Coimbatore,Tamil Nadu,South
CUST007301,Vivek Menon,Male,29,Hyderabad,Telangana,South
CUST007302,Shubham Yadav,Male,32,Pune,Maharashtra,West
CUST007303,Rahul Pandey,Male,27,Lucknow,Uttar Pradesh,North
CUST007304,Sneha Sharma,Female,31,Lucknow,Uttar Pradesh,North
CUST007305,Rajat Singh,Male,31,Surat,Gujarat,West
CUST007306,Ankit Joshi,Male,40,Lucknow,Uttar Pradesh,North
CUST007307,Kabir Menon,Male,34,Noida,Uttar Pradesh,North
CUST007308,Piyush Chauhan,Male,36,Mumbai,Maharashtra,West
CUST007309,Rajat Yadav,Male,46,Bengaluru,Karnataka,South
CUST007310,Akash Patel,Male,33,Ahmedabad,Gujarat,West
CUST007311,Manya Sethi,Female,25,Lucknow,Uttar Pradesh,North
CUST007312,Saurabh Chatterjee,Male,30,Surat,Gujarat,West
CUST007313,Gaurav Mishra,Male,26,Hyderabad,Telangana,South
CUST007314,Simran Chopra,Female,23,Guwahati,Assam,East
CUST007315,Sanya Gupta,Female,18,Indore,Madhya Pradesh,Central
CUST007316,Tushar Sharma,Male,27,Surat,Gujarat,West
CUST007317,Rahul Bansal,Male,24,Bhopal,Madhya Pradesh,Central
CUST007318,Isha Joshi,Female,43,Lucknow,Uttar Pradesh,North
CUST007319,Palak Roy,Female,27,Delhi,Delhi,North
CUST007320,Apoorva Deshmukh,Female,27,Bengaluru,Karnataka,South
CUST007321,Palak Yadav,Female,27,Lucknow,Uttar Pradesh,North
CUST007322,Ritika Gupta,Female,18,Chennai,Tamil Nadu,South
CUST007323,Isha Tiwari,Female,39,Indore,Madhya Pradesh,Central
CUST007324,Arjun Tiwari,Male,32,Patna,Bihar,East
CUST007325,Kabir Menon,Male,24,Coimbatore,Tamil Nadu,South
CUST007326,Tanvi Yadav,Female,37,Kochi,Kerala,South
CUST007327,Rishi Yadav,Male,27,Noida,Uttar Pradesh,North
CUST007328,Amit Mishra,Male,34,Kochi,Kerala,South
CUST007329,Rahul Das,Male,45,Kochi,Kerala,South
CUST007330,Kunal Menon,Male,26,Surat,Gujarat,West
CUST007331,Karan Banerjee,Male,31,Noida,Uttar Pradesh,North
CUST007332,Rishi Reddy,Male,27,Delhi,Delhi,North
CUST007333,Sameer Arora,Male,32,Chandigarh,Chandigarh,North
CUST007334,Dev Menon,Male,36,Bengaluru,Karnataka,South
CUST007335,Abhishek Menon,Male,28,Bengaluru,Karnataka,South
CUST007336,Piyush Malhotra,Male,29,Chennai,Tamil Nadu,South
CUST007337,Khushi Arora,Female,46,Ahmedabad,Gujarat,West
CUST007338,Nikhil Arora,Male,35,Nagpur,Maharashtra,West
CUST007339,Dhruv Yadav,Male,30,Delhi,Delhi,North
CUST007340,Aarav Sethi,Male,25,Surat,Gujarat,West
CUST007341,Manish Jain,Male,30,Surat,Gujarat,West
CUST007342,Yash Pillai,Male,22,Nagpur,Maharashtra,West
CUST007343,Komal Khanna,Female,24,Ranchi,Jharkhand,East
CUST007344,Sameer Arora,Male,29,Kolkata,West Bengal,East
CUST007345,Rohan Yadav,Male,18,Noida,Uttar Pradesh,North
CUST007346,Ritika Singh,Female,35,Delhi,Delhi,North
CUST007347,Tanvi Naidu,Female,47,Ahmedabad,Gujarat,West
CUST007348,Sakshi Saxena,Female,29,Chennai,Tamil Nadu,South
CUST007349,Palak Nair,Female,32,Dehradun,Uttarakhand,North
CUST007350,Kunal Malhotra,Male,18,Pune,Maharashtra,West
CUST007351,Varun Bansal,Male,38,Chennai,Tamil Nadu,South
CUST007352,Tanvi Yadav,Female,31,Kolkata,West Bengal,East
CUST007353,Priya Saxena,Female,32,Kochi,Kerala,South
CUST007354,Simran Arora,Female,43,Pune,Maharashtra,West
CUST007355,Rishi Gupta,Male,23,Nagpur,Maharashtra,West
CUST007356,Ankit Pillai,Male,18,Hyderabad,Telangana,South
CUST007357,Ayush Bansal,Male,29,Bhopal,Madhya Pradesh,Central
CUST007358,Priya Das,Female,31,Hyderabad,Telangana,South
CUST007359,Amit Verma,Male,37,Delhi,Delhi,North
CUST007360,Varun Tripathi,Male,33,Mumbai,Maharashtra,West
CUST007361,Arjun Patel,Male,50,Bengaluru,Karnataka,South
CUST007362,Arjun Pandey,Male,18,Patna,Bihar,East
CUST007363,Muskan Mehta,Female,28,Delhi,Delhi,North
CUST007364,Sneha Iyer,Female,28,Noida,Uttar Pradesh,North
CUST007365,Divya Deshmukh,Female,18,Chennai,Tamil Nadu,South
CUST007366,Aditya Gupta,Male,36,Bhopal,Madhya Pradesh,Central
CUST007367,Dev Arora,Male,18,Mumbai,Maharashtra,West
CUST007368,Sanya Thakur,Female,24,Chennai,Tamil Nadu,South
CUST007369,Dev Kapoor,Male,37,Lucknow,Uttar Pradesh,North
CUST007370,Dhruv Roy,Male,30,Kochi,Kerala,South
CUST007371,Rishi Patel,Male,47,Kolkata,West Bengal,East
CUST007372,Harsh Gupta,Male,25,Hyderabad,Telangana,South
CUST007373,Isha Agarwal,Female,28,Mumbai,Maharashtra,West
CUST007374,Rishi Kulkarni,Male,25,Lucknow,Uttar Pradesh,North
CUST007375,Aditya Tripathi,Male,41,Chennai,Tamil Nadu,South
CUST007376,Diya Srivastava,Female,21,Dehradun,Uttarakhand,North
CUST007377,Dev Jain,Male,36,Mumbai,Maharashtra,West
CUST007378,Rohan Mehta,Male,26,Bengaluru,Karnataka,South
CUST007379,Sameer Joshi,Male,29,Noida,Uttar Pradesh,North
CUST007380,Aanya Iyer,Female,25,Hyderabad,Telangana,South
CUST007381,Pranav Singh,Male,23,Coimbatore,Tamil Nadu,South
CUST007382,Nikhil Sethi,Male,30,Guwahati,Assam,East
CUST007383,Manish Thakur,Male,18,Dehradun,Uttarakhand,North
CUST007384,Vivek Khanna,Male,29,Ahmedabad,Gujarat,West
CUST007385,Avni Malhotra,Female,31,Jaipur,Rajasthan,North
CUST007386,Ayush Patel,Male,33,Hyderabad,Telangana,South
CUST007387,Ayush Gupta,Male,33,Pune,Maharashtra,West
CUST007388,Anushka Kumar,Female,24,Kolkata,West Bengal,East
CUST007389,Anushka Arora,Female,41,Lucknow,Uttar Pradesh,North
CUST007390,Neha Sethi,Female,18,Pune,Maharashtra,West
CUST007391,Mohit Bhatia,Male,38,Hyderabad,Telangana,South
CUST007392,Divya Malhotra,Female,18,Bengaluru,Karnataka,South
CUST007393,Ritika Naidu,Female,35,Chandigarh,Chandigarh,North
CUST007394,Aditya Thakur,Male,34,Pune,Maharashtra,West
CUST007395,Muskan Nair,Female,23,Kolkata,West Bengal,East
CUST007396,Amit Shah,Male,28,Mumbai,Maharashtra,West
CUST007397,Tushar Kumar,Male,18,Ahmedabad,Gujarat,West
CUST007398,Siddharth Thakur,Male,38,Bhubaneswar,Odisha,East
CUST007399,Palak Bansal,Female,29,Bengaluru,Karnataka,South
CUST007400,Piyush Mehta,Male,32,Pune,Maharashtra,West
CUST007401,Dhruv Malhotra,Male,32,Delhi,Delhi,North
CUST007402,Neha Khanna,Female,18,Ahmedabad,Gujarat,West
CUST007403,Neha Sinha,Female,28,Delhi,Delhi,North
CUST007404,Aditi Joshi,Female,41,Jaipur,Rajasthan,North
CUST007405,Pranav Tiwari,Male,40,Pune,Maharashtra,West
CUST007406,Simran Roy,Female,33,Bhopal,Madhya Pradesh,Central
CUST007407,Ankit Pillai,Male,34,Bengaluru,Karnataka,South
CUST007408,Simran Chatterjee,Female,47,Noida,Uttar Pradesh,North
CUST007409,Ritesh Menon,Male,26,Dehradun,Uttarakhand,North
CUST007410,Mohit Joshi,Male,24,Delhi,Delhi,North
CUST007411,Yash Deshmukh,Male,32,Bengaluru,Karnataka,South
CUST007412,Harsh Thakur,Male,46,Dehradun,Uttarakhand,North
CUST007413,Mohit Malhotra,Male,18,Coimbatore,Tamil Nadu,South
CUST007414,Shreya Khanna,Female,33,Mumbai,Maharashtra,West
CUST007415,Vivek Mehta,Male,18,Kochi,Kerala,South
CUST007416,Vikram Arora,Male,25,Mumbai,Maharashtra,West
CUST007417,Sameer Pillai,Male,23,Nagpur,Maharashtra,West
CUST007418,Aditi Menon,Female,36,Chennai,Tamil Nadu,South
CUST007419,Ritika Patel,Female,47,Jaipur,Rajasthan,North
CUST007420,Tushar Kumar,Male,29,Bhubaneswar,Odisha,East
CUST007421,Nisha Roy,Female,34,Noida,Uttar Pradesh,North
CUST007422,Komal Bansal,Female,34,Indore,Madhya Pradesh,Central
CUST007423,Dev Bansal,Male,28,Chennai,Tamil Nadu,South
CUST007424,Shruti Joshi,Female,32,Surat,Gujarat,West
CUST007425,Apoorva Khanna,Female,37,Lucknow,Uttar Pradesh,North
CUST007426,Siddharth Kulkarni,Male,25,Coimbatore,Tamil Nadu,South
CUST007427,Sameer Deshmukh,Male,26,Indore,Madhya Pradesh,Central
CUST007428,Anushka Sharma,Female,35,Bengaluru,Karnataka,South
CUST007429,Yash Rao,Male,40,Indore,Madhya Pradesh,Central
CUST007430,Rahul Arora,Male,18,Bengaluru,Karnataka,South
CUST007431,Apoorva Joshi,Female,22,Indore,Madhya Pradesh,Central
CUST007432,Ananya Sethi,Female,18,Jaipur,Rajasthan,North
CUST007433,Varun Singh,Male,25,Kolkata,West Bengal,East
CUST007434,Riya Malhotra,Female,31,Ahmedabad,Gujarat,West
CUST007435,Ankit Goyal,Male,24,Kolkata,West Bengal,East
CUST007436,Kabir Reddy,Male,38,Chennai,Tamil Nadu,South
CUST007437,Sameer Bhatia,Male,18,Pune,Maharashtra,West
CUST007438,Yash Patel,Male,28,Dehradun,Uttarakhand,North
CUST007439,Tanvi Chauhan,Female,31,Hyderabad,Telangana,South
CUST007440,Aditi Jain,Female,29,Raipur,Chhattisgarh,Central
CUST007441,Yash Agarwal,Male,32,Lucknow,Uttar Pradesh,North
CUST007442,Vivek Sinha,Male,18,Jaipur,Rajasthan,North
CUST007443,Arjun Pillai,Male,33,Hyderabad,Telangana,South
CUST007444,Nikhil Tiwari,Male,26,Delhi,Delhi,North
CUST007445,Pranav Deshmukh,Male,30,Ahmedabad,Gujarat,West
CUST007446,Akash Mehta,Male,25,Jaipur,Rajasthan,North
CUST007447,Aditya Bansal,Male,22,Chandigarh,Chandigarh,North
CUST007448,Arjun Das,Male,41,Noida,Uttar Pradesh,North
CUST007449,Vivek Nair,Male,21,Mumbai,Maharashtra,West
CUST007450,Aanya Mishra,Female,33,Chennai,Tamil Nadu,South
CUST007451,Nandini Banerjee,Female,35,Kochi,Kerala,South
CUST007452,Aditya Deshmukh,Male,35,Bengaluru,Karnataka,South
CUST007453,Siddharth Khanna,Male,28,Lucknow,Uttar Pradesh,North
CUST007454,Pooja Verma,Female,32,Bhopal,Madhya Pradesh,Central
CUST007455,Nikhil Naidu,Male,38,Jaipur,Rajasthan,North
CUST007456,Rishi Khanna,Male,30,Noida,Uttar Pradesh,North
CUST007457,Nandini Bansal,Female,32,Indore,Madhya Pradesh,Central
CUST007458,Dhruv Sethi,Male,43,Pune,Maharashtra,West
CUST007459,Manya Banerjee,Female,35,Raipur,Chhattisgarh,Central
CUST007460,Ankit Shah,Male,33,Bengaluru,Karnataka,South
CUST007461,Radhika Joshi,Female,30,Patna,Bihar,East
CUST007462,Swati Roy,Female,35,Mumbai,Maharashtra,West
CUST007463,Swati Chopra,Female,27,Guwahati,Assam,East
CUST007464,Aarav Tiwari,Male,46,Pune,Maharashtra,West
CUST007465,Varun Srivastava,Male,25,Mumbai,Maharashtra,West
CUST007466,Rajat Deshmukh,Male,27,Chandigarh,Chandigarh,North
CUST007467,Amit Arora,Male,25,Dehradun,Uttarakhand,North
CUST007468,Harsh Tripathi,Male,35,Pune,Maharashtra,West
CUST007469,Meera Thakur,Female,33,Delhi,Delhi,North
CUST007470,Aditi Roy,Female,35,Bengaluru,Karnataka,South
CUST007471,Rahul Sethi,Male,18,Hyderabad,Telangana,South
CUST007472,Tanvi Tiwari,Female,34,Hyderabad,Telangana,South
CUST007473,Avni Menon,Female,34,Kochi,Kerala,South
CUST007474,Avni Gupta,Female,24,Bengaluru,Karnataka,South
CUST007475,Divya Sethi,Female,22,Jaipur,Rajasthan,North
CUST007476,Gaurav Kulkarni,Male,42,Chennai,Tamil Nadu,South
CUST007477,Mohit Shah,Male,18,Lucknow,Uttar Pradesh,North
CUST007478,Swati Sinha,Female,34,Mumbai,Maharashtra,West
CUST007479,Rohan Joshi,Male,43,Hyderabad,Telangana,South
CUST007480,Pranav Gupta,Male,30,Chandigarh,Chandigarh,North
CUST007481,Aarav Sharma,Male,43,Ahmedabad,Gujarat,West
CUST007482,Priya Chauhan,Female,37,Mumbai,Maharashtra,West
CUST007483,Sakshi Verma,Female,26,Hyderabad,Telangana,South
CUST007484,Mohit Banerjee,Male,37,Jaipur,Rajasthan,North
CUST007485,Ananya Jain,Female,31,Delhi,Delhi,North
CUST007486,Sameer Bansal,Male,31,Chennai,Tamil Nadu,South
CUST007487,Anushka Chopra,Female,32,Bengaluru,Karnataka,South
CUST007488,Vivek Singh,Male,27,Chennai,Tamil Nadu,South
CUST007489,Ritesh Saxena,Male,23,Coimbatore,Tamil Nadu,South
CUST007490,Nikhil Rao,Male,30,Chennai,Tamil Nadu,South
CUST007491,Ananya Chauhan,Female,23,Bengaluru,Karnataka,South
CUST007492,Aanya Bhatia,Female,21,Delhi,Delhi,North
CUST007493,Kunal Saxena,Male,18,Noida,Uttar Pradesh,North
CUST007494,Simran Patel,Female,27,Lucknow,Uttar Pradesh,North
CUST007495,Amit Srivastava,Male,25,Hyderabad,Telangana,South
CUST007496,Apoorva Singh,Female,18,Noida,Uttar Pradesh,North
CUST007497,Shreya Banerjee,Female,42,Lucknow,Uttar Pradesh,North
CUST007498,Simran Roy,Female,34,Ahmedabad,Gujarat,West
CUST007499,Mohit Sethi,Male,18,Pune,Maharashtra,West
CUST007500,Meera Pandey,Female,44,Ahmedabad,Gujarat,West
CUST007501,Aditya Sharma,Male,42,Noida,Uttar Pradesh,North
CUST007502,Kavya Thakur,Female,22,Ahmedabad,Gujarat,West
CUST007503,Nikhil Banerjee,Male,32,Bhubaneswar,Odisha,East
CUST007504,Anushka Roy,Female,28,Bengaluru,Karnataka,South
CUST007505,Abhishek Menon,Male,43,Delhi,Delhi,North
CUST007506,Nandini Saxena,Female,18,Mumbai,Maharashtra,West
CUST007507,Varun Goyal,Male,27,Delhi,Delhi,North
CUST007508,Nikhil Chatterjee,Male,34,Bengaluru,Karnataka,South
CUST007509,Anushka Chopra,Female,39,Delhi,Delhi,North
CUST007510,Mohit Goyal,Male,29,Bhubaneswar,Odisha,East
CUST007511,Rishi Verma,Male,19,Nagpur,Maharashtra,West
CUST007512,Varun Sethi,Male,38,Raipur,Chhattisgarh,Central
CUST007513,Nandini Saxena,Female,27,Pune,Maharashtra,West
CUST007514,Palak Sharma,Female,18,Nagpur,Maharashtra,West
CUST007515,Payal Verma,Female,25,Mumbai,Maharashtra,West
CUST007516,Meera Srivastava,Female,28,Kolkata,West Bengal,East
CUST007517,Shreya Iyer,Female,28,Kolkata,West Bengal,East
CUST007518,Sakshi Bansal,Female,26,Ahmedabad,Gujarat,West
CUST007519,Isha Kapoor,Female,25,Ahmedabad,Gujarat,West
CUST007520,Piyush Roy,Male,24,Bengaluru,Karnataka,South
CUST007521,Rohan Srivastava,Male,32,Noida,Uttar Pradesh,North
CUST007522,Riya Patel,Female,27,Lucknow,Uttar Pradesh,North
CUST007523,Harsh Roy,Male,21,Chennai,Tamil Nadu,South
CUST007524,Sneha Kulkarni,Female,26,Hyderabad,Telangana,South
CUST007525,Varun Deshmukh,Male,18,Delhi,Delhi,North
CUST007526,Ritesh Kapoor,Male,19,Guwahati,Assam,East
CUST007527,Aanya Bansal,Female,22,Delhi,Delhi,North
CUST007528,Kabir Pillai,Male,33,Bengaluru,Karnataka,South
CUST007529,Arjun Das,Male,24,Indore,Madhya Pradesh,Central
CUST007530,Ankit Verma,Male,18,Raipur,Chhattisgarh,Central
CUST007531,Swati Chauhan,Female,48,Chennai,Tamil Nadu,South
CUST007532,Apoorva Sethi,Female,29,Delhi,Delhi,North
CUST007533,Rohan Rao,Male,30,Bhopal,Madhya Pradesh,Central
CUST007534,Sameer Bhatia,Male,25,Bhopal,Madhya Pradesh,Central
CUST007535,Swati Thakur,Female,27,Hyderabad,Telangana,South
CUST007536,Palak Saxena,Female,33,Ahmedabad,Gujarat,West
CUST007537,Ananya Chatterjee,Female,38,Ahmedabad,Gujarat,West
CUST007538,Karan Naidu,Male,32,Delhi,Delhi,North
CUST007539,Nisha Naidu,Female,37,Indore,Madhya Pradesh,Central
CUST007540,Sneha Das,Female,32,Jaipur,Rajasthan,North
CUST007541,Sakshi Thakur,Female,30,Kochi,Kerala,South
CUST007542,Avni Deshmukh,Female,36,Mumbai,Maharashtra,West
CUST007543,Varun Arora,Male,36,Delhi,Delhi,North
CUST007544,Kavya Malhotra,Female,40,Bengaluru,Karnataka,South
CUST007545,Aarav Chopra,Male,40,Bengaluru,Karnataka,South
CUST007546,Isha Bansal,Female,35,Raipur,Chhattisgarh,Central
CUST007547,Aditya Shah,Male,36,Chennai,Tamil Nadu,South
CUST007548,Sanya Rao,Female,29,Bengaluru,Karnataka,South
CUST007549,Sakshi Pillai,Female,18,Mumbai,Maharashtra,West
CUST007550,Ayush Goyal,Male,38,Delhi,Delhi,North
CUST007551,Amit Srivastava,Male,18,Raipur,Chhattisgarh,Central
CUST007552,Gaurav Gupta,Male,29,Bhopal,Madhya Pradesh,Central
CUST007553,Rahul Kulkarni,Male,34,Lucknow,Uttar Pradesh,North
CUST007554,Piyush Jain,Male,36,Pune,Maharashtra,West
CUST007555,Rishi Bansal,Male,28,Bengaluru,Karnataka,South
CUST007556,Abhishek Patel,Male,26,Raipur,Chhattisgarh,Central
CUST007557,Nandini Thakur,Female,26,Dehradun,Uttarakhand,North
CUST007558,Kunal Yadav,Male,18,Kochi,Kerala,South
CUST007559,Ritesh Pandey,Male,18,Delhi,Delhi,North
CUST007560,Swati Chopra,Female,33,Coimbatore,Tamil Nadu,South
CUST007561,Kavya Patel,Female,35,Bhopal,Madhya Pradesh,Central
CUST007562,Aditi Naidu,Female,26,Lucknow,Uttar Pradesh,North
CUST007563,Harsh Kapoor,Male,18,Bengaluru,Karnataka,South
CUST007564,Shruti Joshi,Female,18,Hyderabad,Telangana,South
CUST007565,Ayush Roy,Male,18,Kochi,Kerala,South
CUST007566,Payal Patel,Female,18,Kolkata,West Bengal,East
CUST007567,Shubham Chatterjee,Male,27,Bengaluru,Karnataka,South
CUST007568,Shreya Shah,Female,20,Delhi,Delhi,North
CUST007569,Yash Shah,Male,32,Bengaluru,Karnataka,South
CUST007570,Rajat Thakur,Male,40,Bengaluru,Karnataka,South
CUST007571,Vivek Chopra,Male,38,Pune,Maharashtra,West
CUST007572,Sameer Kapoor,Male,18,Delhi,Delhi,North
CUST007573,Komal Joshi,Female,22,Bhopal,Madhya Pradesh,Central
CUST007574,Riya Jain,Female,41,Surat,Gujarat,West
CUST007575,Anushka Joshi,Female,24,Pune,Maharashtra,West
CUST007576,Rajat Yadav,Male,28,Nagpur,Maharashtra,West
CUST007577,Muskan Thakur,Female,46,Hyderabad,Telangana,South
CUST007578,Nandini Iyer,Female,32,Mumbai,Maharashtra,West
CUST007579,Divya Sharma,Female,24,Chennai,Tamil Nadu,South
CUST007580,Rohan Singh,Male,34,Noida,Uttar Pradesh,North
CUST007581,Abhishek Goyal,Male,18,Pune,Maharashtra,West
CUST007582,Priya Sethi,Female,25,Pune,Maharashtra,West
CUST007583,Saurabh Sethi,Male,21,Kolkata,West Bengal,East
CUST007584,Akash Gupta,Male,18,Raipur,Chhattisgarh,Central
CUST007585,Amit Shah,Male,18,Nagpur,Maharashtra,West
CUST007586,Priya Sharma,Female,35,Mumbai,Maharashtra,West
CUST007587,Tushar Banerjee,Male,35,Hyderabad,Telangana,South
CUST007588,Arjun Kulkarni,Male,20,Mumbai,Maharashtra,West
CUST007589,Aditya Reddy,Male,35,Ahmedabad,Gujarat,West
CUST007590,Rishi Kulkarni,Male,28,Hyderabad,Telangana,South
CUST007591,Muskan Thakur,Female,32,Ahmedabad,Gujarat,West
CUST007592,Piyush Bansal,Male,21,Indore,Madhya Pradesh,Central
CUST007593,Shruti Mishra,Female,18,Pune,Maharashtra,West
CUST007594,Pooja Rao,Female,18,Noida,Uttar Pradesh,North
CUST007595,Tanvi Reddy,Female,25,Delhi,Delhi,North
CUST007596,Nandini Naidu,Female,28,Lucknow,Uttar Pradesh,North
CUST007597,Kavya Sinha,Female,28,Bengaluru,Karnataka,South
CUST007598,Vivek Mehta,Male,25,Hyderabad,Telangana,South
CUST007599,Shruti Mehta,Female,27,Pune,Maharashtra,West
CUST007600,Manya Saxena,Female,35,Bengaluru,Karnataka,South
CUST007601,Swati Sharma,Female,20,Dehradun,Uttarakhand,North
CUST007602,Harsh Bansal,Male,24,Jaipur,Rajasthan,North
CUST007603,Rajat Das,Male,41,Pune,Maharashtra,West
CUST007604,Vikram Chatterjee,Male,37,Coimbatore,Tamil Nadu,South
CUST007605,Manya Gupta,Female,32,Lucknow,Uttar Pradesh,North
CUST007606,Harsh Tripathi,Male,24,Indore,Madhya Pradesh,Central
CUST007607,Meera Bhatia,Female,29,Delhi,Delhi,North
CUST007608,Kavya Joshi,Female,18,Hyderabad,Telangana,South
CUST007609,Manya Tiwari,Female,28,Hyderabad,Telangana,South
CUST007610,Sanya Naidu,Female,18,Jaipur,Rajasthan,North
CUST007611,Gaurav Joshi,Male,24,Kochi,Kerala,South
CUST007612,Saurabh Rao,Male,42,Lucknow,Uttar Pradesh,North
CUST007613,Sneha Tiwari,Female,18,Dehradun,Uttarakhand,North
CUST007614,Nisha Mehta,Female,29,Delhi,Delhi,North
CUST007615,Aditya Joshi,Male,29,Nagpur,Maharashtra,West
CUST007616,Ananya Sinha,Female,46,Indore,Madhya Pradesh,Central
CUST007617,Rishi Tripathi,Male,22,Mumbai,Maharashtra,West
CUST007618,Mohit Menon,Male,26,Indore,Madhya Pradesh,Central
CUST007619,Shruti Chatterjee,Female,27,Jaipur,Rajasthan,North
CUST007620,Kavya Tiwari,Female,34,Jaipur,Rajasthan,North
CUST007621,Saurabh Banerjee,Male,38,Chandigarh,Chandigarh,North
CUST007622,Kabir Bhatia,Male,19,Nagpur,Maharashtra,West
CUST007623,Divya Chatterjee,Female,30,Chennai,Tamil Nadu,South
CUST007624,Arjun Naidu,Male,29,Chennai,Tamil Nadu,South
CUST007625,Khushi Kapoor,Female,21,Guwahati,Assam,East
CUST007626,Tushar Sinha,Male,28,Bengaluru,Karnataka,South
CUST007627,Siddharth Shah,Male,31,Kochi,Kerala,South
CUST007628,Ritika Reddy,Female,36,Chandigarh,Chandigarh,North
CUST007629,Sanya Arora,Female,23,Delhi,Delhi,North
CUST007630,Varun Nair,Male,18,Bengaluru,Karnataka,South
CUST007631,Nandini Das,Female,37,Chandigarh,Chandigarh,North
CUST007632,Apoorva Deshmukh,Female,41,Bengaluru,Karnataka,South
CUST007633,Akash Singh,Male,33,Hyderabad,Telangana,South
CUST007634,Priya Malhotra,Female,32,Delhi,Delhi,North
CUST007635,Saurabh Nair,Male,29,Surat,Gujarat,West
CUST007636,Harsh Joshi,Male,28,Hyderabad,Telangana,South
CUST007637,Saurabh Deshmukh,Male,24,Raipur,Chhattisgarh,Central
CUST007638,Swati Jain,Female,37,Hyderabad,Telangana,South
CUST007639,Nikhil Roy,Male,32,Indore,Madhya Pradesh,Central
CUST007640,Nisha Mishra,Female,40,Bengaluru,Karnataka,South
CUST007641,Isha Arora,Female,36,Surat,Gujarat,West
CUST007642,Aarav Joshi,Male,43,Noida,Uttar Pradesh,North
CUST007643,Rahul Gupta,Male,25,Pune,Maharashtra,West
CUST007644,Sameer Iyer,Male,50,Surat,Gujarat,West
CUST007645,Avni Kumar,Female,34,Noida,Uttar Pradesh,North
CUST007646,Siddharth Singh,Male,26,Mumbai,Maharashtra,West
CUST007647,Meera Gupta,Female,29,Kolkata,West Bengal,East
CUST007648,Shruti Chatterjee,Female,40,Lucknow,Uttar Pradesh,North
CUST007649,Karan Kulkarni,Male,18,Delhi,Delhi,North
CUST007650,Rajat Goyal,Male,33,Mumbai,Maharashtra,West
CUST007651,Dev Pillai,Male,18,Kolkata,West Bengal,East
CUST007652,Riya Rao,Female,32,Ahmedabad,Gujarat,West
CUST007653,Dev Banerjee,Male,30,Noida,Uttar Pradesh,North
CUST007654,Swati Kumar,Female,38,Jaipur,Rajasthan,North
CUST007655,Saurabh Yadav,Male,25,Indore,Madhya Pradesh,Central
CUST007656,Shreya Saxena,Female,37,Chennai,Tamil Nadu,South
CUST007657,Neha Agarwal,Female,19,Pune,Maharashtra,West
CUST007658,Neha Chopra,Female,20,Mumbai,Maharashtra,West
CUST007659,Pranav Malhotra,Male,18,Delhi,Delhi,North
CUST007660,Piyush Chopra,Male,25,Pune,Maharashtra,West
CUST007661,Vikram Bansal,Male,34,Ahmedabad,Gujarat,West
CUST007662,Arjun Nair,Male,28,Pune,Maharashtra,West
CUST007663,Dev Arora,Male,23,Hyderabad,Telangana,South
CUST007664,Ritika Sharma,Female,21,Mumbai,Maharashtra,West
CUST007665,Simran Banerjee,Female,39,Delhi,Delhi,North
CUST007666,Diya Joshi,Female,24,Jaipur,Rajasthan,North
CUST007667,Ritesh Naidu,Male,46,Bhubaneswar,Odisha,East
CUST007668,Neha Malhotra,Female,19,Hyderabad,Telangana,South
CUST007669,Ananya Deshmukh,Female,26,Delhi,Delhi,North
CUST007670,Sakshi Kulkarni,Female,35,Hyderabad,Telangana,South
CUST007671,Pooja Saxena,Female,33,Ahmedabad,Gujarat,West
CUST007672,Manya Tripathi,Female,22,Bengaluru,Karnataka,South
CUST007673,Rishi Joshi,Male,38,Mumbai,Maharashtra,West
CUST007674,Pranav Kumar,Male,37,Noida,Uttar Pradesh,North
CUST007675,Yash Sinha,Male,34,Ahmedabad,Gujarat,West
CUST007676,Diya Kumar,Female,25,Ranchi,Jharkhand,East
CUST007677,Avni Deshmukh,Female,18,Bengaluru,Karnataka,South
CUST007678,Aarav Naidu,Male,21,Bengaluru,Karnataka,South
CUST007679,Dhruv Sethi,Male,29,Pune,Maharashtra,West
CUST007680,Ayush Sharma,Male,22,Bhubaneswar,Odisha,East
CUST007681,Akash Nair,Male,32,Kolkata,West Bengal,East
CUST007682,Komal Mehta,Female,39,Coimbatore,Tamil Nadu,South
CUST007683,Nandini Kulkarni,Female,42,Lucknow,Uttar Pradesh,North
CUST007684,Pranav Malhotra,Male,22,Dehradun,Uttarakhand,North
CUST007685,Nisha Menon,Female,23,Bengaluru,Karnataka,South
CUST007686,Rishi Iyer,Male,42,Bhopal,Madhya Pradesh,Central
CUST007687,Muskan Agarwal,Female,36,Bhubaneswar,Odisha,East
CUST007688,Ishita Srivastava,Female,36,Chennai,Tamil Nadu,South
CUST007689,Aditya Pillai,Male,33,Bengaluru,Karnataka,South
CUST007690,Sanya Kulkarni,Female,31,Bengaluru,Karnataka,South
CUST007691,Sanya Sinha,Female,28,Surat,Gujarat,West
CUST007692,Payal Tripathi,Female,22,Surat,Gujarat,West
CUST007693,Shubham Saxena,Male,36,Lucknow,Uttar Pradesh,North
CUST007694,Nandini Kulkarni,Female,18,Lucknow,Uttar Pradesh,North
CUST007695,Meera Kapoor,Female,37,Surat,Gujarat,West
CUST007696,Shruti Sinha,Female,19,Kochi,Kerala,South
CUST007697,Varun Kulkarni,Male,44,Dehradun,Uttarakhand,North
CUST007698,Ananya Reddy,Female,27,Nagpur,Maharashtra,West
CUST007699,Aditya Reddy,Male,21,Mumbai,Maharashtra,West
CUST007700,Rishi Khanna,Male,26,Indore,Madhya Pradesh,Central
CUST007701,Pooja Tripathi,Female,35,Noida,Uttar Pradesh,North
CUST007702,Rahul Tiwari,Male,34,Ahmedabad,Gujarat,West
CUST007703,Neha Rao,Female,33,Kochi,Kerala,South
CUST007704,Pranav Verma,Male,48,Pune,Maharashtra,West
CUST007705,Aditya Goyal,Male,38,Delhi,Delhi,North
CUST007706,Yash Sethi,Male,20,Hyderabad,Telangana,South
CUST007707,Manish Joshi,Male,37,Ahmedabad,Gujarat,West
CUST007708,Pranav Rao,Male,24,Mumbai,Maharashtra,West
CUST007709,Avni Kumar,Female,47,Pune,Maharashtra,West
CUST007710,Ananya Saxena,Female,35,Jaipur,Rajasthan,North
CUST007711,Manya Pillai,Female,27,Indore,Madhya Pradesh,Central
CUST007712,Vikram Bhatia,Male,37,Bengaluru,Karnataka,South
CUST007713,Piyush Thakur,Male,43,Chennai,Tamil Nadu,South
CUST007714,Ayush Jain,Male,27,Noida,Uttar Pradesh,North
CUST007715,Gaurav Chopra,Male,41,Bengaluru,Karnataka,South
CUST007716,Apoorva Pandey,Female,27,Mumbai,Maharashtra,West
CUST007717,Dev Tripathi,Male,31,Hyderabad,Telangana,South
CUST007718,Apoorva Bhatia,Female,26,Bhopal,Madhya Pradesh,Central
CUST007719,Pranav Kulkarni,Male,29,Jaipur,Rajasthan,North
CUST007720,Gaurav Shah,Male,28,Hyderabad,Telangana,South
CUST007721,Aditi Nair,Female,29,Patna,Bihar,East
CUST007722,Diya Verma,Female,26,Kolkata,West Bengal,East
CUST007723,Kunal Agarwal,Male,46,Kolkata,West Bengal,East
CUST007724,Amit Roy,Male,42,Kochi,Kerala,South
CUST007725,Amit Mishra,Male,32,Ahmedabad,Gujarat,West
CUST007726,Rajat Saxena,Male,32,Nagpur,Maharashtra,West
CUST007727,Khushi Naidu,Female,33,Patna,Bihar,East
CUST007728,Vivek Roy,Male,40,Pune,Maharashtra,West
CUST007729,Avni Patel,Female,24,Kochi,Kerala,South
CUST007730,Mohit Kapoor,Male,21,Bhubaneswar,Odisha,East
CUST007731,Aditya Naidu,Male,29,Bengaluru,Karnataka,South
CUST007732,Anushka Das,Female,28,Surat,Gujarat,West
CUST007733,Neha Gupta,Female,29,Jaipur,Rajasthan,North
CUST007734,Amit Naidu,Male,37,Bhopal,Madhya Pradesh,Central
CUST007735,Palak Menon,Female,18,Bhubaneswar,Odisha,East
CUST007736,Sneha Srivastava,Female,18,Chandigarh,Chandigarh,North
CUST007737,Amit Srivastava,Male,24,Kolkata,West Bengal,East
CUST007738,Nikhil Chauhan,Male,20,Chandigarh,Chandigarh,North
CUST007739,Riya Iyer,Female,43,Noida,Uttar Pradesh,North
CUST007740,Ayush Kulkarni,Male,36,Mumbai,Maharashtra,West
CUST007741,Pooja Patel,Female,34,Chandigarh,Chandigarh,North
CUST007742,Shreya Thakur,Female,18,Delhi,Delhi,North
CUST007743,Shubham Patel,Male,29,Pune,Maharashtra,West
CUST007744,Harsh Nair,Male,31,Bhopal,Madhya Pradesh,Central
CUST007745,Riya Jain,Female,27,Ahmedabad,Gujarat,West
CUST007746,Aarav Menon,Male,36,Delhi,Delhi,North
CUST007747,Abhishek Malhotra,Male,35,Ahmedabad,Gujarat,West
CUST007748,Diya Bansal,Female,34,Bengaluru,Karnataka,South
CUST007749,Palak Bhatia,Female,31,Mumbai,Maharashtra,West
CUST007750,Saurabh Bansal,Male,29,Chandigarh,Chandigarh,North
CUST007751,Ananya Jain,Female,50,Chennai,Tamil Nadu,South
CUST007752,Yash Chauhan,Male,36,Bhopal,Madhya Pradesh,Central
CUST007753,Yash Menon,Male,21,Mumbai,Maharashtra,West
CUST007754,Kabir Singh,Male,35,Ahmedabad,Gujarat,West
CUST007755,Pooja Saxena,Female,37,Hyderabad,Telangana,South
CUST007756,Piyush Sharma,Male,23,Mumbai,Maharashtra,West
CUST007757,Shubham Arora,Male,27,Ahmedabad,Gujarat,West
CUST007758,Varun Agarwal,Male,46,Pune,Maharashtra,West
CUST007759,Kabir Reddy,Male,32,Lucknow,Uttar Pradesh,North
CUST007760,Aarav Agarwal,Male,39,Pune,Maharashtra,West
CUST007761,Sanya Das,Female,21,Chandigarh,Chandigarh,North
CUST007762,Gaurav Jain,Male,26,Hyderabad,Telangana,South
CUST007763,Radhika Kapoor,Female,25,Jaipur,Rajasthan,North
CUST007764,Payal Banerjee,Female,25,Jaipur,Rajasthan,North
CUST007765,Radhika Sharma,Female,34,Bhubaneswar,Odisha,East
CUST007766,Abhishek Kapoor,Male,31,Raipur,Chhattisgarh,Central
CUST007767,Tushar Naidu,Male,22,Lucknow,Uttar Pradesh,North
CUST007768,Gaurav Deshmukh,Male,28,Ahmedabad,Gujarat,West
CUST007769,Shreya Shah,Female,23,Surat,Gujarat,West
CUST007770,Riya Mishra,Female,27,Kolkata,West Bengal,East
CUST007771,Vikram Saxena,Male,18,Chennai,Tamil Nadu,South
CUST007772,Palak Kumar,Female,23,Mumbai,Maharashtra,West
CUST007773,Komal Gupta,Female,31,Pune,Maharashtra,West
CUST007774,Payal Banerjee,Female,34,Chennai,Tamil Nadu,South
CUST007775,Amit Banerjee,Male,18,Pune,Maharashtra,West
CUST007776,Ishita Patel,Female,31,Jaipur,Rajasthan,North
CUST007777,Amit Shah,Male,32,Mumbai,Maharashtra,West
CUST007778,Sakshi Deshmukh,Female,23,Hyderabad,Telangana,South
CUST007779,Aanya Bansal,Female,24,Pune,Maharashtra,West
CUST007780,Ananya Thakur,Female,18,Bengaluru,Karnataka,South
CUST007781,Ankit Shah,Male,38,Coimbatore,Tamil Nadu,South
CUST007782,Kavya Singh,Female,38,Kochi,Kerala,South
CUST007783,Rishi Gupta,Male,24,Bengaluru,Karnataka,South
CUST007784,Gaurav Chauhan,Male,23,Hyderabad,Telangana,South
CUST007785,Mohit Jain,Male,34,Chennai,Tamil Nadu,South
CUST007786,Anushka Nair,Female,42,Chennai,Tamil Nadu,South
CUST007787,Sakshi Agarwal,Female,35,Kolkata,West Bengal,East
CUST007788,Ankit Sethi,Male,32,Noida,Uttar Pradesh,North
CUST007789,Khushi Thakur,Female,36,Lucknow,Uttar Pradesh,North
CUST007790,Nisha Nair,Female,43,Hyderabad,Telangana,South
CUST007791,Apoorva Bhatia,Female,21,Bengaluru,Karnataka,South
CUST007792,Abhishek Kapoor,Male,31,Kolkata,West Bengal,East
CUST007793,Aditya Kulkarni,Male,21,Indore,Madhya Pradesh,Central
CUST007794,Varun Yadav,Male,33,Hyderabad,Telangana,South
CUST007795,Tanvi Saxena,Female,34,Coimbatore,Tamil Nadu,South
CUST007796,Priya Tripathi,Female,35,Mumbai,Maharashtra,West
CUST007797,Varun Mishra,Male,30,Mumbai,Maharashtra,West
CUST007798,Avni Chatterjee,Female,37,Surat,Gujarat,West
CUST007799,Sameer Pillai,Male,18,Kolkata,West Bengal,East
CUST007800,Tanvi Jain,Female,40,Pune,Maharashtra,West
CUST007801,Dev Kulkarni,Male,37,Delhi,Delhi,North
CUST007802,Yash Iyer,Male,26,Delhi,Delhi,North
CUST007803,Komal Kapoor,Female,35,Delhi,Delhi,North
CUST007804,Akash Tiwari,Male,37,Patna,Bihar,East
CUST007805,Divya Tripathi,Female,19,Patna,Bihar,East
CUST007806,Manya Kapoor,Female,40,Chennai,Tamil Nadu,South
CUST007807,Sneha Tripathi,Female,24,Indore,Madhya Pradesh,Central
CUST007808,Swati Shah,Female,26,Bengaluru,Karnataka,South
CUST007809,Manya Mehta,Female,30,Chennai,Tamil Nadu,South
CUST007810,Siddharth Chopra,Male,18,Jaipur,Rajasthan,North
CUST007811,Payal Mishra,Female,26,Delhi,Delhi,North
CUST007812,Rajat Rao,Male,39,Kolkata,West Bengal,East
CUST007813,Saurabh Das,Male,31,Surat,Gujarat,West
CUST007814,Ritesh Agarwal,Male,36,Noida,Uttar Pradesh,North
CUST007815,Shreya Chatterjee,Female,49,Delhi,Delhi,North
CUST007816,Nandini Pillai,Female,29,Ahmedabad,Gujarat,West
CUST007817,Dhruv Shah,Male,34,Kochi,Kerala,South
CUST007818,Arjun Reddy,Male,37,Noida,Uttar Pradesh,North
CUST007819,Riya Chauhan,Female,34,Indore,Madhya Pradesh,Central
CUST007820,Rishi Iyer,Male,28,Kochi,Kerala,South
CUST007821,Varun Gupta,Male,24,Lucknow,Uttar Pradesh,North
CUST007822,Vivek Bhatia,Male,27,Pune,Maharashtra,West
CUST007823,Gaurav Banerjee,Male,22,Nagpur,Maharashtra,West
CUST007824,Pooja Kapoor,Female,36,Dehradun,Uttarakhand,North
CUST007825,Sakshi Kumar,Female,18,Ahmedabad,Gujarat,West
CUST007826,Neha Verma,Female,36,Hyderabad,Telangana,South
CUST007827,Siddharth Menon,Male,25,Mumbai,Maharashtra,West
CUST007828,Nikhil Kumar,Male,39,Kochi,Kerala,South
CUST007829,Varun Tiwari,Male,34,Bhubaneswar,Odisha,East
CUST007830,Sneha Tripathi,Female,40,Kochi,Kerala,South
CUST007831,Vivek Mehta,Male,31,Ahmedabad,Gujarat,West
CUST007832,Harsh Nair,Male,19,Coimbatore,Tamil Nadu,South
CUST007833,Manish Das,Male,32,Mumbai,Maharashtra,West
CUST007834,Akash Menon,Male,21,Delhi,Delhi,North
CUST007835,Mohit Bansal,Male,18,Bengaluru,Karnataka,South
CUST007836,Karan Jain,Male,34,Noida,Uttar Pradesh,North
CUST007837,Shreya Verma,Female,28,Hyderabad,Telangana,South
CUST007838,Diya Das,Female,29,Mumbai,Maharashtra,West
CUST007839,Avni Sharma,Female,38,Chandigarh,Chandigarh,North
CUST007840,Neha Yadav,Female,44,Chennai,Tamil Nadu,South
CUST007841,Sneha Shah,Female,34,Surat,Gujarat,West
CUST007842,Sameer Roy,Male,35,Pune,Maharashtra,West
CUST007843,Meera Saxena,Female,24,Surat,Gujarat,West
CUST007844,Yash Pillai,Male,31,Bengaluru,Karnataka,South
CUST007845,Tushar Pandey,Male,21,Coimbatore,Tamil Nadu,South
CUST007846,Rajat Naidu,Male,35,Bengaluru,Karnataka,South
CUST007847,Arjun Das,Male,27,Chennai,Tamil Nadu,South
CUST007848,Dhruv Iyer,Male,40,Chandigarh,Chandigarh,North
CUST007849,Priya Patel,Female,35,Indore,Madhya Pradesh,Central
CUST007850,Tushar Roy,Male,31,Delhi,Delhi,North
CUST007851,Varun Kapoor,Male,27,Chennai,Tamil Nadu,South
CUST007852,Nandini Iyer,Female,36,Bengaluru,Karnataka,South
CUST007853,Akash Yadav,Male,28,Ahmedabad,Gujarat,West
CUST007854,Ishita Roy,Female,35,Pune,Maharashtra,West
CUST007855,Shreya Bhatia,Female,34,Noida,Uttar Pradesh,North
CUST007856,Yash Khanna,Male,24,Surat,Gujarat,West
CUST007857,Shruti Goyal,Female,37,Chennai,Tamil Nadu,South
CUST007858,Piyush Khanna,Male,20,Chennai,Tamil Nadu,South
CUST007859,Rahul Singh,Male,18,Kochi,Kerala,South
CUST007860,Aditya Sinha,Male,30,Kochi,Kerala,South
CUST007861,Palak Sharma,Female,25,Bengaluru,Karnataka,South
CUST007862,Komal Singh,Female,24,Bengaluru,Karnataka,South
CUST007863,Ananya Yadav,Female,38,Kolkata,West Bengal,East
CUST007864,Diya Sharma,Female,19,Delhi,Delhi,North
CUST007865,Karan Malhotra,Male,24,Delhi,Delhi,North
CUST007866,Vivek Shah,Male,33,Chennai,Tamil Nadu,South
CUST007867,Vikram Thakur,Male,27,Dehradun,Uttarakhand,North
CUST007868,Ritesh Malhotra,Male,29,Noida,Uttar Pradesh,North
CUST007869,Vivek Chopra,Male,19,Hyderabad,Telangana,South
CUST007870,Nikhil Malhotra,Male,19,Mumbai,Maharashtra,West
CUST007871,Komal Pillai,Female,23,Mumbai,Maharashtra,West
CUST007872,Siddharth Iyer,Male,36,Lucknow,Uttar Pradesh,North
CUST007873,Diya Gupta,Female,38,Surat,Gujarat,West
CUST007874,Tanvi Naidu,Female,29,Guwahati,Assam,East
CUST007875,Nisha Naidu,Female,37,Surat,Gujarat,West
CUST007876,Shubham Roy,Male,24,Bengaluru,Karnataka,South
CUST007877,Mohit Sethi,Male,18,Jaipur,Rajasthan,North
CUST007878,Akash Thakur,Male,18,Kolkata,West Bengal,East
CUST007879,Ananya Chopra,Female,32,Kolkata,West Bengal,East
CUST007880,Varun Das,Male,25,Hyderabad,Telangana,South
CUST007881,Saurabh Tiwari,Male,35,Lucknow,Uttar Pradesh,North
CUST007882,Sneha Saxena,Female,21,Delhi,Delhi,North
CUST007883,Vivek Banerjee,Male,33,Bengaluru,Karnataka,South
CUST007884,Piyush Srivastava,Male,39,Jaipur,Rajasthan,North
CUST007885,Ankit Mishra,Male,40,Lucknow,Uttar Pradesh,North
CUST007886,Ankit Mehta,Male,28,Patna,Bihar,East
CUST007887,Siddharth Bhatia,Male,46,Delhi,Delhi,North
CUST007888,Simran Reddy,Female,26,Hyderabad,Telangana,South
CUST007889,Siddharth Tripathi,Male,20,Delhi,Delhi,North
CUST007890,Rishi Sharma,Male,38,Raipur,Chhattisgarh,Central
CUST007891,Nisha Goyal,Female,40,Jaipur,Rajasthan,North
CUST007892,Manish Rao,Male,41,Surat,Gujarat,West
CUST007893,Gaurav Tiwari,Male,25,Kolkata,West Bengal,East
CUST007894,Sameer Tripathi,Male,38,Nagpur,Maharashtra,West
CUST007895,Varun Thakur,Male,28,Kochi,Kerala,South
CUST007896,Tushar Banerjee,Male,22,Mumbai,Maharashtra,West
CUST007897,Shruti Kulkarni,Female,19,Hyderabad,Telangana,South
CUST007898,Nisha Reddy,Female,19,Noida,Uttar Pradesh,North
CUST007899,Swati Kulkarni,Female,18,Hyderabad,Telangana,South
CUST007900,Aanya Mehta,Female,21,Hyderabad,Telangana,South
CUST007901,Yash Tripathi,Male,22,Chennai,Tamil Nadu,South
CUST007902,Shruti Goyal,Female,25,Chandigarh,Chandigarh,North
CUST007903,Dev Saxena,Male,34,Nagpur,Maharashtra,West
CUST007904,Harsh Chopra,Male,18,Noida,Uttar Pradesh,North
CUST007905,Vivek Yadav,Male,18,Coimbatore,Tamil Nadu,South
CUST007906,Vikram Saxena,Male,36,Kolkata,West Bengal,East
CUST007907,Vikram Roy,Male,37,Pune,Maharashtra,West
CUST007908,Piyush Joshi,Male,26,Ranchi,Jharkhand,East
CUST007909,Ritika Naidu,Female,36,Mumbai,Maharashtra,West
CUST007910,Sanya Verma,Female,21,Chennai,Tamil Nadu,South
CUST007911,Ayush Kulkarni,Male,23,Noida,Uttar Pradesh,North
CUST007912,Rohan Joshi,Male,27,Lucknow,Uttar Pradesh,North
CUST007913,Gaurav Thakur,Male,18,Pune,Maharashtra,West
CUST007914,Swati Joshi,Female,32,Chennai,Tamil Nadu,South
CUST007915,Aditya Thakur,Male,21,Bengaluru,Karnataka,South
CUST007916,Radhika Pillai,Female,35,Jaipur,Rajasthan,North
CUST007917,Meera Tripathi,Female,57,Bengaluru,Karnataka,South
CUST007918,Riya Bhatia,Female,35,Ahmedabad,Gujarat,West
CUST007919,Nandini Bansal,Female,18,Bengaluru,Karnataka,South
CUST007920,Amit Deshmukh,Male,37,Indore,Madhya Pradesh,Central
CUST007921,Anushka Naidu,Female,32,Mumbai,Maharashtra,West
CUST007922,Rajat Naidu,Male,34,Chennai,Tamil Nadu,South
CUST007923,Aditya Joshi,Male,18,Bhubaneswar,Odisha,East
CUST007924,Vikram Thakur,Male,36,Pune,Maharashtra,West
CUST007925,Rohan Gupta,Male,29,Patna,Bihar,East
CUST007926,Aarav Rao,Male,22,Pune,Maharashtra,West
CUST007927,Saurabh Gupta,Male,28,Kochi,Kerala,South
CUST007928,Vikram Chopra,Male,31,Mumbai,Maharashtra,West
CUST007929,Kavya Sharma,Female,35,Bengaluru,Karnataka,South
CUST007930,Ananya Iyer,Female,24,Delhi,Delhi,North
CUST007931,Ankit Singh,Male,18,Noida,Uttar Pradesh,North
CUST007932,Gaurav Bansal,Male,27,Bengaluru,Karnataka,South
CUST007933,Neha Kumar,Female,28,Delhi,Delhi,North
CUST007934,Priya Gupta,Female,32,Surat,Gujarat,West
CUST007935,Nandini Agarwal,Female,23,Pune,Maharashtra,West
CUST007936,Shubham Mehta,Male,42,Bengaluru,Karnataka,South
CUST007937,Diya Rao,Female,26,Pune,Maharashtra,West
CUST007938,Priya Roy,Female,25,Delhi,Delhi,North
CUST007939,Aditi Agarwal,Female,33,Chennai,Tamil Nadu,South
CUST007940,Shreya Pandey,Female,22,Bhopal,Madhya Pradesh,Central
CUST007941,Arjun Shah,Male,24,Patna,Bihar,East
CUST007942,Palak Verma,Female,36,Dehradun,Uttarakhand,North
CUST007943,Sanya Sinha,Female,21,Chandigarh,Chandigarh,North
CUST007944,Ritesh Sharma,Male,30,Hyderabad,Telangana,South
CUST007945,Ritesh Verma,Male,18,Noida,Uttar Pradesh,North
CUST007946,Rahul Naidu,Male,32,Delhi,Delhi,North
CUST007947,Vikram Pandey,Male,33,Hyderabad,Telangana,South
CUST007948,Shreya Saxena,Female,18,Noida,Uttar Pradesh,North
CUST007949,Priya Nair,Female,27,Pune,Maharashtra,West
CUST007950,Tushar Malhotra,Male,28,Hyderabad,Telangana,South
CUST007951,Ayush Tripathi,Male,30,Mumbai,Maharashtra,West
CUST007952,Siddharth Chopra,Male,20,Delhi,Delhi,North
CUST007953,Saurabh Iyer,Male,28,Ahmedabad,Gujarat,West
CUST007954,Neha Yadav,Female,30,Mumbai,Maharashtra,West
CUST007955,Dhruv Reddy,Male,32,Coimbatore,Tamil Nadu,South
CUST007956,Vivek Roy,Male,40,Chennai,Tamil Nadu,South
CUST007957,Vivek Verma,Male,34,Bengaluru,Karnataka,South
CUST007958,Kunal Joshi,Male,18,Pune,Maharashtra,West
CUST007959,Rahul Jain,Male,33,Bengaluru,Karnataka,South
CUST007960,Palak Yadav,Female,33,Lucknow,Uttar Pradesh,North
CUST007961,Manish Deshmukh,Male,32,Chandigarh,Chandigarh,North
CUST007962,Arjun Menon,Male,36,Kochi,Kerala,South
CUST007963,Rajat Sharma,Male,26,Chandigarh,Chandigarh,North
CUST007964,Rohan Jain,Male,33,Lucknow,Uttar Pradesh,North
CUST007965,Dhruv Sethi,Male,33,Raipur,Chhattisgarh,Central
CUST007966,Sakshi Naidu,Female,45,Patna,Bihar,East
CUST007967,Sameer Goyal,Male,25,Jaipur,Rajasthan,North
CUST007968,Pranav Pillai,Male,18,Lucknow,Uttar Pradesh,North
CUST007969,Gaurav Das,Male,18,Kolkata,West Bengal,East
CUST007970,Varun Mishra,Male,18,Mumbai,Maharashtra,West
CUST007971,Ankit Menon,Male,23,Kolkata,West Bengal,East
CUST007972,Varun Yadav,Male,21,Ahmedabad,Gujarat,West
CUST007973,Sameer Tripathi,Male,27,Hyderabad,Telangana,South
CUST007974,Aditya Deshmukh,Male,37,Kochi,Kerala,South
CUST007975,Payal Das,Female,35,Kochi,Kerala,South
CUST007976,Nikhil Bhatia,Male,32,Ahmedabad,Gujarat,West
CUST007977,Palak Tiwari,Female,32,Chennai,Tamil Nadu,South
CUST007978,Neha Menon,Female,24,Ahmedabad,Gujarat,West
CUST007979,Kunal Das,Male,35,Jaipur,Rajasthan,North
CUST007980,Sneha Bansal,Female,32,Bengaluru,Karnataka,South
CUST007981,Ankit Khanna,Male,35,Pune,Maharashtra,West
CUST007982,Kunal Khanna,Male,23,Noida,Uttar Pradesh,North
CUST007983,Radhika Singh,Female,41,Bhubaneswar,Odisha,East
CUST007984,Divya Goyal,Female,36,Pune,Maharashtra,West
CUST007985,Rishi Gupta,Male,21,Delhi,Delhi,North
CUST007986,Radhika Singh,Female,32,Lucknow,Uttar Pradesh,North
CUST007987,Shruti Sharma,Female,29,Pune,Maharashtra,West
CUST007988,Palak Malhotra,Female,28,Bengaluru,Karnataka,South
CUST007989,Aditya Arora,Male,26,Bhopal,Madhya Pradesh,Central
CUST007990,Manya Kumar,Female,25,Pune,Maharashtra,West
CUST007991,Aditi Saxena,Female,29,Bengaluru,Karnataka,South
CUST007992,Pranav Malhotra,Male,23,Chandigarh,Chandigarh,North
CUST007993,Shreya Joshi,Female,33,Kochi,Kerala,South
CUST007994,Vivek Saxena,Male,24,Lucknow,Uttar Pradesh,North
CUST007995,Kavya Kapoor,Female,20,Indore,Madhya Pradesh,Central
CUST007996,Radhika Jain,Female,18,Mumbai,Maharashtra,West
CUST007997,Rishi Menon,Male,37,Jaipur,Rajasthan,North
CUST007998,Tanvi Arora,Female,40,Noida,Uttar Pradesh,North
CUST007999,Tanvi Arora,Female,18,Bengaluru,Karnataka,South
CUST008000,Abhishek Arora,Male,29,Ahmedabad,Gujarat,West
CUST008001,Abhishek Goyal,Male,30,Delhi,Delhi,North
CUST008002,Isha Deshmukh,Female,23,Delhi,Delhi,North
CUST008003,Meera Rao,Female,25,Chandigarh,Chandigarh,North
CUST008004,Nikhil Rao,Male,18,Kochi,Kerala,South
CUST008005,Arjun Mehta,Male,33,Pune,Maharashtra,West
CUST008006,Harsh Joshi,Male,30,Delhi,Delhi,North
CUST008007,Amit Verma,Male,34,Mumbai,Maharashtra,West
CUST008008,Arjun Tiwari,Male,41,Surat,Gujarat,West
CUST008009,Dev Jain,Male,31,Dehradun,Uttarakhand,North
CUST008010,Palak Joshi,Female,49,Lucknow,Uttar Pradesh,North
CUST008011,Sanya Iyer,Female,28,Chennai,Tamil Nadu,South
CUST008012,Yash Saxena,Male,22,Chennai,Tamil Nadu,South
CUST008013,Diya Pandey,Female,32,Bhubaneswar,Odisha,East
CUST008014,Ananya Kapoor,Female,27,Ahmedabad,Gujarat,West
CUST008015,Manya Chauhan,Female,36,Delhi,Delhi,North
CUST008016,Rajat Nair,Male,22,Kolkata,West Bengal,East
CUST008017,Aanya Nair,Female,32,Mumbai,Maharashtra,West
CUST008018,Ayush Verma,Male,28,Chandigarh,Chandigarh,North
CUST008019,Dhruv Yadav,Male,42,Hyderabad,Telangana,South
CUST008020,Abhishek Goyal,Male,25,Delhi,Delhi,North
CUST008021,Mohit Agarwal,Male,38,Kolkata,West Bengal,East
CUST008022,Dev Bhatia,Male,41,Kolkata,West Bengal,East
CUST008023,Nandini Khanna,Female,40,Bhubaneswar,Odisha,East
CUST008024,Gaurav Mishra,Male,31,Pune,Maharashtra,West
CUST008025,Divya Saxena,Female,26,Kolkata,West Bengal,East
CUST008026,Aarav Patel,Male,41,Chennai,Tamil Nadu,South
CUST008027,Khushi Tiwari,Female,30,Bengaluru,Karnataka,South
CUST008028,Akash Jain,Male,35,Delhi,Delhi,North
CUST008029,Riya Chopra,Female,20,Kochi,Kerala,South
CUST008030,Palak Shah,Female,41,Indore,Madhya Pradesh,Central
CUST008031,Ananya Tiwari,Female,29,Jaipur,Rajasthan,North
CUST008032,Amit Arora,Male,23,Raipur,Chhattisgarh,Central
CUST008033,Diya Iyer,Female,44,Guwahati,Assam,East
CUST008034,Piyush Sinha,Male,18,Chennai,Tamil Nadu,South
CUST008035,Manya Sinha,Female,32,Delhi,Delhi,North
CUST008036,Vivek Malhotra,Male,32,Ahmedabad,Gujarat,West
CUST008037,Vikram Gupta,Male,28,Chennai,Tamil Nadu,South
CUST008038,Kabir Shah,Male,32,Raipur,Chhattisgarh,Central
CUST008039,Saurabh Pillai,Male,27,Bengaluru,Karnataka,South
CUST008040,Ankit Arora,Male,24,Nagpur,Maharashtra,West
CUST008041,Rahul Rao,Male,26,Kochi,Kerala,South
CUST008042,Aditya Saxena,Male,26,Hyderabad,Telangana,South
CUST008043,Vivek Nair,Male,30,Lucknow,Uttar Pradesh,North
CUST008044,Abhishek Malhotra,Male,31,Bhubaneswar,Odisha,East
CUST008045,Sanya Sethi,Female,22,Delhi,Delhi,North
CUST008046,Aarav Patel,Male,27,Lucknow,Uttar Pradesh,North
CUST008047,Karan Nair,Male,33,Patna,Bihar,East
CUST008048,Varun Kumar,Male,37,Bengaluru,Karnataka,South
CUST008049,Nandini Sinha,Female,40,Noida,Uttar Pradesh,North
CUST008050,Karan Singh,Male,20,Jaipur,Rajasthan,North
CUST008051,Nikhil Mehta,Male,32,Bengaluru,Karnataka,South
CUST008052,Nandini Rao,Female,26,Delhi,Delhi,North
CUST008053,Ananya Mehta,Female,31,Ahmedabad,Gujarat,West
CUST008054,Tanvi Shah,Female,38,Mumbai,Maharashtra,West
CUST008055,Ritika Patel,Female,41,Bhubaneswar,Odisha,East
CUST008056,Rohan Reddy,Male,35,Bengaluru,Karnataka,South
CUST008057,Rahul Malhotra,Male,18,Delhi,Delhi,North
CUST008058,Payal Saxena,Female,35,Delhi,Delhi,North
CUST008059,Ritesh Deshmukh,Male,36,Ahmedabad,Gujarat,West
CUST008060,Apoorva Shah,Female,25,Mumbai,Maharashtra,West
CUST008061,Ananya Srivastava,Female,36,Noida,Uttar Pradesh,North
CUST008062,Gaurav Chopra,Male,30,Delhi,Delhi,North
CUST008063,Kavya Sharma,Female,22,Bengaluru,Karnataka,South
CUST008064,Rahul Thakur,Male,22,Mumbai,Maharashtra,West
CUST008065,Divya Saxena,Female,34,Surat,Gujarat,West
CUST008066,Sanya Gupta,Female,24,Mumbai,Maharashtra,West
CUST008067,Sameer Chatterjee,Male,18,Pune,Maharashtra,West
CUST008068,Piyush Khanna,Male,29,Delhi,Delhi,North
CUST008069,Ayush Menon,Male,21,Dehradun,Uttarakhand,North
CUST008070,Palak Kapoor,Female,19,Jaipur,Rajasthan,North
CUST008071,Shubham Srivastava,Male,34,Bhopal,Madhya Pradesh,Central
CUST008072,Arjun Jain,Male,26,Ahmedabad,Gujarat,West
CUST008073,Sneha Joshi,Female,33,Surat,Gujarat,West
CUST008074,Dhruv Kumar,Male,23,Mumbai,Maharashtra,West
CUST008075,Rajat Thakur,Male,22,Chennai,Tamil Nadu,South
CUST008076,Muskan Naidu,Female,32,Mumbai,Maharashtra,West
CUST008077,Ayush Srivastava,Male,21,Surat,Gujarat,West
CUST008078,Rahul Singh,Male,28,Chennai,Tamil Nadu,South
CUST008079,Nisha Kumar,Female,27,Mumbai,Maharashtra,West
CUST008080,Aditya Banerjee,Male,26,Pune,Maharashtra,West
CUST008081,Komal Deshmukh,Female,30,Chandigarh,Chandigarh,North
CUST008082,Ritika Sethi,Female,30,Indore,Madhya Pradesh,Central
CUST008083,Apoorva Menon,Female,35,Pune,Maharashtra,West
CUST008084,Sneha Chatterjee,Female,35,Bhopal,Madhya Pradesh,Central
CUST008085,Karan Srivastava,Male,31,Surat,Gujarat,West
CUST008086,Nikhil Gupta,Male,23,Nagpur,Maharashtra,West
CUST008087,Khushi Deshmukh,Female,34,Chandigarh,Chandigarh,North
CUST008088,Ritika Das,Female,26,Guwahati,Assam,East
CUST008089,Shreya Iyer,Female,24,Pune,Maharashtra,West
CUST008090,Manya Shah,Female,25,Hyderabad,Telangana,South
CUST008091,Gaurav Menon,Male,36,Ahmedabad,Gujarat,West
CUST008092,Ankit Menon,Male,29,Jaipur,Rajasthan,North
CUST008093,Rajat Das,Male,24,Kolkata,West Bengal,East
CUST008094,Khushi Sinha,Female,27,Lucknow,Uttar Pradesh,North
CUST008095,Aditi Roy,Female,33,Guwahati,Assam,East
CUST008096,Avni Chauhan,Female,25,Coimbatore,Tamil Nadu,South
CUST008097,Muskan Naidu,Female,39,Lucknow,Uttar Pradesh,North
CUST008098,Aanya Mehta,Female,25,Mumbai,Maharashtra,West
CUST008099,Sanya Pillai,Female,32,Ahmedabad,Gujarat,West
CUST008100,Ananya Patel,Female,18,Pune,Maharashtra,West
CUST008101,Ritika Jain,Female,27,Kochi,Kerala,South
CUST008102,Rahul Joshi,Male,25,Delhi,Delhi,North
CUST008103,Varun Thakur,Male,23,Patna,Bihar,East
CUST008104,Isha Gupta,Female,30,Bengaluru,Karnataka,South
CUST008105,Pranav Sharma,Male,18,Ahmedabad,Gujarat,West
CUST008106,Rahul Tiwari,Male,28,Pune,Maharashtra,West
CUST008107,Saurabh Nair,Male,35,Delhi,Delhi,North
CUST008108,Shubham Deshmukh,Male,47,Kochi,Kerala,South
CUST008109,Ritesh Nair,Male,44,Delhi,Delhi,North
CUST008110,Manish Shah,Male,28,Mumbai,Maharashtra,West
CUST008111,Amit Kumar,Male,27,Mumbai,Maharashtra,West
CUST008112,Ritesh Khanna,Male,27,Pune,Maharashtra,West
CUST008113,Rahul Iyer,Male,34,Surat,Gujarat,West
CUST008114,Yash Gupta,Male,40,Lucknow,Uttar Pradesh,North
CUST008115,Vivek Tripathi,Male,40,Ahmedabad,Gujarat,West
CUST008116,Avni Arora,Female,34,Ahmedabad,Gujarat,West
CUST008117,Arjun Roy,Male,27,Hyderabad,Telangana,South
CUST008118,Abhishek Rao,Male,18,Nagpur,Maharashtra,West
CUST008119,Ishita Sinha,Female,50,Indore,Madhya Pradesh,Central
CUST008120,Aarav Shah,Male,25,Lucknow,Uttar Pradesh,North
CUST008121,Saurabh Tripathi,Male,33,Mumbai,Maharashtra,West
CUST008122,Sanya Banerjee,Female,31,Hyderabad,Telangana,South
CUST008123,Shubham Naidu,Male,24,Mumbai,Maharashtra,West
CUST008124,Tushar Iyer,Male,28,Bhopal,Madhya Pradesh,Central
CUST008125,Nandini Das,Female,36,Surat,Gujarat,West
CUST008126,Mohit Sharma,Male,29,Pune,Maharashtra,West
CUST008127,Manish Jain,Male,28,Indore,Madhya Pradesh,Central
CUST008128,Ayush Verma,Male,18,Chandigarh,Chandigarh,North
CUST008129,Piyush Chatterjee,Male,23,Delhi,Delhi,North
CUST008130,Manish Khanna,Male,38,Delhi,Delhi,North
CUST008131,Vivek Nair,Male,25,Noida,Uttar Pradesh,North
CUST008132,Meera Arora,Female,18,Jaipur,Rajasthan,North
CUST008133,Tushar Mishra,Male,37,Noida,Uttar Pradesh,North
CUST008134,Apoorva Srivastava,Female,29,Kochi,Kerala,South
CUST008135,Dev Arora,Male,26,Coimbatore,Tamil Nadu,South
CUST008136,Khushi Joshi,Female,32,Guwahati,Assam,East
CUST008137,Aditya Thakur,Male,19,Kochi,Kerala,South
CUST008138,Meera Banerjee,Female,34,Noida,Uttar Pradesh,North
CUST008139,Tanvi Tripathi,Female,37,Noida,Uttar Pradesh,North
CUST008140,Dev Pillai,Male,25,Lucknow,Uttar Pradesh,North
CUST008141,Meera Pillai,Female,18,Pune,Maharashtra,West
CUST008142,Vivek Agarwal,Male,29,Raipur,Chhattisgarh,Central
CUST008143,Vikram Nair,Male,25,Mumbai,Maharashtra,West
CUST008144,Nikhil Kapoor,Male,22,Hyderabad,Telangana,South
CUST008145,Shreya Srivastava,Female,25,Ranchi,Jharkhand,East
CUST008146,Khushi Bansal,Female,23,Nagpur,Maharashtra,West
CUST008147,Yash Menon,Male,33,Mumbai,Maharashtra,West
CUST008148,Vivek Deshmukh,Male,33,Bengaluru,Karnataka,South
CUST008149,Rajat Verma,Male,30,Delhi,Delhi,North
CUST008150,Pranav Tripathi,Male,35,Kolkata,West Bengal,East
CUST008151,Diya Das,Female,23,Bhubaneswar,Odisha,East
CUST008152,Meera Chopra,Female,34,Jaipur,Rajasthan,North
CUST008153,Rohan Bansal,Male,21,Bhubaneswar,Odisha,East
CUST008154,Ananya Iyer,Female,42,Delhi,Delhi,North
CUST008155,Kunal Bansal,Male,21,Bhopal,Madhya Pradesh,Central
CUST008156,Karan Singh,Male,25,Hyderabad,Telangana,South
CUST008157,Swati Chauhan,Female,27,Kolkata,West Bengal,East
CUST008158,Manish Joshi,Male,45,Jaipur,Rajasthan,North
CUST008159,Shubham Gupta,Male,29,Kolkata,West Bengal,East
CUST008160,Dhruv Das,Male,32,Noida,Uttar Pradesh,North
CUST008161,Piyush Sethi,Male,24,Bengaluru,Karnataka,South
CUST008162,Rahul Iyer,Male,26,Noida,Uttar Pradesh,North
CUST008163,Nisha Roy,Female,33,Delhi,Delhi,North
CUST008164,Pooja Mishra,Female,46,Noida,Uttar Pradesh,North
CUST008165,Yash Sharma,Male,28,Chennai,Tamil Nadu,South
CUST008166,Nikhil Kumar,Male,37,Noida,Uttar Pradesh,North
CUST008167,Aditi Bansal,Female,40,Noida,Uttar Pradesh,North
CUST008168,Harsh Verma,Male,28,Pune,Maharashtra,West
CUST008169,Sanya Reddy,Female,21,Delhi,Delhi,North
CUST008170,Rishi Khanna,Male,39,Hyderabad,Telangana,South
CUST008171,Apoorva Mehta,Female,18,Hyderabad,Telangana,South
CUST008172,Payal Verma,Female,26,Chennai,Tamil Nadu,South
CUST008173,Radhika Bansal,Female,30,Hyderabad,Telangana,South
CUST008174,Sanya Menon,Female,21,Pune,Maharashtra,West
CUST008175,Komal Malhotra,Female,28,Bhopal,Madhya Pradesh,Central
CUST008176,Palak Khanna,Female,32,Bengaluru,Karnataka,South
CUST008177,Ankit Arora,Male,22,Patna,Bihar,East
CUST008178,Sameer Chopra,Male,26,Hyderabad,Telangana,South
CUST008179,Komal Tiwari,Female,36,Lucknow,Uttar Pradesh,North
CUST008180,Siddharth Iyer,Male,29,Jaipur,Rajasthan,North
CUST008181,Swati Deshmukh,Female,36,Jaipur,Rajasthan,North
CUST008182,Rohan Rao,Male,21,Mumbai,Maharashtra,West
CUST008183,Pranav Banerjee,Male,25,Hyderabad,Telangana,South
CUST008184,Mohit Kulkarni,Male,30,Noida,Uttar Pradesh,North
CUST008185,Ananya Tripathi,Female,41,Coimbatore,Tamil Nadu,South
CUST008186,Akash Bansal,Male,33,Patna,Bihar,East
CUST008187,Karan Pandey,Male,26,Bengaluru,Karnataka,South
CUST008188,Vivek Kumar,Male,18,Indore,Madhya Pradesh,Central
CUST008189,Isha Pillai,Female,25,Bengaluru,Karnataka,South
CUST008190,Neha Malhotra,Female,39,Nagpur,Maharashtra,West
CUST008191,Payal Agarwal,Female,20,Hyderabad,Telangana,South
CUST008192,Rohan Rao,Male,34,Chennai,Tamil Nadu,South
CUST008193,Aarav Patel,Male,39,Delhi,Delhi,North
CUST008194,Amit Banerjee,Male,38,Hyderabad,Telangana,South
CUST008195,Vivek Chatterjee,Male,27,Pune,Maharashtra,West
CUST008196,Manya Tiwari,Female,26,Chandigarh,Chandigarh,North
CUST008197,Rajat Das,Male,40,Bengaluru,Karnataka,South
CUST008198,Kavya Verma,Female,21,Kolkata,West Bengal,East
CUST008199,Manish Agarwal,Male,22,Ahmedabad,Gujarat,West
CUST008200,Vikram Chopra,Male,30,Mumbai,Maharashtra,West
CUST008201,Swati Rao,Female,32,Mumbai,Maharashtra,West
CUST008202,Rahul Agarwal,Male,33,Indore,Madhya Pradesh,Central
CUST008203,Diya Bhatia,Female,27,Bengaluru,Karnataka,South
CUST008204,Aarav Khanna,Male,48,Ahmedabad,Gujarat,West
CUST008205,Abhishek Khanna,Male,36,Bhubaneswar,Odisha,East
CUST008206,Akash Thakur,Male,43,Hyderabad,Telangana,South
CUST008207,Khushi Sinha,Female,26,Lucknow,Uttar Pradesh,North
CUST008208,Simran Sharma,Female,19,Kochi,Kerala,South
CUST008209,Apoorva Deshmukh,Female,39,Chennai,Tamil Nadu,South
CUST008210,Simran Mishra,Female,18,Jaipur,Rajasthan,North
CUST008211,Abhishek Pillai,Male,30,Coimbatore,Tamil Nadu,South
CUST008212,Sameer Jain,Male,23,Surat,Gujarat,West
CUST008213,Shreya Goyal,Female,28,Guwahati,Assam,East
CUST008214,Manish Verma,Male,32,Kolkata,West Bengal,East
CUST008215,Aditya Chatterjee,Male,33,Jaipur,Rajasthan,North
CUST008216,Pooja Iyer,Female,23,Hyderabad,Telangana,South
CUST008217,Saurabh Pandey,Male,33,Bhubaneswar,Odisha,East
CUST008218,Akash Roy,Male,26,Nagpur,Maharashtra,West
CUST008219,Tanvi Menon,Female,23,Lucknow,Uttar Pradesh,North
CUST008220,Harsh Srivastava,Male,25,Chennai,Tamil Nadu,South
CUST008221,Sneha Kumar,Female,24,Mumbai,Maharashtra,West
CUST008222,Kabir Srivastava,Male,34,Bengaluru,Karnataka,South
CUST008223,Diya Roy,Female,40,Surat,Gujarat,West
CUST008224,Mohit Singh,Male,29,Mumbai,Maharashtra,West
CUST008225,Nikhil Khanna,Male,44,Chennai,Tamil Nadu,South
CUST008226,Ritika Naidu,Female,29,Bengaluru,Karnataka,South
CUST008227,Kunal Sethi,Male,25,Lucknow,Uttar Pradesh,North
CUST008228,Varun Reddy,Male,31,Guwahati,Assam,East
CUST008229,Anushka Sinha,Female,18,Bhopal,Madhya Pradesh,Central
CUST008230,Ishita Srivastava,Female,34,Surat,Gujarat,West
CUST008231,Meera Pandey,Female,18,Mumbai,Maharashtra,West
CUST008232,Pranav Banerjee,Male,42,Chandigarh,Chandigarh,North
CUST008233,Komal Malhotra,Female,43,Lucknow,Uttar Pradesh,North
CUST008234,Gaurav Kapoor,Male,37,Indore,Madhya Pradesh,Central
CUST008235,Ananya Sharma,Female,26,Mumbai,Maharashtra,West
CUST008236,Aditi Chopra,Female,44,Jaipur,Rajasthan,North
CUST008237,Yash Pandey,Male,30,Mumbai,Maharashtra,West
CUST008238,Shreya Gupta,Female,40,Chennai,Tamil Nadu,South
CUST008239,Ankit Das,Male,27,Coimbatore,Tamil Nadu,South
CUST008240,Mohit Das,Male,19,Lucknow,Uttar Pradesh,North
CUST008241,Mohit Gupta,Male,36,Chennai,Tamil Nadu,South
CUST008242,Rajat Rao,Male,36,Pune,Maharashtra,West
CUST008243,Rahul Shah,Male,18,Delhi,Delhi,North
CUST008244,Aditi Kulkarni,Female,32,Jaipur,Rajasthan,North
CUST008245,Radhika Sinha,Female,34,Dehradun,Uttarakhand,North
CUST008246,Ayush Sethi,Male,37,Jaipur,Rajasthan,North
CUST008247,Diya Chauhan,Female,26,Ahmedabad,Gujarat,West
CUST008248,Yash Pandey,Male,37,Bengaluru,Karnataka,South
CUST008249,Payal Chatterjee,Female,31,Jaipur,Rajasthan,North
CUST008250,Priya Saxena,Female,31,Surat,Gujarat,West
CUST008251,Isha Shah,Female,41,Kochi,Kerala,South
CUST008252,Aditi Srivastava,Female,50,Nagpur,Maharashtra,West
CUST008253,Sanya Kumar,Female,32,Chennai,Tamil Nadu,South
CUST008254,Meera Rao,Female,42,Bengaluru,Karnataka,South
CUST008255,Isha Verma,Female,31,Indore,Madhya Pradesh,Central
CUST008256,Payal Bhatia,Female,18,Hyderabad,Telangana,South
CUST008257,Aanya Yadav,Female,26,Mumbai,Maharashtra,West
CUST008258,Abhishek Mishra,Male,26,Delhi,Delhi,North
CUST008259,Ritesh Sharma,Male,39,Chennai,Tamil Nadu,South
CUST008260,Kabir Yadav,Male,18,Jaipur,Rajasthan,North
CUST008261,Shubham Verma,Male,30,Mumbai,Maharashtra,West
CUST008262,Akash Shah,Male,24,Bhopal,Madhya Pradesh,Central
CUST008263,Pranav Singh,Male,29,Guwahati,Assam,East
CUST008264,Amit Mishra,Male,22,Indore,Madhya Pradesh,Central
CUST008265,Vikram Bansal,Male,24,Patna,Bihar,East
CUST008266,Yash Bansal,Male,25,Indore,Madhya Pradesh,Central
CUST008267,Payal Mehta,Female,35,Mumbai,Maharashtra,West
CUST008268,Pooja Roy,Female,28,Raipur,Chhattisgarh,Central
CUST008269,Kunal Verma,Male,23,Pune,Maharashtra,West
CUST008270,Komal Saxena,Female,39,Pune,Maharashtra,West
CUST008271,Aanya Jain,Female,24,Mumbai,Maharashtra,West
CUST008272,Amit Tiwari,Male,30,Coimbatore,Tamil Nadu,South
CUST008273,Yash Patel,Male,33,Coimbatore,Tamil Nadu,South
CUST008274,Sameer Iyer,Male,19,Ahmedabad,Gujarat,West
CUST008275,Ishita Chopra,Female,29,Ranchi,Jharkhand,East
CUST008276,Karan Malhotra,Male,30,Lucknow,Uttar Pradesh,North
CUST008277,Ankit Tiwari,Male,18,Jaipur,Rajasthan,North
CUST008278,Ishita Thakur,Female,18,Coimbatore,Tamil Nadu,South
CUST008279,Swati Agarwal,Female,24,Surat,Gujarat,West
CUST008280,Aanya Mishra,Female,38,Hyderabad,Telangana,South
CUST008281,Dev Joshi,Male,30,Noida,Uttar Pradesh,North
CUST008282,Pooja Bhatia,Female,21,Chennai,Tamil Nadu,South
CUST008283,Priya Naidu,Female,18,Kolkata,West Bengal,East
CUST008284,Shruti Naidu,Female,31,Pune,Maharashtra,West
CUST008285,Rohan Tripathi,Male,42,Kolkata,West Bengal,East
CUST008286,Sameer Das,Male,22,Delhi,Delhi,North
CUST008287,Khushi Saxena,Female,24,Hyderabad,Telangana,South
CUST008288,Nikhil Tiwari,Male,27,Bengaluru,Karnataka,South
CUST008289,Amit Saxena,Male,27,Bengaluru,Karnataka,South
CUST008290,Aditi Nair,Female,38,Pune,Maharashtra,West
CUST008291,Gaurav Roy,Male,37,Hyderabad,Telangana,South
CUST008292,Rohan Khanna,Male,34,Jaipur,Rajasthan,North
CUST008293,Riya Joshi,Female,20,Mumbai,Maharashtra,West
CUST008294,Divya Mishra,Female,27,Ahmedabad,Gujarat,West
CUST008295,Manish Goyal,Male,26,Pune,Maharashtra,West
CUST008296,Sakshi Roy,Female,18,Hyderabad,Telangana,South
CUST008297,Nisha Roy,Female,34,Hyderabad,Telangana,South
CUST008298,Meera Banerjee,Female,27,Noida,Uttar Pradesh,North
CUST008299,Manish Nair,Male,18,Coimbatore,Tamil Nadu,South
CUST008300,Piyush Pandey,Male,18,Delhi,Delhi,North
CUST008301,Ayush Malhotra,Male,34,Kolkata,West Bengal,East
CUST008302,Ayush Mishra,Male,34,Raipur,Chhattisgarh,Central
CUST008303,Manish Jain,Male,19,Bhubaneswar,Odisha,East
CUST008304,Shreya Nair,Female,27,Noida,Uttar Pradesh,North
CUST008305,Abhishek Rao,Male,43,Nagpur,Maharashtra,West
CUST008306,Tushar Shah,Male,39,Mumbai,Maharashtra,West
CUST008307,Sanya Chauhan,Female,33,Kolkata,West Bengal,East
CUST008308,Nikhil Thakur,Male,32,Mumbai,Maharashtra,West
CUST008309,Pranav Roy,Male,43,Bengaluru,Karnataka,South
CUST008310,Shreya Pillai,Female,41,Raipur,Chhattisgarh,Central
CUST008311,Pranav Chatterjee,Male,27,Delhi,Delhi,North
CUST008312,Karan Mishra,Male,28,Chandigarh,Chandigarh,North
CUST008313,Tushar Khanna,Male,19,Indore,Madhya Pradesh,Central
CUST008314,Khushi Goyal,Female,24,Ahmedabad,Gujarat,West
CUST008315,Yash Shah,Male,36,Kolkata,West Bengal,East
CUST008316,Abhishek Pillai,Male,32,Indore,Madhya Pradesh,Central
CUST008317,Meera Das,Female,37,Hyderabad,Telangana,South
CUST008318,Ananya Goyal,Female,38,Nagpur,Maharashtra,West
CUST008319,Ritesh Mishra,Male,25,Delhi,Delhi,North
CUST008320,Apoorva Sinha,Female,30,Hyderabad,Telangana,South
CUST008321,Saurabh Singh,Male,27,Lucknow,Uttar Pradesh,North
CUST008322,Shreya Verma,Female,24,Jaipur,Rajasthan,North
CUST008323,Pranav Menon,Male,19,Lucknow,Uttar Pradesh,North
CUST008324,Sanya Bhatia,Female,43,Jaipur,Rajasthan,North
CUST008325,Palak Patel,Female,34,Kolkata,West Bengal,East
CUST008326,Nikhil Mishra,Male,19,Dehradun,Uttarakhand,North
CUST008327,Dhruv Rao,Male,24,Delhi,Delhi,North
CUST008328,Siddharth Bhatia,Male,29,Bhubaneswar,Odisha,East
CUST008329,Shubham Chopra,Male,32,Noida,Uttar Pradesh,North
CUST008330,Kabir Roy,Male,18,Pune,Maharashtra,West
CUST008331,Khushi Rao,Female,38,Bengaluru,Karnataka,South
CUST008332,Rahul Mishra,Male,38,Surat,Gujarat,West
CUST008333,Siddharth Naidu,Male,21,Dehradun,Uttarakhand,North
CUST008334,Kavya Singh,Female,21,Lucknow,Uttar Pradesh,North
CUST008335,Aditi Agarwal,Female,19,Delhi,Delhi,North
CUST008336,Muskan Singh,Female,40,Pune,Maharashtra,West
CUST008337,Ankit Tiwari,Male,25,Pune,Maharashtra,West
CUST008338,Manya Reddy,Female,31,Chandigarh,Chandigarh,North
CUST008339,Kavya Shah,Female,31,Guwahati,Assam,East
CUST008340,Rahul Yadav,Male,19,Bengaluru,Karnataka,South
CUST008341,Amit Malhotra,Male,18,Bengaluru,Karnataka,South
CUST008342,Karan Tripathi,Male,30,Lucknow,Uttar Pradesh,North
CUST008343,Saurabh Joshi,Male,33,Patna,Bihar,East
CUST008344,Sameer Bhatia,Male,34,Kochi,Kerala,South
CUST008345,Kunal Mishra,Male,32,Ahmedabad,Gujarat,West
CUST008346,Rohan Kapoor,Male,36,Kolkata,West Bengal,East
CUST008347,Yash Kapoor,Male,23,Ahmedabad,Gujarat,West
CUST008348,Kunal Kapoor,Male,27,Hyderabad,Telangana,South
CUST008349,Manish Iyer,Male,18,Noida,Uttar Pradesh,North
CUST008350,Sameer Chauhan,Male,26,Bengaluru,Karnataka,South
CUST008351,Anushka Mehta,Female,21,Surat,Gujarat,West
CUST008352,Piyush Verma,Male,42,Hyderabad,Telangana,South
CUST008353,Karan Goyal,Male,25,Lucknow,Uttar Pradesh,North
CUST008354,Sameer Thakur,Male,35,Hyderabad,Telangana,South
CUST008355,Ritesh Nair,Male,19,Patna,Bihar,East
CUST008356,Karan Tiwari,Male,31,Ahmedabad,Gujarat,West
CUST008357,Rishi Deshmukh,Male,18,Mumbai,Maharashtra,West
CUST008358,Sanya Malhotra,Female,18,Mumbai,Maharashtra,West
CUST008359,Kabir Patel,Male,44,Chandigarh,Chandigarh,North
CUST008360,Nikhil Jain,Male,27,Raipur,Chhattisgarh,Central
CUST008361,Kavya Bansal,Female,29,Coimbatore,Tamil Nadu,South
CUST008362,Aditya Sethi,Male,38,Noida,Uttar Pradesh,North
CUST008363,Palak Srivastava,Female,18,Kolkata,West Bengal,East
CUST008364,Kabir Mishra,Male,35,Hyderabad,Telangana,South
CUST008365,Dev Roy,Male,29,Ranchi,Jharkhand,East
CUST008366,Avni Nair,Female,20,Delhi,Delhi,North
CUST008367,Ananya Chatterjee,Female,18,Ahmedabad,Gujarat,West
CUST008368,Ankit Chopra,Male,22,Bengaluru,Karnataka,South
CUST008369,Diya Yadav,Female,41,Kolkata,West Bengal,East
CUST008370,Tushar Sharma,Male,18,Bhopal,Madhya Pradesh,Central
CUST008371,Divya Nair,Female,24,Mumbai,Maharashtra,West
CUST008372,Manish Jain,Male,40,Lucknow,Uttar Pradesh,North
CUST008373,Anushka Jain,Female,39,Nagpur,Maharashtra,West
CUST008374,Karan Iyer,Male,33,Bhopal,Madhya Pradesh,Central
CUST008375,Muskan Bhatia,Female,26,Hyderabad,Telangana,South
CUST008376,Ishita Verma,Female,40,Indore,Madhya Pradesh,Central
CUST008377,Shreya Arora,Female,18,Delhi,Delhi,North
CUST008378,Mohit Chopra,Male,26,Jaipur,Rajasthan,North
CUST008379,Tanvi Mishra,Female,26,Raipur,Chhattisgarh,Central
CUST008380,Manish Rao,Male,20,Surat,Gujarat,West
CUST008381,Muskan Sharma,Female,20,Chandigarh,Chandigarh,North
CUST008382,Shubham Kulkarni,Male,18,Mumbai,Maharashtra,West
CUST008383,Apoorva Verma,Female,21,Delhi,Delhi,North
CUST008384,Shruti Pandey,Female,32,Nagpur,Maharashtra,West
CUST008385,Karan Tiwari,Male,21,Bengaluru,Karnataka,South
CUST008386,Sanya Tiwari,Female,23,Nagpur,Maharashtra,West
CUST008387,Komal Deshmukh,Female,34,Kolkata,West Bengal,East
CUST008388,Palak Bansal,Female,41,Kochi,Kerala,South
CUST008389,Meera Saxena,Female,18,Coimbatore,Tamil Nadu,South
CUST008390,Vivek Reddy,Male,28,Lucknow,Uttar Pradesh,North
CUST008391,Tanvi Kapoor,Female,18,Hyderabad,Telangana,South
CUST008392,Manya Das,Female,32,Lucknow,Uttar Pradesh,North
CUST008393,Arjun Bhatia,Male,33,Coimbatore,Tamil Nadu,South
CUST008394,Rohan Arora,Male,34,Kochi,Kerala,South
CUST008395,Sameer Sinha,Male,35,Noida,Uttar Pradesh,North
CUST008396,Aditi Kapoor,Female,40,Bengaluru,Karnataka,South
CUST008397,Nisha Joshi,Female,31,Pune,Maharashtra,West
CUST008398,Ankit Nair,Male,27,Bhopal,Madhya Pradesh,Central
CUST008399,Arjun Joshi,Male,37,Guwahati,Assam,East
CUST008400,Siddharth Bansal,Male,31,Surat,Gujarat,West
CUST008401,Meera Nair,Female,29,Lucknow,Uttar Pradesh,North
CUST008402,Ayush Sinha,Male,30,Bengaluru,Karnataka,South
CUST008403,Ritesh Chatterjee,Male,44,Pune,Maharashtra,West
CUST008404,Pranav Mishra,Male,41,Indore,Madhya Pradesh,Central
CUST008405,Karan Sinha,Male,31,Mumbai,Maharashtra,West
CUST008406,Kavya Mehta,Female,22,Guwahati,Assam,East
CUST008407,Ankit Reddy,Male,28,Jaipur,Rajasthan,North
CUST008408,Pranav Nair,Male,22,Mumbai,Maharashtra,West
CUST008409,Mohit Arora,Male,21,Noida,Uttar Pradesh,North
CUST008410,Kunal Thakur,Male,34,Chandigarh,Chandigarh,North
CUST008411,Ayush Yadav,Male,40,Chennai,Tamil Nadu,South
CUST008412,Harsh Pandey,Male,29,Chennai,Tamil Nadu,South
CUST008413,Abhishek Verma,Male,22,Coimbatore,Tamil Nadu,South
CUST008414,Harsh Bansal,Male,36,Pune,Maharashtra,West
CUST008415,Khushi Khanna,Female,19,Kochi,Kerala,South
CUST008416,Gaurav Mishra,Male,35,Chennai,Tamil Nadu,South
CUST008417,Manya Chauhan,Female,18,Chennai,Tamil Nadu,South
CUST008418,Saurabh Verma,Male,30,Lucknow,Uttar Pradesh,North
CUST008419,Ananya Sethi,Female,38,Kolkata,West Bengal,East
CUST008420,Khushi Chatterjee,Female,37,Delhi,Delhi,North
CUST008421,Dhruv Jain,Male,22,Jaipur,Rajasthan,North
CUST008422,Kunal Tiwari,Male,34,Bengaluru,Karnataka,South
CUST008423,Komal Yadav,Female,18,Raipur,Chhattisgarh,Central
CUST008424,Aditya Chopra,Male,38,Bhopal,Madhya Pradesh,Central
CUST008425,Dev Pandey,Male,45,Mumbai,Maharashtra,West
CUST008426,Rishi Menon,Male,21,Patna,Bihar,East
CUST008427,Komal Iyer,Female,34,Dehradun,Uttarakhand,North
CUST008428,Sanya Kapoor,Female,24,Nagpur,Maharashtra,West
CUST008429,Yash Mishra,Male,35,Ranchi,Jharkhand,East
CUST008430,Palak Gupta,Female,31,Noida,Uttar Pradesh,North
CUST008431,Aarav Saxena,Male,18,Hyderabad,Telangana,South
CUST008432,Piyush Chopra,Male,18,Nagpur,Maharashtra,West
CUST008433,Dev Bhatia,Male,32,Delhi,Delhi,North
CUST008434,Manya Kapoor,Female,37,Ranchi,Jharkhand,East
CUST008435,Kabir Rao,Male,18,Jaipur,Rajasthan,North
CUST008436,Priya Tiwari,Female,33,Jaipur,Rajasthan,North
CUST008437,Piyush Goyal,Male,18,Bengaluru,Karnataka,South
CUST008438,Manish Tiwari,Male,18,Bengaluru,Karnataka,South
CUST008439,Neha Chopra,Female,28,Ranchi,Jharkhand,East
CUST008440,Manya Arora,Female,38,Dehradun,Uttarakhand,North
CUST008441,Vivek Chauhan,Male,30,Ahmedabad,Gujarat,West
CUST008442,Abhishek Mishra,Male,18,Mumbai,Maharashtra,West
CUST008443,Rohan Tripathi,Male,39,Hyderabad,Telangana,South
CUST008444,Pranav Kumar,Male,32,Dehradun,Uttarakhand,North
CUST008445,Komal Kulkarni,Female,33,Ahmedabad,Gujarat,West
CUST008446,Pooja Iyer,Female,30,Bengaluru,Karnataka,South
CUST008447,Meera Reddy,Female,22,Mumbai,Maharashtra,West
CUST008448,Amit Sinha,Male,23,Guwahati,Assam,East
CUST008449,Divya Yadav,Female,18,Nagpur,Maharashtra,West
CUST008450,Piyush Agarwal,Male,36,Guwahati,Assam,East
CUST008451,Rohan Saxena,Male,18,Mumbai,Maharashtra,West
CUST008452,Dev Banerjee,Male,44,Bengaluru,Karnataka,South
CUST008453,Sameer Yadav,Male,30,Bengaluru,Karnataka,South
CUST008454,Simran Chauhan,Female,28,Nagpur,Maharashtra,West
CUST008455,Ayush Malhotra,Male,28,Lucknow,Uttar Pradesh,North
CUST008456,Karan Mehta,Male,21,Bengaluru,Karnataka,South
CUST008457,Arjun Mishra,Male,41,Pune,Maharashtra,West
CUST008458,Khushi Mishra,Female,26,Delhi,Delhi,North
CUST008459,Meera Chatterjee,Female,27,Dehradun,Uttarakhand,North
CUST008460,Shruti Agarwal,Female,22,Kolkata,West Bengal,East
CUST008461,Rohan Banerjee,Male,35,Mumbai,Maharashtra,West
CUST008462,Tushar Jain,Male,32,Indore,Madhya Pradesh,Central
CUST008463,Isha Pandey,Female,28,Kochi,Kerala,South
CUST008464,Vivek Tiwari,Male,20,Patna,Bihar,East
CUST008465,Aditya Joshi,Male,18,Delhi,Delhi,North
CUST008466,Amit Verma,Male,38,Jaipur,Rajasthan,North
CUST008467,Isha Bhatia,Female,31,Mumbai,Maharashtra,West
CUST008468,Riya Mehta,Female,37,Kolkata,West Bengal,East
CUST008469,Sanya Srivastava,Female,36,Mumbai,Maharashtra,West
CUST008470,Radhika Pillai,Female,29,Surat,Gujarat,West
CUST008471,Payal Kumar,Female,27,Bengaluru,Karnataka,South
CUST008472,Tushar Kapoor,Male,21,Kolkata,West Bengal,East
CUST008473,Palak Goyal,Female,19,Pune,Maharashtra,West
CUST008474,Payal Rao,Female,22,Delhi,Delhi,North
CUST008475,Ayush Mishra,Male,31,Delhi,Delhi,North
CUST008476,Avni Pandey,Female,41,Bengaluru,Karnataka,South
CUST008477,Nikhil Khanna,Male,29,Bengaluru,Karnataka,South
CUST008478,Ritesh Srivastava,Male,27,Ranchi,Jharkhand,East
CUST008479,Vivek Naidu,Male,28,Raipur,Chhattisgarh,Central
CUST008480,Ankit Gupta,Male,18,Chennai,Tamil Nadu,South
CUST008481,Khushi Menon,Female,18,Chennai,Tamil Nadu,South
CUST008482,Muskan Rao,Female,31,Patna,Bihar,East
CUST008483,Mohit Das,Male,33,Lucknow,Uttar Pradesh,North
CUST008484,Ankit Kulkarni,Male,30,Bhopal,Madhya Pradesh,Central
CUST008485,Dhruv Chatterjee,Male,27,Hyderabad,Telangana,South
CUST008486,Payal Jain,Female,37,Lucknow,Uttar Pradesh,North
CUST008487,Dhruv Sinha,Male,40,Delhi,Delhi,North
CUST008488,Diya Rao,Female,30,Mumbai,Maharashtra,West
CUST008489,Anushka Arora,Female,34,Ahmedabad,Gujarat,West
CUST008490,Ayush Tripathi,Male,27,Mumbai,Maharashtra,West
CUST008491,Muskan Verma,Female,44,Mumbai,Maharashtra,West
CUST008492,Sakshi Mehta,Female,28,Kochi,Kerala,South
CUST008493,Meera Malhotra,Female,29,Delhi,Delhi,North
CUST008494,Divya Mehta,Female,28,Surat,Gujarat,West
CUST008495,Tushar Mishra,Male,32,Patna,Bihar,East
CUST008496,Rahul Sethi,Male,34,Hyderabad,Telangana,South
CUST008497,Aditi Jain,Female,27,Dehradun,Uttarakhand,North
CUST008498,Amit Kulkarni,Male,18,Ranchi,Jharkhand,East
CUST008499,Shruti Tripathi,Female,18,Bhopal,Madhya Pradesh,Central
CUST008500,Sanya Iyer,Female,45,Ahmedabad,Gujarat,West
CUST008501,Rishi Joshi,Male,28,Raipur,Chhattisgarh,Central
CUST008502,Pranav Chauhan,Male,26,Hyderabad,Telangana,South
CUST008503,Riya Yadav,Female,32,Pune,Maharashtra,West
CUST008504,Sneha Menon,Female,33,Chennai,Tamil Nadu,South
CUST008505,Ankit Shah,Male,28,Ahmedabad,Gujarat,West
CUST008506,Sameer Joshi,Male,30,Pune,Maharashtra,West
CUST008507,Radhika Bhatia,Female,18,Coimbatore,Tamil Nadu,South
CUST008508,Nandini Tiwari,Female,34,Noida,Uttar Pradesh,North
CUST008509,Avni Tiwari,Female,47,Hyderabad,Telangana,South
CUST008510,Ritesh Iyer,Male,40,Lucknow,Uttar Pradesh,North
CUST008511,Diya Yadav,Female,42,Ahmedabad,Gujarat,West
CUST008512,Aarav Srivastava,Male,39,Pune,Maharashtra,West
CUST008513,Apoorva Chopra,Female,44,Jaipur,Rajasthan,North
CUST008514,Shubham Thakur,Male,28,Delhi,Delhi,North
CUST008515,Vivek Sethi,Male,42,Patna,Bihar,East
CUST008516,Manya Goyal,Female,24,Pune,Maharashtra,West
CUST008517,Divya Chatterjee,Female,33,Ahmedabad,Gujarat,West
CUST008518,Radhika Menon,Female,21,Ahmedabad,Gujarat,West
CUST008519,Muskan Thakur,Female,30,Bengaluru,Karnataka,South
CUST008520,Divya Reddy,Female,18,Indore,Madhya Pradesh,Central
CUST008521,Shruti Sharma,Female,18,Delhi,Delhi,North
CUST008522,Simran Das,Female,29,Kolkata,West Bengal,East
CUST008523,Khushi Kapoor,Female,43,Ahmedabad,Gujarat,West
CUST008524,Karan Naidu,Male,40,Mumbai,Maharashtra,West
CUST008525,Komal Tripathi,Female,20,Jaipur,Rajasthan,North
CUST008526,Piyush Jain,Male,33,Delhi,Delhi,North
CUST008527,Akash Verma,Male,36,Bhubaneswar,Odisha,East
CUST008528,Sanya Kumar,Female,33,Hyderabad,Telangana,South
CUST008529,Ritika Nair,Female,40,Surat,Gujarat,West
CUST008530,Nandini Arora,Female,20,Ranchi,Jharkhand,East
CUST008531,Sneha Singh,Female,23,Kolkata,West Bengal,East
CUST008532,Aarav Naidu,Male,35,Jaipur,Rajasthan,North
CUST008533,Payal Das,Female,26,Delhi,Delhi,North
CUST008534,Rishi Gupta,Male,36,Dehradun,Uttarakhand,North
CUST008535,Harsh Gupta,Male,20,Bengaluru,Karnataka,South
CUST008536,Gaurav Malhotra,Male,31,Delhi,Delhi,North
CUST008537,Pooja Kumar,Female,36,Lucknow,Uttar Pradesh,North
CUST008538,Ritesh Srivastava,Male,34,Chennai,Tamil Nadu,South
CUST008539,Aditya Bhatia,Male,26,Chandigarh,Chandigarh,North
CUST008540,Radhika Shah,Female,29,Kolkata,West Bengal,East
CUST008541,Piyush Pandey,Male,18,Lucknow,Uttar Pradesh,North
CUST008542,Simran Das,Female,31,Delhi,Delhi,North
CUST008543,Sameer Thakur,Male,27,Indore,Madhya Pradesh,Central
CUST008544,Kunal Kumar,Male,20,Kolkata,West Bengal,East
CUST008545,Divya Khanna,Female,47,Surat,Gujarat,West
CUST008546,Swati Singh,Female,29,Delhi,Delhi,North
CUST008547,Swati Kapoor,Female,31,Surat,Gujarat,West
CUST008548,Priya Chopra,Female,37,Ahmedabad,Gujarat,West
CUST008549,Anushka Kumar,Female,36,Mumbai,Maharashtra,West
CUST008550,Ritesh Thakur,Male,25,Lucknow,Uttar Pradesh,North
CUST008551,Kavya Saxena,Female,18,Kolkata,West Bengal,East
CUST008552,Diya Bhatia,Female,29,Ranchi,Jharkhand,East
CUST008553,Rishi Saxena,Male,30,Delhi,Delhi,North
CUST008554,Vikram Bansal,Male,19,Chennai,Tamil Nadu,South
CUST008555,Sneha Das,Female,22,Mumbai,Maharashtra,West
CUST008556,Nandini Nair,Female,36,Bengaluru,Karnataka,South
CUST008557,Dhruv Mishra,Male,18,Dehradun,Uttarakhand,North
CUST008558,Harsh Rao,Male,25,Bengaluru,Karnataka,South
CUST008559,Shruti Shah,Female,18,Indore,Madhya Pradesh,Central
CUST008560,Ayush Thakur,Male,24,Kolkata,West Bengal,East
CUST008561,Nikhil Chopra,Male,32,Kolkata,West Bengal,East
CUST008562,Nisha Thakur,Female,28,Ahmedabad,Gujarat,West
CUST008563,Aditi Menon,Female,26,Indore,Madhya Pradesh,Central
CUST008564,Rahul Saxena,Male,22,Bengaluru,Karnataka,South
CUST008565,Kabir Agarwal,Male,43,Indore,Madhya Pradesh,Central
CUST008566,Manish Tiwari,Male,18,Nagpur,Maharashtra,West
CUST008567,Saurabh Pillai,Male,18,Pune,Maharashtra,West
CUST008568,Anushka Banerjee,Female,30,Hyderabad,Telangana,South
CUST008569,Varun Tiwari,Male,24,Bhubaneswar,Odisha,East
CUST008570,Neha Yadav,Female,27,Noida,Uttar Pradesh,North
CUST008571,Ananya Shah,Female,30,Kochi,Kerala,South
CUST008572,Ankit Singh,Male,23,Jaipur,Rajasthan,North
CUST008573,Ishita Thakur,Female,41,Surat,Gujarat,West
CUST008574,Avni Kulkarni,Female,36,Nagpur,Maharashtra,West
CUST008575,Shubham Sharma,Male,28,Hyderabad,Telangana,South
CUST008576,Tanvi Joshi,Female,18,Raipur,Chhattisgarh,Central
CUST008577,Vivek Chopra,Male,31,Ahmedabad,Gujarat,West
CUST008578,Siddharth Reddy,Male,28,Lucknow,Uttar Pradesh,North
CUST008579,Saurabh Saxena,Male,38,Bengaluru,Karnataka,South
CUST008580,Pooja Chatterjee,Female,34,Hyderabad,Telangana,South
CUST008581,Kabir Saxena,Male,25,Ahmedabad,Gujarat,West
CUST008582,Varun Pandey,Male,19,Chandigarh,Chandigarh,North
CUST008583,Varun Singh,Male,25,Patna,Bihar,East
CUST008584,Rahul Arora,Male,20,Nagpur,Maharashtra,West
CUST008585,Rohan Bhatia,Male,18,Chennai,Tamil Nadu,South
CUST008586,Aditi Saxena,Female,28,Kolkata,West Bengal,East
CUST008587,Neha Chatterjee,Female,34,Mumbai,Maharashtra,West
CUST008588,Nandini Mishra,Female,39,Lucknow,Uttar Pradesh,North
CUST008589,Diya Pillai,Female,28,Kolkata,West Bengal,East
CUST008590,Sanya Iyer,Female,36,Delhi,Delhi,North
CUST008591,Manya Chauhan,Female,28,Lucknow,Uttar Pradesh,North
CUST008592,Rohan Iyer,Male,21,Bhopal,Madhya Pradesh,Central
CUST008593,Tushar Tripathi,Male,21,Mumbai,Maharashtra,West
CUST008594,Saurabh Saxena,Male,30,Guwahati,Assam,East
CUST008595,Rajat Deshmukh,Male,30,Delhi,Delhi,North
CUST008596,Palak Goyal,Female,19,Dehradun,Uttarakhand,North
CUST008597,Mohit Pillai,Male,33,Lucknow,Uttar Pradesh,North
CUST008598,Sameer Goyal,Male,26,Nagpur,Maharashtra,West
CUST008599,Siddharth Verma,Male,27,Kochi,Kerala,South
CUST008600,Vivek Patel,Male,25,Chennai,Tamil Nadu,South
CUST008601,Gaurav Kumar,Male,43,Hyderabad,Telangana,South
CUST008602,Aanya Agarwal,Female,24,Delhi,Delhi,North
CUST008603,Meera Thakur,Female,44,Lucknow,Uttar Pradesh,North
CUST008604,Amit Srivastava,Male,24,Bhubaneswar,Odisha,East
CUST008605,Mohit Joshi,Male,26,Dehradun,Uttarakhand,North
CUST008606,Rahul Nair,Male,22,Ahmedabad,Gujarat,West
CUST008607,Tushar Nair,Male,20,Ahmedabad,Gujarat,West
CUST008608,Vikram Joshi,Male,18,Mumbai,Maharashtra,West
CUST008609,Nikhil Sethi,Male,29,Noida,Uttar Pradesh,North
CUST008610,Aditi Patel,Female,26,Lucknow,Uttar Pradesh,North
CUST008611,Riya Sinha,Female,34,Pune,Maharashtra,West
CUST008612,Varun Kulkarni,Male,27,Coimbatore,Tamil Nadu,South
CUST008613,Arjun Mehta,Male,37,Coimbatore,Tamil Nadu,South
CUST008614,Akash Tripathi,Male,26,Bengaluru,Karnataka,South
CUST008615,Isha Sharma,Female,34,Chennai,Tamil Nadu,South
CUST008616,Rahul Menon,Male,31,Bengaluru,Karnataka,South
CUST008617,Sneha Deshmukh,Female,36,Dehradun,Uttarakhand,North
CUST008618,Meera Reddy,Female,30,Delhi,Delhi,North
CUST008619,Vivek Kulkarni,Male,18,Nagpur,Maharashtra,West
CUST008620,Amit Das,Male,32,Bengaluru,Karnataka,South
CUST008621,Pranav Sethi,Male,18,Raipur,Chhattisgarh,Central
CUST008622,Apoorva Nair,Female,31,Kolkata,West Bengal,East
CUST008623,Harsh Menon,Male,33,Indore,Madhya Pradesh,Central
CUST008624,Avni Naidu,Female,18,Jaipur,Rajasthan,North
CUST008625,Saurabh Pandey,Male,28,Kochi,Kerala,South
CUST008626,Saurabh Thakur,Male,27,Chennai,Tamil Nadu,South
CUST008627,Abhishek Saxena,Male,34,Noida,Uttar Pradesh,North
CUST008628,Akash Menon,Male,24,Delhi,Delhi,North
CUST008629,Aditya Tiwari,Male,25,Dehradun,Uttarakhand,North
CUST008630,Harsh Arora,Male,29,Ahmedabad,Gujarat,West
CUST008631,Akash Naidu,Male,28,Mumbai,Maharashtra,West
CUST008632,Ananya Kapoor,Female,22,Nagpur,Maharashtra,West
CUST008633,Aditya Sethi,Male,34,Bhubaneswar,Odisha,East
CUST008634,Sanya Kulkarni,Female,37,Kolkata,West Bengal,East
CUST008635,Anushka Kulkarni,Female,35,Pune,Maharashtra,West
CUST008636,Vikram Kumar,Male,18,Indore,Madhya Pradesh,Central
CUST008637,Kabir Srivastava,Male,31,Kochi,Kerala,South
CUST008638,Vivek Khanna,Male,33,Bengaluru,Karnataka,South
CUST008639,Pranav Sharma,Male,27,Noida,Uttar Pradesh,North
CUST008640,Neha Joshi,Female,30,Lucknow,Uttar Pradesh,North
CUST008641,Ritika Yadav,Female,29,Ahmedabad,Gujarat,West
CUST008642,Payal Bhatia,Female,26,Hyderabad,Telangana,South
CUST008643,Isha Jain,Female,40,Bhopal,Madhya Pradesh,Central
CUST008644,Amit Sethi,Male,28,Guwahati,Assam,East
CUST008645,Rahul Roy,Male,24,Bengaluru,Karnataka,South
CUST008646,Pooja Iyer,Female,28,Raipur,Chhattisgarh,Central
CUST008647,Swati Nair,Female,21,Pune,Maharashtra,West
CUST008648,Sneha Reddy,Female,43,Indore,Madhya Pradesh,Central
CUST008649,Varun Saxena,Male,37,Ahmedabad,Gujarat,West
CUST008650,Komal Jain,Female,38,Bengaluru,Karnataka,South
CUST008651,Avni Verma,Female,19,Mumbai,Maharashtra,West
CUST008652,Ritesh Kapoor,Male,31,Mumbai,Maharashtra,West
CUST008653,Aarav Shah,Male,33,Noida,Uttar Pradesh,North
CUST008654,Saurabh Mehta,Male,20,Indore,Madhya Pradesh,Central
CUST008655,Divya Mehta,Female,35,Indore,Madhya Pradesh,Central
CUST008656,Isha Reddy,Female,33,Bhubaneswar,Odisha,East
CUST008657,Vikram Rao,Male,34,Nagpur,Maharashtra,West
CUST008658,Vikram Rao,Male,30,Mumbai,Maharashtra,West
CUST008659,Diya Kulkarni,Female,29,Chandigarh,Chandigarh,North
CUST008660,Arjun Kulkarni,Male,26,Bengaluru,Karnataka,South
CUST008661,Siddharth Shah,Male,18,Delhi,Delhi,North
CUST008662,Saurabh Kumar,Male,18,Patna,Bihar,East
CUST008663,Sakshi Das,Female,25,Noida,Uttar Pradesh,North
CUST008664,Akash Tiwari,Male,35,Delhi,Delhi,North
CUST008665,Swati Goyal,Female,22,Ranchi,Jharkhand,East
CUST008666,Ritesh Yadav,Male,28,Raipur,Chhattisgarh,Central
CUST008667,Swati Das,Female,30,Bengaluru,Karnataka,South
CUST008668,Nisha Menon,Female,28,Mumbai,Maharashtra,West
CUST008669,Harsh Das,Male,19,Indore,Madhya Pradesh,Central
CUST008670,Shruti Arora,Female,38,Bhopal,Madhya Pradesh,Central
CUST008671,Ankit Singh,Male,27,Delhi,Delhi,North
CUST008672,Gaurav Yadav,Male,34,Kolkata,West Bengal,East
CUST008673,Ritesh Bansal,Male,27,Dehradun,Uttarakhand,North
CUST008674,Ayush Rao,Male,32,Mumbai,Maharashtra,West
CUST008675,Shreya Yadav,Female,27,Mumbai,Maharashtra,West
CUST008676,Nikhil Menon,Male,41,Kolkata,West Bengal,East
CUST008677,Divya Malhotra,Female,34,Jaipur,Rajasthan,North
CUST008678,Kunal Bansal,Male,30,Bengaluru,Karnataka,South
CUST008679,Shubham Thakur,Male,31,Bengaluru,Karnataka,South
CUST008680,Vikram Mehta,Male,29,Patna,Bihar,East
CUST008681,Rishi Yadav,Male,18,Indore,Madhya Pradesh,Central
CUST008682,Diya Naidu,Female,41,Bengaluru,Karnataka,South
CUST008683,Saurabh Khanna,Male,32,Bhubaneswar,Odisha,East
CUST008684,Sameer Mehta,Male,29,Delhi,Delhi,North
CUST008685,Ishita Banerjee,Female,37,Jaipur,Rajasthan,North
CUST008686,Nisha Pandey,Female,33,Ahmedabad,Gujarat,West
CUST008687,Ishita Pillai,Female,27,Pune,Maharashtra,West
CUST008688,Manya Tripathi,Female,27,Mumbai,Maharashtra,West
CUST008689,Anushka Khanna,Female,25,Patna,Bihar,East
CUST008690,Palak Arora,Female,22,Lucknow,Uttar Pradesh,North
CUST008691,Priya Chauhan,Female,27,Bengaluru,Karnataka,South
CUST008692,Tanvi Saxena,Female,33,Surat,Gujarat,West
CUST008693,Shruti Patel,Female,24,Jaipur,Rajasthan,North
CUST008694,Shreya Singh,Female,28,Bhubaneswar,Odisha,East
CUST008695,Siddharth Roy,Male,43,Ahmedabad,Gujarat,West
CUST008696,Pooja Sinha,Female,40,Lucknow,Uttar Pradesh,North
CUST008697,Rajat Joshi,Male,41,Pune,Maharashtra,West
CUST008698,Shubham Chatterjee,Male,41,Kolkata,West Bengal,East
CUST008699,Dhruv Malhotra,Male,26,Kolkata,West Bengal,East
CUST008700,Riya Mishra,Female,26,Delhi,Delhi,North
CUST008701,Shruti Kumar,Female,40,Jaipur,Rajasthan,North
CUST008702,Kavya Menon,Female,26,Noida,Uttar Pradesh,North
CUST008703,Palak Roy,Female,19,Pune,Maharashtra,West
CUST008704,Rajat Roy,Male,30,Ahmedabad,Gujarat,West
CUST008705,Dev Chatterjee,Male,27,Patna,Bihar,East
CUST008706,Arjun Chauhan,Male,18,Ahmedabad,Gujarat,West
CUST008707,Ritika Kulkarni,Female,31,Raipur,Chhattisgarh,Central
CUST008708,Siddharth Thakur,Male,24,Guwahati,Assam,East
CUST008709,Vivek Sharma,Male,37,Hyderabad,Telangana,South
CUST008710,Sakshi Pillai,Female,25,Bhubaneswar,Odisha,East
CUST008711,Karan Kulkarni,Male,23,Lucknow,Uttar Pradesh,North
CUST008712,Shubham Chauhan,Male,18,Ranchi,Jharkhand,East
CUST008713,Varun Menon,Male,33,Mumbai,Maharashtra,West
CUST008714,Gaurav Singh,Male,18,Pune,Maharashtra,West
CUST008715,Nikhil Pandey,Male,33,Jaipur,Rajasthan,North
CUST008716,Aanya Chopra,Female,22,Lucknow,Uttar Pradesh,North
CUST008717,Mohit Sethi,Male,28,Ranchi,Jharkhand,East
CUST008718,Isha Patel,Female,21,Kolkata,West Bengal,East
CUST008719,Ankit Gupta,Male,32,Mumbai,Maharashtra,West
CUST008720,Tanvi Menon,Female,18,Ahmedabad,Gujarat,West
CUST008721,Tushar Mehta,Male,27,Ahmedabad,Gujarat,West
CUST008722,Piyush Sinha,Male,23,Lucknow,Uttar Pradesh,North
CUST008723,Arjun Tripathi,Male,39,Lucknow,Uttar Pradesh,North
CUST008724,Shreya Kulkarni,Female,18,Raipur,Chhattisgarh,Central
CUST008725,Aanya Sharma,Female,37,Ahmedabad,Gujarat,West
CUST008726,Riya Roy,Female,35,Lucknow,Uttar Pradesh,North
CUST008727,Simran Iyer,Female,18,Patna,Bihar,East
CUST008728,Dhruv Chopra,Male,23,Mumbai,Maharashtra,West
CUST008729,Varun Kumar,Male,25,Bengaluru,Karnataka,South
CUST008730,Ishita Patel,Female,27,Raipur,Chhattisgarh,Central
CUST008731,Khushi Patel,Female,30,Pune,Maharashtra,West
CUST008732,Pooja Malhotra,Female,18,Surat,Gujarat,West
CUST008733,Payal Thakur,Female,34,Surat,Gujarat,West
CUST008734,Aarav Malhotra,Male,19,Bengaluru,Karnataka,South
CUST008735,Khushi Gupta,Female,34,Pune,Maharashtra,West
CUST008736,Yash Chopra,Male,36,Bengaluru,Karnataka,South
CUST008737,Vikram Srivastava,Male,25,Ahmedabad,Gujarat,West
CUST008738,Shreya Deshmukh,Female,30,Chennai,Tamil Nadu,South
CUST008739,Rohan Sharma,Male,31,Bengaluru,Karnataka,South
CUST008740,Rajat Arora,Male,33,Chennai,Tamil Nadu,South
CUST008741,Diya Nair,Female,23,Guwahati,Assam,East
CUST008742,Gaurav Roy,Male,27,Noida,Uttar Pradesh,North
CUST008743,Riya Chauhan,Female,47,Ahmedabad,Gujarat,West
CUST008744,Pranav Yadav,Male,20,Mumbai,Maharashtra,West
CUST008745,Ritika Iyer,Female,27,Delhi,Delhi,North
CUST008746,Gaurav Mehta,Male,43,Hyderabad,Telangana,South
CUST008747,Karan Bansal,Male,46,Kolkata,West Bengal,East
CUST008748,Divya Naidu,Female,23,Delhi,Delhi,North
CUST008749,Aditya Agarwal,Male,26,Dehradun,Uttarakhand,North
CUST008750,Palak Menon,Female,28,Patna,Bihar,East
CUST008751,Ritika Bhatia,Female,18,Lucknow,Uttar Pradesh,North
CUST008752,Rohan Srivastava,Male,22,Bengaluru,Karnataka,South
CUST008753,Muskan Tripathi,Female,28,Mumbai,Maharashtra,West
CUST008754,Ritesh Pillai,Male,31,Surat,Gujarat,West
CUST008755,Diya Saxena,Female,37,Lucknow,Uttar Pradesh,North
CUST008756,Harsh Chauhan,Male,27,Raipur,Chhattisgarh,Central
CUST008757,Riya Goyal,Female,34,Kochi,Kerala,South
CUST008758,Shubham Srivastava,Male,32,Mumbai,Maharashtra,West
CUST008759,Piyush Yadav,Male,31,Ahmedabad,Gujarat,West
CUST008760,Rahul Sinha,Male,34,Bengaluru,Karnataka,South
CUST008761,Kavya Agarwal,Female,31,Nagpur,Maharashtra,West
CUST008762,Aditya Agarwal,Male,25,Chennai,Tamil Nadu,South
CUST008763,Mohit Singh,Male,19,Chennai,Tamil Nadu,South
CUST008764,Muskan Gupta,Female,18,Dehradun,Uttarakhand,North
CUST008765,Ankit Patel,Male,22,Mumbai,Maharashtra,West
CUST008766,Manya Chauhan,Female,23,Ahmedabad,Gujarat,West
CUST008767,Nikhil Saxena,Male,30,Mumbai,Maharashtra,West
CUST008768,Aarav Saxena,Male,20,Delhi,Delhi,North
CUST008769,Meera Mehta,Female,34,Pune,Maharashtra,West
CUST008770,Dhruv Bhatia,Male,33,Noida,Uttar Pradesh,North
CUST008771,Komal Chauhan,Female,29,Bhubaneswar,Odisha,East
CUST008772,Nisha Menon,Female,26,Pune,Maharashtra,West
CUST008773,Ayush Deshmukh,Male,32,Delhi,Delhi,North
CUST008774,Manya Patel,Female,34,Bengaluru,Karnataka,South
CUST008775,Tushar Tripathi,Male,39,Indore,Madhya Pradesh,Central
CUST008776,Meera Jain,Female,33,Patna,Bihar,East
CUST008777,Vivek Srivastava,Male,42,Bengaluru,Karnataka,South
CUST008778,Manya Iyer,Female,37,Hyderabad,Telangana,South
CUST008779,Rajat Khanna,Male,18,Jaipur,Rajasthan,North
CUST008780,Manish Mishra,Male,25,Delhi,Delhi,North
CUST008781,Siddharth Kapoor,Male,42,Hyderabad,Telangana,South
CUST008782,Yash Kumar,Male,46,Chennai,Tamil Nadu,South
CUST008783,Swati Pandey,Female,36,Kolkata,West Bengal,East
CUST008784,Amit Joshi,Male,25,Noida,Uttar Pradesh,North
CUST008785,Swati Arora,Female,34,Bengaluru,Karnataka,South
CUST008786,Akash Sethi,Male,30,Surat,Gujarat,West
CUST008787,Palak Pillai,Female,19,Chandigarh,Chandigarh,North
CUST008788,Mohit Reddy,Male,35,Mumbai,Maharashtra,West
CUST008789,Nisha Sethi,Female,27,Pune,Maharashtra,West
CUST008790,Tushar Rao,Male,25,Bhubaneswar,Odisha,East
CUST008791,Muskan Arora,Female,42,Bengaluru,Karnataka,South
CUST008792,Dev Singh,Male,40,Ranchi,Jharkhand,East
CUST008793,Ritesh Arora,Male,31,Coimbatore,Tamil Nadu,South
CUST008794,Saurabh Kapoor,Male,18,Chennai,Tamil Nadu,South
CUST008795,Kunal Banerjee,Male,29,Raipur,Chhattisgarh,Central
CUST008796,Isha Bhatia,Female,27,Guwahati,Assam,East
CUST008797,Vivek Singh,Male,35,Nagpur,Maharashtra,West
CUST008798,Nandini Shah,Female,18,Noida,Uttar Pradesh,North
CUST008799,Aanya Roy,Female,26,Hyderabad,Telangana,South
CUST008800,Sameer Bhatia,Male,34,Jaipur,Rajasthan,North
CUST008801,Riya Rao,Female,47,Mumbai,Maharashtra,West
CUST008802,Karan Sharma,Male,25,Delhi,Delhi,North
CUST008803,Ishita Thakur,Female,29,Hyderabad,Telangana,South
CUST008804,Manya Menon,Female,35,Kolkata,West Bengal,East
CUST008805,Rajat Arora,Male,26,Bengaluru,Karnataka,South
CUST008806,Aditya Kapoor,Male,27,Bhopal,Madhya Pradesh,Central
CUST008807,Shreya Roy,Female,29,Noida,Uttar Pradesh,North
CUST008808,Nikhil Arora,Male,31,Ranchi,Jharkhand,East
CUST008809,Vivek Khanna,Male,37,Raipur,Chhattisgarh,Central
CUST008810,Tushar Deshmukh,Male,35,Bengaluru,Karnataka,South
CUST008811,Riya Naidu,Female,32,Surat,Gujarat,West
CUST008812,Aditi Naidu,Female,30,Indore,Madhya Pradesh,Central
CUST008813,Diya Das,Female,32,Nagpur,Maharashtra,West
CUST008814,Sakshi Tripathi,Female,24,Jaipur,Rajasthan,North
CUST008815,Amit Goyal,Male,36,Jaipur,Rajasthan,North
CUST008816,Pooja Mishra,Female,18,Bengaluru,Karnataka,South
CUST008817,Amit Patel,Male,28,Nagpur,Maharashtra,West
CUST008818,Aanya Sharma,Female,28,Bengaluru,Karnataka,South
CUST008819,Sameer Tripathi,Male,21,Bengaluru,Karnataka,South
CUST008820,Aditi Shah,Female,36,Kochi,Kerala,South
CUST008821,Rohan Chopra,Male,23,Indore,Madhya Pradesh,Central
CUST008822,Nisha Nair,Female,27,Bengaluru,Karnataka,South
CUST008823,Ritesh Pillai,Male,29,Mumbai,Maharashtra,West
CUST008824,Varun Arora,Male,28,Surat,Gujarat,West
CUST008825,Dhruv Malhotra,Male,19,Pune,Maharashtra,West
CUST008826,Khushi Chatterjee,Female,20,Kolkata,West Bengal,East
CUST008827,Palak Saxena,Female,41,Pune,Maharashtra,West
CUST008828,Sneha Naidu,Female,20,Ahmedabad,Gujarat,West
CUST008829,Simran Patel,Female,34,Indore,Madhya Pradesh,Central
CUST008830,Diya Malhotra,Female,34,Chennai,Tamil Nadu,South
CUST008831,Aditya Arora,Male,18,Delhi,Delhi,North
CUST008832,Karan Das,Male,41,Coimbatore,Tamil Nadu,South
CUST008833,Sanya Kapoor,Female,24,Pune,Maharashtra,West
CUST008834,Kabir Kapoor,Male,45,Pune,Maharashtra,West
CUST008835,Karan Tiwari,Male,21,Guwahati,Assam,East
CUST008836,Manish Chauhan,Male,24,Dehradun,Uttarakhand,North
CUST008837,Khushi Sinha,Female,32,Chennai,Tamil Nadu,South
CUST008838,Arjun Arora,Male,33,Indore,Madhya Pradesh,Central
CUST008839,Neha Roy,Female,18,Noida,Uttar Pradesh,North
CUST008840,Kunal Saxena,Male,31,Patna,Bihar,East
CUST008841,Muskan Nair,Female,29,Ahmedabad,Gujarat,West
CUST008842,Ritika Bansal,Female,32,Noida,Uttar Pradesh,North
CUST008843,Vikram Iyer,Male,35,Mumbai,Maharashtra,West
CUST008844,Gaurav Chatterjee,Male,28,Delhi,Delhi,North
CUST008845,Tanvi Deshmukh,Female,38,Guwahati,Assam,East
CUST008846,Dhruv Reddy,Male,27,Guwahati,Assam,East
CUST008847,Khushi Agarwal,Female,41,Bengaluru,Karnataka,South
CUST008848,Sanya Yadav,Female,43,Mumbai,Maharashtra,West
CUST008849,Radhika Gupta,Female,25,Pune,Maharashtra,West
CUST008850,Divya Singh,Female,34,Mumbai,Maharashtra,West
CUST008851,Avni Roy,Female,27,Chennai,Tamil Nadu,South
CUST008852,Kavya Khanna,Female,27,Chennai,Tamil Nadu,South
CUST008853,Rajat Khanna,Male,31,Hyderabad,Telangana,South
CUST008854,Khushi Jain,Female,38,Delhi,Delhi,North
CUST008855,Saurabh Nair,Male,22,Bengaluru,Karnataka,South
CUST008856,Rahul Sethi,Male,32,Lucknow,Uttar Pradesh,North
CUST008857,Kabir Chopra,Male,30,Mumbai,Maharashtra,West
CUST008858,Divya Joshi,Female,28,Delhi,Delhi,North
CUST008859,Ishita Naidu,Female,33,Surat,Gujarat,West
CUST008860,Payal Deshmukh,Female,29,Lucknow,Uttar Pradesh,North
CUST008861,Aanya Malhotra,Female,29,Chennai,Tamil Nadu,South
CUST008862,Sanya Khanna,Female,28,Delhi,Delhi,North
CUST008863,Shreya Tiwari,Female,27,Chandigarh,Chandigarh,North
CUST008864,Ananya Das,Female,35,Mumbai,Maharashtra,West
CUST008865,Neha Sethi,Female,32,Surat,Gujarat,West
CUST008866,Piyush Chopra,Male,31,Bhopal,Madhya Pradesh,Central
CUST008867,Aanya Sinha,Female,26,Pune,Maharashtra,West
CUST008868,Khushi Joshi,Female,27,Jaipur,Rajasthan,North
CUST008869,Amit Rao,Male,22,Delhi,Delhi,North
CUST008870,Rajat Pandey,Male,30,Mumbai,Maharashtra,West
CUST008871,Ayush Singh,Male,33,Dehradun,Uttarakhand,North
CUST008872,Divya Bhatia,Female,25,Indore,Madhya Pradesh,Central
CUST008873,Shruti Naidu,Female,28,Kolkata,West Bengal,East
CUST008874,Dhruv Khanna,Male,40,Dehradun,Uttarakhand,North
CUST008875,Vikram Das,Male,19,Pune,Maharashtra,West
CUST008876,Ritika Mishra,Female,41,Ranchi,Jharkhand,East
CUST008877,Ankit Agarwal,Male,35,Bhubaneswar,Odisha,East
CUST008878,Avni Malhotra,Female,37,Kolkata,West Bengal,East
CUST008879,Ananya Arora,Female,33,Bhopal,Madhya Pradesh,Central
CUST008880,Pranav Singh,Male,37,Hyderabad,Telangana,South
CUST008881,Shubham Bhatia,Male,22,Mumbai,Maharashtra,West
CUST008882,Payal Naidu,Female,22,Bengaluru,Karnataka,South
CUST008883,Akash Mehta,Male,30,Pune,Maharashtra,West
CUST008884,Rohan Goyal,Male,29,Pune,Maharashtra,West
CUST008885,Ananya Mehta,Female,21,Mumbai,Maharashtra,West
CUST008886,Simran Saxena,Female,29,Surat,Gujarat,West
CUST008887,Akash Thakur,Male,36,Lucknow,Uttar Pradesh,North
CUST008888,Priya Reddy,Female,43,Mumbai,Maharashtra,West
CUST008889,Nikhil Kapoor,Male,22,Nagpur,Maharashtra,West
CUST008890,Rohan Tripathi,Male,36,Chennai,Tamil Nadu,South
CUST008891,Arjun Thakur,Male,36,Hyderabad,Telangana,South
CUST008892,Ankit Bansal,Male,22,Surat,Gujarat,West
CUST008893,Aanya Menon,Female,25,Bengaluru,Karnataka,South
CUST008894,Aditya Saxena,Male,44,Ahmedabad,Gujarat,West
CUST008895,Abhishek Malhotra,Male,32,Hyderabad,Telangana,South
CUST008896,Ritika Arora,Female,26,Delhi,Delhi,North
CUST008897,Manish Deshmukh,Male,18,Coimbatore,Tamil Nadu,South
CUST008898,Radhika Chopra,Female,29,Delhi,Delhi,North
CUST008899,Aarav Bansal,Male,27,Delhi,Delhi,North
CUST008900,Palak Chauhan,Female,20,Raipur,Chhattisgarh,Central
CUST008901,Dhruv Sinha,Male,45,Ahmedabad,Gujarat,West
CUST008902,Arjun Kumar,Male,18,Noida,Uttar Pradesh,North
CUST008903,Aditi Kapoor,Female,28,Guwahati,Assam,East
CUST008904,Aditi Kulkarni,Female,18,Mumbai,Maharashtra,West
CUST008905,Sameer Srivastava,Male,40,Kolkata,West Bengal,East
CUST008906,Isha Pillai,Female,32,Hyderabad,Telangana,South
CUST008907,Nisha Jain,Female,36,Ahmedabad,Gujarat,West
CUST008908,Sneha Arora,Female,43,Indore,Madhya Pradesh,Central
CUST008909,Simran Tripathi,Female,24,Chennai,Tamil Nadu,South
CUST008910,Sameer Malhotra,Male,38,Guwahati,Assam,East
CUST008911,Manya Yadav,Female,40,Dehradun,Uttarakhand,North
CUST008912,Dhruv Menon,Male,30,Mumbai,Maharashtra,West
CUST008913,Sneha Banerjee,Female,32,Noida,Uttar Pradesh,North
CUST008914,Mohit Jain,Male,20,Surat,Gujarat,West
CUST008915,Diya Chauhan,Female,35,Bhopal,Madhya Pradesh,Central
CUST008916,Karan Tiwari,Male,42,Delhi,Delhi,North
CUST008917,Divya Mishra,Female,18,Patna,Bihar,East
CUST008918,Payal Chauhan,Female,35,Hyderabad,Telangana,South
CUST008919,Vivek Chopra,Male,21,Coimbatore,Tamil Nadu,South
CUST008920,Ritika Khanna,Female,18,Kolkata,West Bengal,East
CUST008921,Yash Verma,Male,32,Kochi,Kerala,South
CUST008922,Gaurav Kumar,Male,28,Noida,Uttar Pradesh,North
CUST008923,Aanya Bhatia,Female,32,Mumbai,Maharashtra,West
CUST008924,Payal Agarwal,Female,33,Bhopal,Madhya Pradesh,Central
CUST008925,Sanya Agarwal,Female,27,Bhopal,Madhya Pradesh,Central
CUST008926,Aditya Chopra,Male,27,Delhi,Delhi,North
CUST008927,Pranav Tiwari,Male,27,Lucknow,Uttar Pradesh,North
CUST008928,Rohan Chauhan,Male,29,Bengaluru,Karnataka,South
CUST008929,Shubham Menon,Male,31,Hyderabad,Telangana,South
CUST008930,Rishi Saxena,Male,25,Chennai,Tamil Nadu,South
CUST008931,Yash Chopra,Male,39,Lucknow,Uttar Pradesh,North
CUST008932,Komal Roy,Female,34,Delhi,Delhi,North
CUST008933,Divya Agarwal,Female,34,Lucknow,Uttar Pradesh,North
CUST008934,Khushi Shah,Female,32,Guwahati,Assam,East
CUST008935,Priya Goyal,Female,34,Noida,Uttar Pradesh,North
CUST008936,Aarav Kapoor,Male,18,Hyderabad,Telangana,South
CUST008937,Shreya Thakur,Female,29,Coimbatore,Tamil Nadu,South
CUST008938,Harsh Thakur,Male,31,Delhi,Delhi,North
CUST008939,Varun Kumar,Male,18,Kolkata,West Bengal,East
CUST008940,Shruti Naidu,Female,36,Lucknow,Uttar Pradesh,North
CUST008941,Rahul Patel,Male,27,Chennai,Tamil Nadu,South
CUST008942,Sameer Sinha,Male,34,Bengaluru,Karnataka,South
CUST008943,Ritika Bhatia,Female,36,Nagpur,Maharashtra,West
CUST008944,Radhika Yadav,Female,18,Kolkata,West Bengal,East
CUST008945,Mohit Shah,Male,24,Surat,Gujarat,West
CUST008946,Palak Sharma,Female,22,Surat,Gujarat,West
CUST008947,Shreya Jain,Female,44,Delhi,Delhi,North
CUST008948,Payal Gupta,Female,31,Nagpur,Maharashtra,West
CUST008949,Ishita Thakur,Female,18,Jaipur,Rajasthan,North
CUST008950,Kunal Kapoor,Male,22,Bhopal,Madhya Pradesh,Central
CUST008951,Diya Verma,Female,30,Indore,Madhya Pradesh,Central
CUST008952,Palak Arora,Female,22,Lucknow,Uttar Pradesh,North
CUST008953,Rajat Jain,Male,32,Guwahati,Assam,East
CUST008954,Aanya Sharma,Female,22,Patna,Bihar,East
CUST008955,Gaurav Pandey,Male,37,Mumbai,Maharashtra,West
CUST008956,Ananya Agarwal,Female,29,Noida,Uttar Pradesh,North
CUST008957,Abhishek Sethi,Male,18,Pune,Maharashtra,West
CUST008958,Diya Mishra,Female,54,Hyderabad,Telangana,South
CUST008959,Palak Shah,Female,33,Surat,Gujarat,West
CUST008960,Dev Agarwal,Male,27,Delhi,Delhi,North
CUST008961,Tushar Sethi,Male,23,Hyderabad,Telangana,South
CUST008962,Sneha Malhotra,Female,41,Ahmedabad,Gujarat,West
CUST008963,Mohit Banerjee,Male,34,Delhi,Delhi,North
CUST008964,Saurabh Yadav,Male,35,Bengaluru,Karnataka,South
CUST008965,Rajat Mehta,Male,25,Mumbai,Maharashtra,West
CUST008966,Sanya Pillai,Female,22,Dehradun,Uttarakhand,North
CUST008967,Sameer Thakur,Male,39,Coimbatore,Tamil Nadu,South
CUST008968,Ankit Nair,Male,22,Bengaluru,Karnataka,South
CUST008969,Vivek Tripathi,Male,26,Chennai,Tamil Nadu,South
CUST008970,Swati Jain,Female,18,Indore,Madhya Pradesh,Central
CUST008971,Neha Sharma,Female,24,Delhi,Delhi,North
CUST008972,Vivek Deshmukh,Male,21,Hyderabad,Telangana,South
CUST008973,Rohan Gupta,Male,28,Indore,Madhya Pradesh,Central
CUST008974,Amit Kumar,Male,30,Guwahati,Assam,East
CUST008975,Shruti Pandey,Female,37,Hyderabad,Telangana,South
CUST008976,Palak Thakur,Female,36,Guwahati,Assam,East
CUST008977,Kavya Tiwari,Female,31,Delhi,Delhi,North
CUST008978,Pooja Reddy,Female,37,Coimbatore,Tamil Nadu,South
CUST008979,Muskan Mishra,Female,35,Lucknow,Uttar Pradesh,North
CUST008980,Harsh Menon,Male,37,Nagpur,Maharashtra,West
CUST008981,Ritika Singh,Female,20,Delhi,Delhi,North
CUST008982,Rohan Saxena,Male,19,Patna,Bihar,East
CUST008983,Pooja Chopra,Female,18,Chennai,Tamil Nadu,South
CUST008984,Sneha Sharma,Female,29,Bengaluru,Karnataka,South
CUST008985,Radhika Gupta,Female,35,Kochi,Kerala,South
CUST008986,Abhishek Bhatia,Male,40,Raipur,Chhattisgarh,Central
CUST008987,Yash Arora,Male,27,Coimbatore,Tamil Nadu,South
CUST008988,Ananya Chatterjee,Female,38,Indore,Madhya Pradesh,Central
CUST008989,Amit Tripathi,Male,28,Chennai,Tamil Nadu,South
CUST008990,Tushar Pillai,Male,30,Chandigarh,Chandigarh,North
CUST008991,Rohan Chatterjee,Male,18,Dehradun,Uttarakhand,North
CUST008992,Piyush Mehta,Male,26,Chennai,Tamil Nadu,South
CUST008993,Komal Deshmukh,Female,26,Mumbai,Maharashtra,West
CUST008994,Arjun Mishra,Male,36,Mumbai,Maharashtra,West
CUST008995,Arjun Bansal,Male,34,Indore,Madhya Pradesh,Central
CUST008996,Manya Tripathi,Female,23,Mumbai,Maharashtra,West
CUST008997,Rahul Naidu,Male,30,Indore,Madhya Pradesh,Central
CUST008998,Isha Agarwal,Female,41,Dehradun,Uttarakhand,North
CUST008999,Meera Iyer,Female,27,Chandigarh,Chandigarh,North
CUST009000,Ayush Iyer,Male,26,Chennai,Tamil Nadu,South
CUST009001,Nisha Chatterjee,Female,21,Mumbai,Maharashtra,West
CUST009002,Radhika Malhotra,Female,20,Chennai,Tamil Nadu,South
CUST009003,Arjun Kulkarni,Male,37,Delhi,Delhi,North
CUST009004,Sakshi Chauhan,Female,37,Patna,Bihar,East
CUST009005,Sakshi Khanna,Female,26,Chennai,Tamil Nadu,South
CUST009006,Ishita Kapoor,Female,22,Kolkata,West Bengal,East
CUST009007,Aanya Pillai,Female,20,Nagpur,Maharashtra,West
CUST009008,Karan Tiwari,Male,31,Guwahati,Assam,East
CUST009009,Ankit Sharma,Male,23,Chennai,Tamil Nadu,South
CUST009010,Kunal Iyer,Male,18,Raipur,Chhattisgarh,Central
CUST009011,Ishita Patel,Female,30,Ahmedabad,Gujarat,West
CUST009012,Vikram Goyal,Male,18,Lucknow,Uttar Pradesh,North
CUST009013,Muskan Agarwal,Female,19,Noida,Uttar Pradesh,North
CUST009014,Shubham Khanna,Male,38,Kolkata,West Bengal,East
CUST009015,Dhruv Yadav,Male,35,Noida,Uttar Pradesh,North
CUST009016,Rohan Roy,Male,24,Hyderabad,Telangana,South
CUST009017,Tushar Nair,Male,26,Lucknow,Uttar Pradesh,North
CUST009018,Muskan Thakur,Female,38,Chennai,Tamil Nadu,South
CUST009019,Tanvi Kumar,Female,25,Kolkata,West Bengal,East
CUST009020,Apoorva Bhatia,Female,39,Ahmedabad,Gujarat,West
CUST009021,Palak Chatterjee,Female,30,Pune,Maharashtra,West
CUST009022,Kunal Iyer,Male,35,Hyderabad,Telangana,South
CUST009023,Yash Thakur,Male,36,Surat,Gujarat,West
CUST009024,Priya Kulkarni,Female,35,Chennai,Tamil Nadu,South
CUST009025,Aarav Deshmukh,Male,34,Mumbai,Maharashtra,West
CUST009026,Sneha Sharma,Female,27,Delhi,Delhi,North
CUST009027,Akash Mehta,Male,23,Lucknow,Uttar Pradesh,North
CUST009028,Priya Rao,Female,31,Ahmedabad,Gujarat,West
CUST009029,Divya Shah,Female,27,Pune,Maharashtra,West
CUST009030,Apoorva Patel,Female,26,Bhopal,Madhya Pradesh,Central
CUST009031,Anushka Tiwari,Female,24,Delhi,Delhi,North
CUST009032,Anushka Malhotra,Female,33,Bengaluru,Karnataka,South
CUST009033,Rahul Malhotra,Male,26,Bengaluru,Karnataka,South
CUST009034,Anushka Tiwari,Female,35,Kolkata,West Bengal,East
CUST009035,Ritesh Banerjee,Male,34,Indore,Madhya Pradesh,Central
CUST009036,Piyush Joshi,Male,36,Kolkata,West Bengal,East
CUST009037,Simran Saxena,Female,28,Kolkata,West Bengal,East
CUST009038,Varun Srivastava,Male,27,Bengaluru,Karnataka,South
CUST009039,Khushi Sethi,Female,24,Raipur,Chhattisgarh,Central
CUST009040,Dev Bhatia,Male,36,Kolkata,West Bengal,East
CUST009041,Nandini Verma,Female,37,Nagpur,Maharashtra,West
CUST009042,Nisha Yadav,Female,23,Indore,Madhya Pradesh,Central
CUST009043,Manya Patel,Female,46,Raipur,Chhattisgarh,Central
CUST009044,Amit Goyal,Male,38,Mumbai,Maharashtra,West
CUST009045,Diya Jain,Female,23,Lucknow,Uttar Pradesh,North
CUST009046,Arjun Saxena,Male,30,Kolkata,West Bengal,East
CUST009047,Ishita Verma,Female,33,Chennai,Tamil Nadu,South
CUST009048,Karan Bhatia,Male,20,Delhi,Delhi,North
CUST009049,Harsh Mishra,Male,20,Bengaluru,Karnataka,South
CUST009050,Kavya Deshmukh,Female,31,Hyderabad,Telangana,South
CUST009051,Harsh Yadav,Male,39,Chennai,Tamil Nadu,South
CUST009052,Siddharth Kapoor,Male,51,Hyderabad,Telangana,South
CUST009053,Amit Tiwari,Male,29,Kolkata,West Bengal,East
CUST009054,Simran Gupta,Female,19,Lucknow,Uttar Pradesh,North
CUST009055,Kunal Patel,Male,34,Chennai,Tamil Nadu,South
CUST009056,Varun Menon,Male,29,Nagpur,Maharashtra,West
CUST009057,Kavya Patel,Female,35,Noida,Uttar Pradesh,North
CUST009058,Sakshi Khanna,Female,36,Indore,Madhya Pradesh,Central
CUST009059,Swati Shah,Female,28,Mumbai,Maharashtra,West
CUST009060,Avni Malhotra,Female,28,Hyderabad,Telangana,South
CUST009061,Manish Arora,Male,32,Indore,Madhya Pradesh,Central
CUST009062,Diya Arora,Female,27,Hyderabad,Telangana,South
CUST009063,Sneha Gupta,Female,32,Coimbatore,Tamil Nadu,South
CUST009064,Ayush Thakur,Male,31,Mumbai,Maharashtra,West
CUST009065,Ritika Roy,Female,25,Chennai,Tamil Nadu,South
CUST009066,Nikhil Rao,Male,40,Lucknow,Uttar Pradesh,North
CUST009067,Rahul Chauhan,Male,24,Chennai,Tamil Nadu,South
CUST009068,Ananya Sharma,Female,18,Delhi,Delhi,North
CUST009069,Shubham Singh,Male,48,Ahmedabad,Gujarat,West
CUST009070,Divya Tripathi,Female,38,Jaipur,Rajasthan,North
CUST009071,Manya Nair,Female,36,Delhi,Delhi,North
CUST009072,Ritika Kulkarni,Female,34,Chennai,Tamil Nadu,South
CUST009073,Arjun Sharma,Male,36,Kochi,Kerala,South
CUST009074,Nisha Chatterjee,Female,43,Delhi,Delhi,North
CUST009075,Amit Naidu,Male,23,Indore,Madhya Pradesh,Central
CUST009076,Rahul Pillai,Male,22,Jaipur,Rajasthan,North
CUST009077,Aanya Rao,Female,18,Hyderabad,Telangana,South
CUST009078,Ananya Das,Female,30,Lucknow,Uttar Pradesh,North
CUST009079,Sameer Tiwari,Male,26,Guwahati,Assam,East
CUST009080,Rohan Goyal,Male,35,Noida,Uttar Pradesh,North
CUST009081,Akash Pillai,Male,26,Ahmedabad,Gujarat,West
CUST009082,Sameer Yadav,Male,37,Jaipur,Rajasthan,North
CUST009083,Neha Sharma,Female,36,Surat,Gujarat,West
CUST009084,Harsh Bansal,Male,32,Chennai,Tamil Nadu,South
CUST009085,Ayush Das,Male,22,Kochi,Kerala,South
CUST009086,Apoorva Thakur,Female,25,Mumbai,Maharashtra,West
CUST009087,Vikram Pillai,Male,33,Ahmedabad,Gujarat,West
CUST009088,Vikram Arora,Male,18,Kolkata,West Bengal,East
CUST009089,Divya Bansal,Female,33,Nagpur,Maharashtra,West
CUST009090,Kavya Kapoor,Female,35,Bhopal,Madhya Pradesh,Central
CUST009091,Manish Saxena,Male,24,Chennai,Tamil Nadu,South
CUST009092,Nikhil Mehta,Male,22,Lucknow,Uttar Pradesh,North
CUST009093,Manish Yadav,Male,33,Bengaluru,Karnataka,South
CUST009094,Palak Agarwal,Female,34,Mumbai,Maharashtra,West
CUST009095,Rohan Patel,Male,18,Noida,Uttar Pradesh,North
CUST009096,Sanya Sinha,Female,33,Bhopal,Madhya Pradesh,Central
CUST009097,Ayush Tripathi,Male,38,Ahmedabad,Gujarat,West
CUST009098,Shubham Tiwari,Male,32,Mumbai,Maharashtra,West
CUST009099,Harsh Pandey,Male,40,Bengaluru,Karnataka,South
CUST009100,Siddharth Tripathi,Male,36,Bhubaneswar,Odisha,East
CUST009101,Shubham Patel,Male,38,Delhi,Delhi,North
CUST009102,Arjun Sharma,Male,36,Pune,Maharashtra,West
CUST009103,Riya Malhotra,Female,31,Hyderabad,Telangana,South
CUST009104,Dev Mishra,Male,29,Bengaluru,Karnataka,South
CUST009105,Muskan Menon,Female,47,Pune,Maharashtra,West
CUST009106,Rajat Singh,Male,18,Bhubaneswar,Odisha,East
CUST009107,Shreya Malhotra,Female,38,Delhi,Delhi,North
CUST009108,Siddharth Kulkarni,Male,38,Bengaluru,Karnataka,South
CUST009109,Harsh Goyal,Male,42,Delhi,Delhi,North
CUST009110,Siddharth Mishra,Male,33,Jaipur,Rajasthan,North
CUST009111,Kavya Deshmukh,Female,41,Delhi,Delhi,North
CUST009112,Ishita Khanna,Female,40,Kochi,Kerala,South
CUST009113,Shubham Kapoor,Male,22,Nagpur,Maharashtra,West
CUST009114,Meera Yadav,Female,24,Indore,Madhya Pradesh,Central
CUST009115,Pooja Nair,Female,31,Indore,Madhya Pradesh,Central
CUST009116,Rajat Saxena,Male,19,Mumbai,Maharashtra,West
CUST009117,Palak Chauhan,Female,25,Lucknow,Uttar Pradesh,North
CUST009118,Siddharth Patel,Male,21,Delhi,Delhi,North
CUST009119,Yash Bhatia,Male,23,Kochi,Kerala,South
CUST009120,Nikhil Joshi,Male,19,Lucknow,Uttar Pradesh,North
CUST009121,Rahul Saxena,Male,24,Noida,Uttar Pradesh,North
CUST009122,Dhruv Shah,Male,20,Surat,Gujarat,West
CUST009123,Kabir Tripathi,Male,22,Lucknow,Uttar Pradesh,North
CUST009124,Saurabh Arora,Male,30,Ahmedabad,Gujarat,West
CUST009125,Vikram Nair,Male,29,Noida,Uttar Pradesh,North
CUST009126,Shruti Pillai,Female,29,Lucknow,Uttar Pradesh,North
CUST009127,Aditi Menon,Female,40,Delhi,Delhi,North
CUST009128,Priya Singh,Female,23,Mumbai,Maharashtra,West
CUST009129,Rishi Thakur,Male,22,Hyderabad,Telangana,South
CUST009130,Arjun Sharma,Male,48,Pune,Maharashtra,West
CUST009131,Ishita Reddy,Female,18,Kochi,Kerala,South
CUST009132,Saurabh Chauhan,Male,37,Delhi,Delhi,North
CUST009133,Pranav Arora,Male,32,Bengaluru,Karnataka,South
CUST009134,Kabir Banerjee,Male,30,Kolkata,West Bengal,East
CUST009135,Aditi Yadav,Female,30,Surat,Gujarat,West
CUST009136,Palak Khanna,Female,31,Raipur,Chhattisgarh,Central
CUST009137,Rahul Iyer,Male,27,Bhopal,Madhya Pradesh,Central
CUST009138,Tushar Malhotra,Male,39,Jaipur,Rajasthan,North
CUST009139,Sanya Das,Female,33,Indore,Madhya Pradesh,Central
CUST009140,Rahul Mishra,Male,36,Nagpur,Maharashtra,West
CUST009141,Payal Gupta,Female,26,Hyderabad,Telangana,South
CUST009142,Saurabh Sharma,Male,48,Patna,Bihar,East
CUST009143,Ayush Patel,Male,33,Noida,Uttar Pradesh,North
CUST009144,Simran Khanna,Female,27,Dehradun,Uttarakhand,North
CUST009145,Nandini Pillai,Female,40,Delhi,Delhi,North
CUST009146,Rohan Chopra,Male,37,Mumbai,Maharashtra,West
CUST009147,Siddharth Gupta,Male,41,Indore,Madhya Pradesh,Central
CUST009148,Sneha Verma,Female,25,Dehradun,Uttarakhand,North
CUST009149,Arjun Chatterjee,Male,18,Surat,Gujarat,West
CUST009150,Aanya Kumar,Female,18,Bengaluru,Karnataka,South
CUST009151,Aanya Pandey,Female,21,Pune,Maharashtra,West
CUST009152,Riya Iyer,Female,42,Delhi,Delhi,North
CUST009153,Kunal Khanna,Male,23,Surat,Gujarat,West
CUST009154,Siddharth Rao,Male,20,Bhubaneswar,Odisha,East
CUST009155,Dev Kulkarni,Male,26,Coimbatore,Tamil Nadu,South
CUST009156,Meera Agarwal,Female,19,Ranchi,Jharkhand,East
CUST009157,Meera Shah,Female,26,Pune,Maharashtra,West
CUST009158,Nikhil Jain,Male,25,Jaipur,Rajasthan,North
CUST009159,Ayush Chatterjee,Male,21,Noida,Uttar Pradesh,North
CUST009160,Payal Tiwari,Female,34,Coimbatore,Tamil Nadu,South
CUST009161,Manya Rao,Female,32,Delhi,Delhi,North
CUST009162,Aditi Gupta,Female,18,Mumbai,Maharashtra,West
CUST009163,Riya Yadav,Female,18,Patna,Bihar,East
CUST009164,Gaurav Iyer,Male,41,Surat,Gujarat,West
CUST009165,Piyush Rao,Male,30,Raipur,Chhattisgarh,Central
CUST009166,Rahul Pandey,Male,22,Ranchi,Jharkhand,East
CUST009167,Meera Menon,Female,25,Raipur,Chhattisgarh,Central
CUST009168,Vikram Nair,Male,26,Kochi,Kerala,South
CUST009169,Ishita Kapoor,Female,21,Mumbai,Maharashtra,West
CUST009170,Diya Thakur,Female,26,Hyderabad,Telangana,South
CUST009171,Swati Deshmukh,Female,18,Bengaluru,Karnataka,South
CUST009172,Palak Roy,Female,25,Delhi,Delhi,North
CUST009173,Ankit Menon,Male,20,Hyderabad,Telangana,South
CUST009174,Rohan Agarwal,Male,38,Mumbai,Maharashtra,West
CUST009175,Muskan Saxena,Female,28,Chandigarh,Chandigarh,North
CUST009176,Ayush Patel,Male,54,Kolkata,West Bengal,East
CUST009177,Vikram Bansal,Male,29,Mumbai,Maharashtra,West
CUST009178,Manya Jain,Female,18,Pune,Maharashtra,West
CUST009179,Aarav Srivastava,Male,35,Kolkata,West Bengal,East
CUST009180,Abhishek Khanna,Male,34,Bengaluru,Karnataka,South
CUST009181,Diya Kulkarni,Female,29,Mumbai,Maharashtra,West
CUST009182,Sanya Joshi,Female,29,Coimbatore,Tamil Nadu,South
CUST009183,Diya Mishra,Female,35,Ahmedabad,Gujarat,West
CUST009184,Varun Shah,Male,34,Guwahati,Assam,East
CUST009185,Avni Kumar,Female,26,Chandigarh,Chandigarh,North
CUST009186,Ishita Bhatia,Female,27,Surat,Gujarat,West
CUST009187,Dhruv Sharma,Male,29,Chennai,Tamil Nadu,South
CUST009188,Tushar Rao,Male,32,Pune,Maharashtra,West
CUST009189,Neha Chatterjee,Female,35,Indore,Madhya Pradesh,Central
CUST009190,Pooja Verma,Female,39,Kolkata,West Bengal,East
CUST009191,Neha Sinha,Female,24,Mumbai,Maharashtra,West
CUST009192,Rishi Kulkarni,Male,46,Bengaluru,Karnataka,South
CUST009193,Nandini Singh,Female,28,Raipur,Chhattisgarh,Central
CUST009194,Avni Roy,Female,32,Ranchi,Jharkhand,East
CUST009195,Sakshi Kumar,Female,34,Delhi,Delhi,North
CUST009196,Vivek Shah,Male,22,Jaipur,Rajasthan,North
CUST009197,Riya Singh,Female,40,Nagpur,Maharashtra,West
CUST009198,Priya Rao,Female,40,Delhi,Delhi,North
CUST009199,Rohan Chatterjee,Male,18,Ahmedabad,Gujarat,West
CUST009200,Arjun Kapoor,Male,24,Bhopal,Madhya Pradesh,Central
CUST009201,Muskan Chauhan,Female,27,Bengaluru,Karnataka,South
CUST009202,Avni Tripathi,Female,36,Chandigarh,Chandigarh,North
CUST009203,Riya Tripathi,Female,27,Ahmedabad,Gujarat,West
CUST009204,Aarav Tiwari,Male,37,Ranchi,Jharkhand,East
CUST009205,Ayush Bansal,Male,48,Mumbai,Maharashtra,West
CUST009206,Ananya Saxena,Female,44,Mumbai,Maharashtra,West
CUST009207,Ankit Tripathi,Male,21,Hyderabad,Telangana,South
CUST009208,Dhruv Mishra,Male,36,Surat,Gujarat,West
CUST009209,Yash Reddy,Male,28,Kochi,Kerala,South
CUST009210,Pooja Pandey,Female,41,Lucknow,Uttar Pradesh,North
CUST009211,Payal Tiwari,Female,38,Delhi,Delhi,North
CUST009212,Kavya Goyal,Female,39,Delhi,Delhi,North
CUST009213,Abhishek Pandey,Male,23,Raipur,Chhattisgarh,Central
CUST009214,Palak Sethi,Female,24,Bengaluru,Karnataka,South
CUST009215,Rajat Kulkarni,Male,39,Jaipur,Rajasthan,North
CUST009216,Aanya Pandey,Female,28,Bengaluru,Karnataka,South
CUST009217,Ananya Nair,Female,21,Indore,Madhya Pradesh,Central
CUST009218,Aditi Mehta,Female,35,Ahmedabad,Gujarat,West
CUST009219,Arjun Sethi,Male,18,Ahmedabad,Gujarat,West
CUST009220,Gaurav Chopra,Male,28,Hyderabad,Telangana,South
CUST009221,Kabir Jain,Male,26,Ahmedabad,Gujarat,West
CUST009222,Ananya Pillai,Female,26,Nagpur,Maharashtra,West
CUST009223,Rajat Patel,Male,30,Delhi,Delhi,North
CUST009224,Aditi Reddy,Female,31,Surat,Gujarat,West
CUST009225,Radhika Nair,Female,32,Ahmedabad,Gujarat,West
CUST009226,Tanvi Kapoor,Female,26,Mumbai,Maharashtra,West
CUST009227,Arjun Kulkarni,Male,41,Delhi,Delhi,North
CUST009228,Dev Bhatia,Male,20,Kochi,Kerala,South
CUST009229,Nikhil Bansal,Male,40,Lucknow,Uttar Pradesh,North
CUST009230,Ayush Kulkarni,Male,36,Noida,Uttar Pradesh,North
CUST009231,Ankit Rao,Male,26,Bengaluru,Karnataka,South
CUST009232,Isha Pandey,Female,29,Jaipur,Rajasthan,North
CUST009233,Shruti Banerjee,Female,23,Kochi,Kerala,South
CUST009234,Nandini Goyal,Female,30,Lucknow,Uttar Pradesh,North
CUST009235,Vikram Bhatia,Male,28,Bhubaneswar,Odisha,East
CUST009236,Diya Das,Female,31,Nagpur,Maharashtra,West
CUST009237,Amit Sinha,Male,32,Raipur,Chhattisgarh,Central
CUST009238,Kunal Sharma,Male,37,Delhi,Delhi,North
CUST009239,Ritika Chauhan,Female,18,Indore,Madhya Pradesh,Central
CUST009240,Dhruv Banerjee,Male,27,Hyderabad,Telangana,South
CUST009241,Ritesh Pillai,Male,33,Ahmedabad,Gujarat,West
CUST009242,Radhika Gupta,Female,23,Ahmedabad,Gujarat,West
CUST009243,Aarav Iyer,Male,37,Dehradun,Uttarakhand,North
CUST009244,Nikhil Tiwari,Male,26,Dehradun,Uttarakhand,North
CUST009245,Dev Verma,Male,31,Mumbai,Maharashtra,West
CUST009246,Nisha Chatterjee,Female,41,Hyderabad,Telangana,South
CUST009247,Shruti Deshmukh,Female,38,Jaipur,Rajasthan,North
CUST009248,Priya Patel,Female,33,Delhi,Delhi,North
CUST009249,Rohan Chauhan,Male,28,Dehradun,Uttarakhand,North
CUST009250,Ishita Das,Female,41,Patna,Bihar,East
CUST009251,Rahul Nair,Male,27,Noida,Uttar Pradesh,North
CUST009252,Nisha Jain,Female,22,Surat,Gujarat,West
CUST009253,Diya Nair,Female,24,Chandigarh,Chandigarh,North
CUST009254,Payal Tripathi,Female,23,Bhubaneswar,Odisha,East
CUST009255,Ankit Tripathi,Male,36,Delhi,Delhi,North
CUST009256,Rohan Kumar,Male,22,Delhi,Delhi,North
CUST009257,Pooja Pandey,Female,20,Coimbatore,Tamil Nadu,South
CUST009258,Aditi Malhotra,Female,33,Indore,Madhya Pradesh,Central
CUST009259,Dhruv Agarwal,Male,33,Hyderabad,Telangana,South
CUST009260,Avni Patel,Female,21,Kolkata,West Bengal,East
CUST009261,Shubham Roy,Male,27,Kolkata,West Bengal,East
CUST009262,Swati Agarwal,Female,25,Bengaluru,Karnataka,South
CUST009263,Kavya Gupta,Female,29,Pune,Maharashtra,West
CUST009264,Neha Reddy,Female,18,Pune,Maharashtra,West
CUST009265,Dev Nair,Male,18,Kolkata,West Bengal,East
CUST009266,Akash Malhotra,Male,23,Nagpur,Maharashtra,West
CUST009267,Nisha Chauhan,Female,21,Hyderabad,Telangana,South
CUST009268,Aditya Gupta,Male,30,Pune,Maharashtra,West
CUST009269,Karan Chopra,Male,43,Hyderabad,Telangana,South
CUST009270,Aditi Joshi,Female,36,Kochi,Kerala,South
CUST009271,Nikhil Tripathi,Male,26,Patna,Bihar,East
CUST009272,Yash Das,Male,18,Hyderabad,Telangana,South
CUST009273,Arjun Agarwal,Male,19,Mumbai,Maharashtra,West
CUST009274,Ritika Bansal,Female,29,Guwahati,Assam,East
CUST009275,Rishi Jain,Male,30,Delhi,Delhi,North
CUST009276,Ananya Chatterjee,Female,31,Indore,Madhya Pradesh,Central
CUST009277,Arjun Chopra,Male,24,Delhi,Delhi,North
CUST009278,Saurabh Bhatia,Male,24,Mumbai,Maharashtra,West
CUST009279,Rishi Das,Male,33,Bengaluru,Karnataka,South
CUST009280,Sanya Rao,Female,26,Delhi,Delhi,North
CUST009281,Diya Naidu,Female,39,Pune,Maharashtra,West
CUST009282,Varun Kapoor,Male,23,Delhi,Delhi,North
CUST009283,Kavya Kapoor,Female,33,Bengaluru,Karnataka,South
CUST009284,Arjun Sharma,Male,36,Jaipur,Rajasthan,North
CUST009285,Siddharth Mehta,Male,21,Lucknow,Uttar Pradesh,North
CUST009286,Khushi Mishra,Female,27,Hyderabad,Telangana,South
CUST009287,Muskan Mishra,Female,33,Noida,Uttar Pradesh,North
CUST009288,Kabir Bansal,Male,22,Pune,Maharashtra,West
CUST009289,Akash Tripathi,Male,21,Ahmedabad,Gujarat,West
CUST009290,Diya Saxena,Female,33,Chandigarh,Chandigarh,North
CUST009291,Sanya Tripathi,Female,30,Noida,Uttar Pradesh,North
CUST009292,Gaurav Chauhan,Male,24,Nagpur,Maharashtra,West
CUST009293,Muskan Agarwal,Female,35,Noida,Uttar Pradesh,North
CUST009294,Kabir Joshi,Male,27,Coimbatore,Tamil Nadu,South
CUST009295,Diya Tripathi,Female,23,Dehradun,Uttarakhand,North
CUST009296,Karan Das,Male,22,Kolkata,West Bengal,East
CUST009297,Aditya Arora,Male,31,Jaipur,Rajasthan,North
CUST009298,Diya Srivastava,Female,18,Hyderabad,Telangana,South
CUST009299,Ritika Rao,Female,34,Chennai,Tamil Nadu,South
CUST009300,Siddharth Sinha,Male,41,Delhi,Delhi,North
CUST009301,Sakshi Roy,Female,23,Jaipur,Rajasthan,North
CUST009302,Vikram Chauhan,Male,41,Mumbai,Maharashtra,West
CUST009303,Nikhil Iyer,Male,27,Kolkata,West Bengal,East
CUST009304,Yash Bhatia,Male,41,Jaipur,Rajasthan,North
CUST009305,Ankit Yadav,Male,41,Surat,Gujarat,West
CUST009306,Kavya Shah,Female,31,Kolkata,West Bengal,East
CUST009307,Aarav Mishra,Male,42,Bengaluru,Karnataka,South
CUST009308,Muskan Kulkarni,Female,39,Ahmedabad,Gujarat,West
CUST009309,Rajat Sinha,Male,25,Hyderabad,Telangana,South
CUST009310,Rishi Deshmukh,Male,29,Bengaluru,Karnataka,South
CUST009311,Manish Chauhan,Male,26,Chennai,Tamil Nadu,South
CUST009312,Abhishek Srivastava,Male,28,Bengaluru,Karnataka,South
CUST009313,Tushar Menon,Male,24,Dehradun,Uttarakhand,North
CUST009314,Ishita Chauhan,Female,18,Ahmedabad,Gujarat,West
CUST009315,Payal Nair,Female,37,Kolkata,West Bengal,East
CUST009316,Kabir Tripathi,Male,24,Bengaluru,Karnataka,South
CUST009317,Priya Iyer,Female,30,Patna,Bihar,East
CUST009318,Sameer Deshmukh,Male,18,Mumbai,Maharashtra,West
CUST009319,Apoorva Iyer,Female,18,Lucknow,Uttar Pradesh,North
CUST009320,Gaurav Gupta,Male,39,Hyderabad,Telangana,South
CUST009321,Khushi Patel,Female,52,Lucknow,Uttar Pradesh,North
CUST009322,Rahul Verma,Male,19,Bhopal,Madhya Pradesh,Central
CUST009323,Pooja Kapoor,Female,22,Kolkata,West Bengal,East
CUST009324,Pooja Bhatia,Female,20,Mumbai,Maharashtra,West
CUST009325,Kavya Chauhan,Female,29,Indore,Madhya Pradesh,Central
CUST009326,Tanvi Nair,Female,35,Surat,Gujarat,West
CUST009327,Radhika Chopra,Female,29,Lucknow,Uttar Pradesh,North
CUST009328,Manya Pandey,Female,21,Bengaluru,Karnataka,South
CUST009329,Diya Nair,Female,32,Surat,Gujarat,West
CUST009330,Muskan Thakur,Female,24,Nagpur,Maharashtra,West
CUST009331,Ayush Reddy,Male,33,Coimbatore,Tamil Nadu,South
CUST009332,Manya Sethi,Female,21,Lucknow,Uttar Pradesh,North
CUST009333,Saurabh Yadav,Male,39,Surat,Gujarat,West
CUST009334,Rohan Chatterjee,Male,37,Ranchi,Jharkhand,East
CUST009335,Gaurav Mehta,Male,26,Mumbai,Maharashtra,West
CUST009336,Payal Pillai,Female,31,Nagpur,Maharashtra,West
CUST009337,Swati Malhotra,Female,29,Bhubaneswar,Odisha,East
CUST009338,Tushar Sinha,Male,32,Ranchi,Jharkhand,East
CUST009339,Kunal Tiwari,Male,40,Noida,Uttar Pradesh,North
CUST009340,Harsh Tiwari,Male,26,Surat,Gujarat,West
CUST009341,Isha Chatterjee,Female,33,Ahmedabad,Gujarat,West
CUST009342,Rishi Das,Male,27,Noida,Uttar Pradesh,North
CUST009343,Aanya Pillai,Female,28,Pune,Maharashtra,West
CUST009344,Kavya Pandey,Female,29,Bengaluru,Karnataka,South
CUST009345,Nisha Nair,Female,25,Kolkata,West Bengal,East
CUST009346,Manya Chauhan,Female,26,Mumbai,Maharashtra,West
CUST009347,Manya Rao,Female,28,Ranchi,Jharkhand,East
CUST009348,Muskan Agarwal,Female,32,Delhi,Delhi,North
CUST009349,Sneha Reddy,Female,20,Mumbai,Maharashtra,West
CUST009350,Shreya Jain,Female,29,Mumbai,Maharashtra,West
CUST009351,Shreya Tripathi,Female,18,Ahmedabad,Gujarat,West
CUST009352,Shubham Pillai,Male,28,Raipur,Chhattisgarh,Central
CUST009353,Piyush Arora,Male,25,Chennai,Tamil Nadu,South
CUST009354,Nisha Singh,Female,21,Hyderabad,Telangana,South
CUST009355,Tushar Gupta,Male,25,Jaipur,Rajasthan,North
CUST009356,Varun Nair,Male,41,Dehradun,Uttarakhand,North
CUST009357,Aanya Sharma,Female,48,Raipur,Chhattisgarh,Central
CUST009358,Priya Mishra,Female,34,Mumbai,Maharashtra,West
CUST009359,Kabir Gupta,Male,19,Lucknow,Uttar Pradesh,North
CUST009360,Yash Iyer,Male,26,Delhi,Delhi,North
CUST009361,Avni Iyer,Female,24,Lucknow,Uttar Pradesh,North
CUST009362,Pooja Banerjee,Female,30,Ahmedabad,Gujarat,West
CUST009363,Anushka Iyer,Female,39,Kolkata,West Bengal,East
CUST009364,Avni Reddy,Female,36,Bengaluru,Karnataka,South
CUST009365,Simran Banerjee,Female,27,Surat,Gujarat,West
CUST009366,Tushar Banerjee,Male,43,Kochi,Kerala,South
CUST009367,Sanya Sharma,Female,23,Coimbatore,Tamil Nadu,South
CUST009368,Avni Mehta,Female,39,Dehradun,Uttarakhand,North
CUST009369,Rohan Chauhan,Male,25,Dehradun,Uttarakhand,North
CUST009370,Tushar Sharma,Male,32,Pune,Maharashtra,West
CUST009371,Payal Bansal,Female,26,Kolkata,West Bengal,East
CUST009372,Priya Khanna,Female,39,Chandigarh,Chandigarh,North
CUST009373,Neha Jain,Female,40,Noida,Uttar Pradesh,North
CUST009374,Siddharth Khanna,Male,27,Bengaluru,Karnataka,South
CUST009375,Avni Naidu,Female,18,Bengaluru,Karnataka,South
CUST009376,Shubham Thakur,Male,42,Kolkata,West Bengal,East
CUST009377,Dhruv Yadav,Male,33,Bengaluru,Karnataka,South
CUST009378,Shruti Pillai,Female,24,Bhubaneswar,Odisha,East
CUST009379,Isha Yadav,Female,37,Bhopal,Madhya Pradesh,Central
CUST009380,Divya Bansal,Female,18,Kolkata,West Bengal,East
CUST009381,Aanya Mishra,Female,29,Mumbai,Maharashtra,West
CUST009382,Akash Tiwari,Male,28,Ahmedabad,Gujarat,West
CUST009383,Aarav Tiwari,Male,29,Surat,Gujarat,West
CUST009384,Apoorva Yadav,Female,19,Noida,Uttar Pradesh,North
CUST009385,Rishi Jain,Male,18,Kolkata,West Bengal,East
CUST009386,Riya Patel,Female,35,Mumbai,Maharashtra,West
CUST009387,Apoorva Banerjee,Female,18,Mumbai,Maharashtra,West
CUST009388,Sakshi Kulkarni,Female,34,Noida,Uttar Pradesh,North
CUST009389,Nisha Goyal,Female,18,Mumbai,Maharashtra,West
CUST009390,Abhishek Srivastava,Male,26,Lucknow,Uttar Pradesh,North
CUST009391,Yash Sharma,Male,32,Mumbai,Maharashtra,West
CUST009392,Gaurav Chauhan,Male,28,Bhubaneswar,Odisha,East
CUST009393,Shreya Roy,Female,21,Guwahati,Assam,East
CUST009394,Avni Srivastava,Female,24,Hyderabad,Telangana,South
CUST009395,Kunal Tripathi,Male,22,Jaipur,Rajasthan,North
CUST009396,Simran Kulkarni,Female,36,Mumbai,Maharashtra,West
CUST009397,Ritesh Nair,Male,24,Surat,Gujarat,West
CUST009398,Ananya Khanna,Female,28,Delhi,Delhi,North
CUST009399,Vivek Singh,Male,34,Hyderabad,Telangana,South
CUST009400,Aanya Das,Female,30,Chandigarh,Chandigarh,North
CUST009401,Yash Iyer,Male,34,Hyderabad,Telangana,South
CUST009402,Shruti Reddy,Female,32,Lucknow,Uttar Pradesh,North
CUST009403,Nikhil Das,Male,35,Lucknow,Uttar Pradesh,North
CUST009404,Varun Naidu,Male,18,Jaipur,Rajasthan,North
CUST009405,Karan Jain,Male,33,Ahmedabad,Gujarat,West
CUST009406,Abhishek Das,Male,30,Surat,Gujarat,West
CUST009407,Shruti Deshmukh,Female,30,Chennai,Tamil Nadu,South
CUST009408,Khushi Joshi,Female,26,Bengaluru,Karnataka,South
CUST009409,Sneha Nair,Female,24,Jaipur,Rajasthan,North
CUST009410,Ayush Nair,Male,25,Mumbai,Maharashtra,West
CUST009411,Kavya Singh,Female,27,Pune,Maharashtra,West
CUST009412,Shubham Sinha,Male,29,Jaipur,Rajasthan,North
CUST009413,Dhruv Menon,Male,18,Coimbatore,Tamil Nadu,South
CUST009414,Simran Khanna,Female,30,Hyderabad,Telangana,South
CUST009415,Anushka Arora,Female,34,Raipur,Chhattisgarh,Central
CUST009416,Shruti Khanna,Female,43,Surat,Gujarat,West
CUST009417,Simran Bhatia,Female,22,Bhubaneswar,Odisha,East
CUST009418,Karan Chatterjee,Male,41,Pune,Maharashtra,West
CUST009419,Sanya Chopra,Female,39,Pune,Maharashtra,West
CUST009420,Shruti Saxena,Female,31,Pune,Maharashtra,West
CUST009421,Harsh Singh,Male,24,Ahmedabad,Gujarat,West
CUST009422,Mohit Gupta,Male,20,Pune,Maharashtra,West
CUST009423,Vivek Deshmukh,Male,42,Bhopal,Madhya Pradesh,Central
CUST009424,Gaurav Kapoor,Male,24,Lucknow,Uttar Pradesh,North
CUST009425,Nandini Jain,Female,36,Chennai,Tamil Nadu,South
CUST009426,Arjun Deshmukh,Male,43,Nagpur,Maharashtra,West
CUST009427,Tanvi Kumar,Female,34,Pune,Maharashtra,West
CUST009428,Apoorva Kapoor,Female,26,Ranchi,Jharkhand,East
CUST009429,Abhishek Menon,Male,29,Chennai,Tamil Nadu,South
CUST009430,Tanvi Naidu,Female,48,Mumbai,Maharashtra,West
CUST009431,Nikhil Bansal,Male,34,Raipur,Chhattisgarh,Central
CUST009432,Anushka Reddy,Female,36,Mumbai,Maharashtra,West
CUST009433,Ankit Goyal,Male,23,Nagpur,Maharashtra,West
CUST009434,Ananya Goyal,Female,18,Ranchi,Jharkhand,East
CUST009435,Aarav Iyer,Male,40,Chennai,Tamil Nadu,South
CUST009436,Vivek Reddy,Male,27,Nagpur,Maharashtra,West
CUST009437,Ritika Bhatia,Female,24,Raipur,Chhattisgarh,Central
CUST009438,Ankit Tripathi,Male,35,Nagpur,Maharashtra,West
CUST009439,Nisha Sethi,Female,27,Kolkata,West Bengal,East
CUST009440,Sameer Arora,Male,25,Delhi,Delhi,North
CUST009441,Pranav Srivastava,Male,26,Noida,Uttar Pradesh,North
CUST009442,Rajat Shah,Male,26,Ahmedabad,Gujarat,West
CUST009443,Yash Chopra,Male,23,Kolkata,West Bengal,East
CUST009444,Ananya Patel,Female,36,Mumbai,Maharashtra,West
CUST009445,Komal Chopra,Female,38,Dehradun,Uttarakhand,North
CUST009446,Muskan Deshmukh,Female,25,Jaipur,Rajasthan,North
CUST009447,Shruti Mehta,Female,28,Hyderabad,Telangana,South
CUST009448,Shreya Khanna,Female,18,Pune,Maharashtra,West
CUST009449,Siddharth Srivastava,Male,27,Bengaluru,Karnataka,South
CUST009450,Komal Rao,Female,29,Delhi,Delhi,North
CUST009451,Ishita Das,Female,30,Chennai,Tamil Nadu,South
CUST009452,Dev Iyer,Male,30,Bhubaneswar,Odisha,East
CUST009453,Sakshi Mishra,Female,25,Raipur,Chhattisgarh,Central
CUST009454,Manya Menon,Female,34,Kochi,Kerala,South
CUST009455,Diya Sharma,Female,33,Bhubaneswar,Odisha,East
CUST009456,Riya Iyer,Female,37,Noida,Uttar Pradesh,North
CUST009457,Kavya Chatterjee,Female,32,Nagpur,Maharashtra,West
CUST009458,Rahul Jain,Male,18,Coimbatore,Tamil Nadu,South
CUST009459,Muskan Banerjee,Female,32,Bhopal,Madhya Pradesh,Central
CUST009460,Ritesh Pillai,Male,38,Kochi,Kerala,South
CUST009461,Khushi Saxena,Female,20,Chennai,Tamil Nadu,South
CUST009462,Saurabh Bhatia,Male,30,Bhubaneswar,Odisha,East
CUST009463,Pooja Pillai,Female,19,Bengaluru,Karnataka,South
CUST009464,Nandini Banerjee,Female,18,Guwahati,Assam,East
CUST009465,Tanvi Goyal,Female,30,Kolkata,West Bengal,East
CUST009466,Aditya Sharma,Male,33,Coimbatore,Tamil Nadu,South
CUST009467,Amit Chauhan,Male,31,Bengaluru,Karnataka,South
CUST009468,Rajat Sinha,Male,33,Ahmedabad,Gujarat,West
CUST009469,Divya Banerjee,Female,46,Lucknow,Uttar Pradesh,North
CUST009470,Khushi Gupta,Female,28,Raipur,Chhattisgarh,Central
CUST009471,Khushi Singh,Female,21,Bengaluru,Karnataka,South
CUST009472,Ritesh Yadav,Male,28,Hyderabad,Telangana,South
CUST009473,Sanya Menon,Female,34,Lucknow,Uttar Pradesh,North
CUST009474,Ananya Mehta,Female,46,Surat,Gujarat,West
CUST009475,Saurabh Mehta,Male,22,Jaipur,Rajasthan,North
CUST009476,Kunal Kulkarni,Male,28,Lucknow,Uttar Pradesh,North
CUST009477,Rohan Gupta,Male,25,Ahmedabad,Gujarat,West
CUST009478,Karan Banerjee,Male,26,Dehradun,Uttarakhand,North
CUST009479,Dev Chatterjee,Male,23,Ahmedabad,Gujarat,West
CUST009480,Komal Arora,Female,23,Kolkata,West Bengal,East
CUST009481,Akash Arora,Male,21,Delhi,Delhi,North
CUST009482,Mohit Roy,Male,27,Hyderabad,Telangana,South
CUST009483,Rohan Chauhan,Male,20,Lucknow,Uttar Pradesh,North
CUST009484,Yash Chopra,Male,34,Nagpur,Maharashtra,West
CUST009485,Pranav Banerjee,Male,21,Surat,Gujarat,West
CUST009486,Sakshi Mehta,Female,19,Mumbai,Maharashtra,West
CUST009487,Shubham Kulkarni,Male,37,Hyderabad,Telangana,South
CUST009488,Gaurav Reddy,Male,20,Jaipur,Rajasthan,North
CUST009489,Anushka Thakur,Female,29,Delhi,Delhi,North
CUST009490,Shubham Sharma,Male,37,Noida,Uttar Pradesh,North
CUST009491,Rohan Kulkarni,Male,40,Chandigarh,Chandigarh,North
CUST009492,Abhishek Saxena,Male,18,Chennai,Tamil Nadu,South
CUST009493,Sameer Iyer,Male,31,Mumbai,Maharashtra,West
CUST009494,Neha Tripathi,Female,26,Kolkata,West Bengal,East
CUST009495,Nisha Rao,Female,29,Mumbai,Maharashtra,West
CUST009496,Avni Jain,Female,26,Delhi,Delhi,North
CUST009497,Swati Chauhan,Female,33,Lucknow,Uttar Pradesh,North
CUST009498,Tushar Roy,Male,33,Noida,Uttar Pradesh,North
CUST009499,Piyush Sinha,Male,18,Jaipur,Rajasthan,North
CUST009500,Mohit Saxena,Male,24,Nagpur,Maharashtra,West
CUST009501,Saurabh Joshi,Male,23,Mumbai,Maharashtra,West
CUST009502,Arjun Nair,Male,22,Noida,Uttar Pradesh,North
CUST009503,Ayush Arora,Male,27,Indore,Madhya Pradesh,Central
CUST009504,Khushi Shah,Female,18,Kolkata,West Bengal,East
CUST009505,Vikram Verma,Male,28,Jaipur,Rajasthan,North
CUST009506,Rajat Patel,Male,29,Hyderabad,Telangana,South
CUST009507,Gaurav Agarwal,Male,43,Chennai,Tamil Nadu,South
CUST009508,Avni Verma,Female,32,Hyderabad,Telangana,South
CUST009509,Amit Khanna,Male,33,Hyderabad,Telangana,South
CUST009510,Palak Menon,Female,25,Bengaluru,Karnataka,South
CUST009511,Ritika Bansal,Female,18,Bhubaneswar,Odisha,East
CUST009512,Meera Shah,Female,24,Bengaluru,Karnataka,South
CUST009513,Vikram Sharma,Male,20,Bengaluru,Karnataka,South
CUST009514,Divya Kapoor,Female,32,Delhi,Delhi,North
CUST009515,Manish Pillai,Male,18,Chennai,Tamil Nadu,South
CUST009516,Shruti Goyal,Female,38,Mumbai,Maharashtra,West
CUST009517,Mohit Sharma,Male,26,Pune,Maharashtra,West
CUST009518,Siddharth Deshmukh,Male,26,Raipur,Chhattisgarh,Central
CUST009519,Saurabh Reddy,Male,18,Surat,Gujarat,West
CUST009520,Rajat Goyal,Male,33,Mumbai,Maharashtra,West
CUST009521,Palak Chauhan,Female,23,Bengaluru,Karnataka,South
CUST009522,Sakshi Menon,Female,18,Mumbai,Maharashtra,West
CUST009523,Dev Sinha,Male,33,Mumbai,Maharashtra,West
CUST009524,Gaurav Mishra,Male,43,Noida,Uttar Pradesh,North
CUST009525,Dev Patel,Male,28,Bengaluru,Karnataka,South
CUST009526,Sakshi Sinha,Female,38,Lucknow,Uttar Pradesh,North
CUST009527,Rajat Thakur,Male,31,Pune,Maharashtra,West
CUST009528,Vivek Bansal,Male,38,Kochi,Kerala,South
CUST009529,Sameer Kumar,Male,41,Patna,Bihar,East
CUST009530,Vivek Goyal,Male,23,Noida,Uttar Pradesh,North
CUST009531,Amit Shah,Male,36,Bhubaneswar,Odisha,East
CUST009532,Swati Saxena,Female,37,Delhi,Delhi,North
CUST009533,Arjun Iyer,Male,28,Jaipur,Rajasthan,North
CUST009534,Saurabh Agarwal,Male,39,Ahmedabad,Gujarat,West
CUST009535,Vivek Roy,Male,27,Delhi,Delhi,North
CUST009536,Vivek Jain,Male,26,Bengaluru,Karnataka,South
CUST009537,Yash Pandey,Male,34,Mumbai,Maharashtra,West
CUST009538,Ankit Chopra,Male,32,Jaipur,Rajasthan,North
CUST009539,Diya Patel,Female,27,Delhi,Delhi,North
CUST009540,Pranav Pandey,Male,25,Hyderabad,Telangana,South
CUST009541,Shreya Pandey,Female,27,Bengaluru,Karnataka,South
CUST009542,Pranav Deshmukh,Male,18,Indore,Madhya Pradesh,Central
CUST009543,Palak Thakur,Female,27,Surat,Gujarat,West
CUST009544,Nisha Agarwal,Female,37,Bhubaneswar,Odisha,East
CUST009545,Kabir Tiwari,Male,22,Kolkata,West Bengal,East
CUST009546,Rajat Tiwari,Male,34,Kolkata,West Bengal,East
CUST009547,Rishi Iyer,Male,18,Kolkata,West Bengal,East
CUST009548,Vikram Agarwal,Male,44,Ahmedabad,Gujarat,West
CUST009549,Karan Kumar,Male,30,Jaipur,Rajasthan,North
CUST009550,Shreya Yadav,Female,31,Lucknow,Uttar Pradesh,North
CUST009551,Radhika Mishra,Female,51,Chandigarh,Chandigarh,North
CUST009552,Pooja Srivastava,Female,32,Bhopal,Madhya Pradesh,Central
CUST009553,Mohit Iyer,Male,22,Chennai,Tamil Nadu,South
CUST009554,Rajat Pillai,Male,31,Patna,Bihar,East
CUST009555,Akash Kapoor,Male,19,Kolkata,West Bengal,East
CUST009556,Aditi Jain,Female,45,Coimbatore,Tamil Nadu,South
CUST009557,Pranav Goyal,Male,32,Mumbai,Maharashtra,West
CUST009558,Rahul Bansal,Male,27,Pune,Maharashtra,West
CUST009559,Vikram Kapoor,Male,39,Mumbai,Maharashtra,West
CUST009560,Amit Naidu,Male,20,Mumbai,Maharashtra,West
CUST009561,Tanvi Saxena,Female,24,Pune,Maharashtra,West
CUST009562,Ritesh Mehta,Male,18,Surat,Gujarat,West
CUST009563,Akash Menon,Male,31,Lucknow,Uttar Pradesh,North
CUST009564,Kabir Pandey,Male,42,Ahmedabad,Gujarat,West
CUST009565,Shruti Sethi,Female,40,Bengaluru,Karnataka,South
CUST009566,Aarav Goyal,Male,27,Patna,Bihar,East
CUST009567,Aanya Singh,Female,18,Mumbai,Maharashtra,West
CUST009568,Akash Naidu,Male,29,Chennai,Tamil Nadu,South
CUST009569,Anushka Khanna,Female,28,Noida,Uttar Pradesh,North
CUST009570,Radhika Reddy,Female,24,Pune,Maharashtra,West
CUST009571,Piyush Tripathi,Male,26,Bengaluru,Karnataka,South
CUST009572,Rahul Yadav,Male,20,Ahmedabad,Gujarat,West
CUST009573,Neha Kapoor,Female,18,Indore,Madhya Pradesh,Central
CUST009574,Aarav Rao,Male,18,Surat,Gujarat,West
CUST009575,Aditya Deshmukh,Male,29,Hyderabad,Telangana,South
CUST009576,Shubham Chatterjee,Male,19,Jaipur,Rajasthan,North
CUST009577,Ishita Saxena,Female,31,Lucknow,Uttar Pradesh,North
CUST009578,Apoorva Menon,Female,25,Chandigarh,Chandigarh,North
CUST009579,Palak Singh,Female,25,Kolkata,West Bengal,East
CUST009580,Vivek Chatterjee,Male,49,Hyderabad,Telangana,South
CUST009581,Simran Roy,Female,25,Ranchi,Jharkhand,East
CUST009582,Amit Patel,Male,40,Hyderabad,Telangana,South
CUST009583,Rishi Jain,Male,31,Lucknow,Uttar Pradesh,North
CUST009584,Tushar Chopra,Male,30,Patna,Bihar,East
CUST009585,Dhruv Srivastava,Male,29,Kochi,Kerala,South
CUST009586,Vikram Mehta,Male,37,Chandigarh,Chandigarh,North
CUST009587,Manish Yadav,Male,41,Chennai,Tamil Nadu,South
CUST009588,Priya Chatterjee,Female,29,Pune,Maharashtra,West
CUST009589,Rohan Malhotra,Male,32,Chennai,Tamil Nadu,South
CUST009590,Piyush Nair,Male,28,Bengaluru,Karnataka,South
CUST009591,Ankit Agarwal,Male,25,Bhopal,Madhya Pradesh,Central
CUST009592,Sanya Shah,Female,39,Patna,Bihar,East
CUST009593,Rohan Saxena,Male,18,Ranchi,Jharkhand,East
CUST009594,Swati Bansal,Female,29,Noida,Uttar Pradesh,North
CUST009595,Komal Das,Female,28,Delhi,Delhi,North
CUST009596,Pranav Singh,Male,35,Pune,Maharashtra,West
CUST009597,Nisha Verma,Female,35,Mumbai,Maharashtra,West
CUST009598,Gaurav Malhotra,Male,28,Hyderabad,Telangana,South
CUST009599,Kabir Srivastava,Male,31,Raipur,Chhattisgarh,Central
CUST009600,Payal Agarwal,Female,18,Lucknow,Uttar Pradesh,North
CUST009601,Komal Sethi,Female,38,Bengaluru,Karnataka,South
CUST009602,Vikram Deshmukh,Male,18,Ahmedabad,Gujarat,West
CUST009603,Dhruv Goyal,Male,21,Coimbatore,Tamil Nadu,South
CUST009604,Ayush Kulkarni,Male,29,Hyderabad,Telangana,South
CUST009605,Vikram Das,Male,25,Kochi,Kerala,South
CUST009606,Harsh Chauhan,Male,41,Mumbai,Maharashtra,West
CUST009607,Siddharth Bhatia,Male,35,Nagpur,Maharashtra,West
CUST009608,Kabir Pillai,Male,22,Delhi,Delhi,North
CUST009609,Nisha Goyal,Female,30,Ahmedabad,Gujarat,West
CUST009610,Kavya Patel,Female,45,Noida,Uttar Pradesh,North
CUST009611,Kabir Menon,Male,45,Pune,Maharashtra,West
CUST009612,Palak Malhotra,Female,35,Delhi,Delhi,North
CUST009613,Shubham Roy,Male,27,Ahmedabad,Gujarat,West
CUST009614,Karan Reddy,Male,39,Pune,Maharashtra,West
CUST009615,Payal Chopra,Female,25,Delhi,Delhi,North
CUST009616,Saurabh Kumar,Male,31,Hyderabad,Telangana,South
CUST009617,Shubham Bansal,Male,23,Nagpur,Maharashtra,West
CUST009618,Meera Chauhan,Female,31,Dehradun,Uttarakhand,North
CUST009619,Akash Patel,Male,20,Delhi,Delhi,North
CUST009620,Rahul Chauhan,Male,31,Dehradun,Uttarakhand,North
CUST009621,Ritesh Malhotra,Male,29,Kolkata,West Bengal,East
CUST009622,Sneha Yadav,Female,27,Pune,Maharashtra,West
CUST009623,Dhruv Verma,Male,20,Patna,Bihar,East
CUST009624,Vivek Roy,Male,28,Kolkata,West Bengal,East
CUST009625,Ayush Mishra,Male,34,Bengaluru,Karnataka,South
CUST009626,Shruti Das,Female,18,Noida,Uttar Pradesh,North
CUST009627,Ishita Khanna,Female,34,Jaipur,Rajasthan,North
CUST009628,Gaurav Shah,Male,18,Coimbatore,Tamil Nadu,South
CUST009629,Ishita Sinha,Female,18,Lucknow,Uttar Pradesh,North
CUST009630,Ankit Deshmukh,Male,41,Dehradun,Uttarakhand,North
CUST009631,Rishi Mishra,Male,19,Lucknow,Uttar Pradesh,North
CUST009632,Aditya Sinha,Male,24,Hyderabad,Telangana,South
CUST009633,Dev Mehta,Male,24,Surat,Gujarat,West
CUST009634,Saurabh Verma,Male,35,Delhi,Delhi,North
CUST009635,Varun Kulkarni,Male,33,Lucknow,Uttar Pradesh,North
CUST009636,Yash Mishra,Male,33,Delhi,Delhi,North
CUST009637,Rajat Tiwari,Male,18,Hyderabad,Telangana,South
CUST009638,Nandini Pillai,Female,29,Dehradun,Uttarakhand,North
CUST009639,Ritika Chatterjee,Female,29,Bhubaneswar,Odisha,East
CUST009640,Varun Rao,Male,38,Patna,Bihar,East
CUST009641,Muskan Sharma,Female,42,Raipur,Chhattisgarh,Central
CUST009642,Dhruv Iyer,Male,39,Pune,Maharashtra,West
CUST009643,Priya Jain,Female,25,Coimbatore,Tamil Nadu,South
CUST009644,Tushar Bhatia,Male,30,Jaipur,Rajasthan,North
CUST009645,Palak Patel,Female,39,Kolkata,West Bengal,East
CUST009646,Saurabh Sethi,Male,30,Mumbai,Maharashtra,West
CUST009647,Ananya Goyal,Female,34,Jaipur,Rajasthan,North
CUST009648,Kabir Rao,Male,31,Lucknow,Uttar Pradesh,North
CUST009649,Ishita Iyer,Female,22,Lucknow,Uttar Pradesh,North
CUST009650,Piyush Tiwari,Male,23,Mumbai,Maharashtra,West
CUST009651,Yash Banerjee,Male,31,Mumbai,Maharashtra,West
CUST009652,Yash Malhotra,Male,20,Ahmedabad,Gujarat,West
CUST009653,Manya Patel,Female,34,Bengaluru,Karnataka,South
CUST009654,Divya Chatterjee,Female,22,Mumbai,Maharashtra,West
CUST009655,Pooja Kumar,Female,30,Patna,Bihar,East
CUST009656,Gaurav Yadav,Male,29,Lucknow,Uttar Pradesh,North
CUST009657,Nandini Goyal,Female,31,Hyderabad,Telangana,South
CUST009658,Pooja Sharma,Female,29,Bhopal,Madhya Pradesh,Central
CUST009659,Pranav Pandey,Male,32,Raipur,Chhattisgarh,Central
CUST009660,Aditi Kapoor,Female,38,Chandigarh,Chandigarh,North
CUST009661,Diya Thakur,Female,25,Lucknow,Uttar Pradesh,North
CUST009662,Dhruv Arora,Male,23,Bengaluru,Karnataka,South
CUST009663,Rishi Iyer,Male,34,Nagpur,Maharashtra,West
CUST009664,Rahul Rao,Male,45,Bhubaneswar,Odisha,East
CUST009665,Amit Roy,Male,33,Mumbai,Maharashtra,West
CUST009666,Rishi Sinha,Male,22,Ahmedabad,Gujarat,West
CUST009667,Sakshi Tiwari,Female,46,Mumbai,Maharashtra,West
CUST009668,Mohit Gupta,Male,18,Bengaluru,Karnataka,South
CUST009669,Rajat Srivastava,Male,39,Dehradun,Uttarakhand,North
CUST009670,Tanvi Patel,Female,24,Nagpur,Maharashtra,West
CUST009671,Rajat Sharma,Male,31,Jaipur,Rajasthan,North
CUST009672,Mohit Shah,Male,37,Bhubaneswar,Odisha,East
CUST009673,Tushar Deshmukh,Male,33,Patna,Bihar,East
CUST009674,Ritika Shah,Female,26,Delhi,Delhi,North
CUST009675,Yash Verma,Male,52,Jaipur,Rajasthan,North
CUST009676,Ishita Arora,Female,25,Mumbai,Maharashtra,West
CUST009677,Aarav Shah,Male,32,Indore,Madhya Pradesh,Central
CUST009678,Kabir Pillai,Male,29,Bengaluru,Karnataka,South
CUST009679,Saurabh Arora,Male,30,Surat,Gujarat,West
CUST009680,Gaurav Kumar,Male,24,Surat,Gujarat,West
CUST009681,Yash Deshmukh,Male,21,Lucknow,Uttar Pradesh,North
CUST009682,Radhika Mishra,Female,29,Bengaluru,Karnataka,South
CUST009683,Arjun Mishra,Male,29,Lucknow,Uttar Pradesh,North
CUST009684,Harsh Das,Male,33,Lucknow,Uttar Pradesh,North
CUST009685,Sakshi Pillai,Female,40,Noida,Uttar Pradesh,North
CUST009686,Ankit Srivastava,Male,21,Kolkata,West Bengal,East
CUST009687,Mohit Goyal,Male,29,Kolkata,West Bengal,East
CUST009688,Rajat Kumar,Male,31,Bengaluru,Karnataka,South
CUST009689,Yash Nair,Male,18,Chandigarh,Chandigarh,North
CUST009690,Dhruv Sethi,Male,36,Kochi,Kerala,South
CUST009691,Kunal Srivastava,Male,27,Dehradun,Uttarakhand,North
CUST009692,Rishi Goyal,Male,35,Chennai,Tamil Nadu,South
CUST009693,Ishita Kulkarni,Female,37,Bhopal,Madhya Pradesh,Central
CUST009694,Aditya Gupta,Male,27,Mumbai,Maharashtra,West
CUST009695,Piyush Agarwal,Male,26,Dehradun,Uttarakhand,North
CUST009696,Gaurav Sinha,Male,18,Raipur,Chhattisgarh,Central
CUST009697,Rahul Reddy,Male,25,Nagpur,Maharashtra,West
CUST009698,Shubham Jain,Male,42,Ahmedabad,Gujarat,West
CUST009699,Sneha Tripathi,Female,28,Lucknow,Uttar Pradesh,North
CUST009700,Mohit Reddy,Male,19,Hyderabad,Telangana,South
CUST009701,Varun Das,Male,18,Kolkata,West Bengal,East
CUST009702,Rajat Roy,Male,29,Mumbai,Maharashtra,West
CUST009703,Palak Chatterjee,Female,19,Jaipur,Rajasthan,North
CUST009704,Swati Bhatia,Female,33,Bengaluru,Karnataka,South
CUST009705,Sneha Sinha,Female,25,Chennai,Tamil Nadu,South
CUST009706,Rahul Roy,Male,26,Mumbai,Maharashtra,West
CUST009707,Pranav Kapoor,Male,25,Bengaluru,Karnataka,South
CUST009708,Ayush Kapoor,Male,20,Surat,Gujarat,West
CUST009709,Ayush Sharma,Male,38,Ahmedabad,Gujarat,West
CUST009710,Diya Das,Female,40,Chennai,Tamil Nadu,South
CUST009711,Mohit Iyer,Male,18,Bengaluru,Karnataka,South
CUST009712,Radhika Shah,Female,40,Hyderabad,Telangana,South
CUST009713,Kunal Roy,Male,31,Noida,Uttar Pradesh,North
CUST009714,Amit Gupta,Male,24,Raipur,Chhattisgarh,Central
CUST009715,Dhruv Patel,Male,20,Surat,Gujarat,West
CUST009716,Apoorva Arora,Female,33,Bengaluru,Karnataka,South
CUST009717,Palak Bansal,Female,47,Hyderabad,Telangana,South
CUST009718,Anushka Singh,Female,18,Dehradun,Uttarakhand,North
CUST009719,Nandini Reddy,Female,18,Ahmedabad,Gujarat,West
CUST009720,Rohan Naidu,Male,22,Bengaluru,Karnataka,South
CUST009721,Manya Tiwari,Female,27,Bhubaneswar,Odisha,East
CUST009722,Nikhil Agarwal,Male,32,Kolkata,West Bengal,East
CUST009723,Rishi Pillai,Male,34,Chandigarh,Chandigarh,North
CUST009724,Kabir Tiwari,Male,51,Delhi,Delhi,North
CUST009725,Dev Kulkarni,Male,26,Patna,Bihar,East
CUST009726,Divya Bhatia,Female,27,Delhi,Delhi,North
CUST009727,Yash Nair,Male,18,Mumbai,Maharashtra,West
CUST009728,Rohan Banerjee,Male,32,Raipur,Chhattisgarh,Central
CUST009729,Piyush Thakur,Male,31,Pune,Maharashtra,West
CUST009730,Avni Joshi,Female,41,Bhopal,Madhya Pradesh,Central
CUST009731,Aditi Das,Female,32,Ahmedabad,Gujarat,West
CUST009732,Ritika Iyer,Female,37,Mumbai,Maharashtra,West
CUST009733,Harsh Nair,Male,18,Noida,Uttar Pradesh,North
CUST009734,Tanvi Kumar,Female,28,Hyderabad,Telangana,South
CUST009735,Rajat Pillai,Male,19,Indore,Madhya Pradesh,Central
CUST009736,Nikhil Thakur,Male,19,Guwahati,Assam,East
CUST009737,Akash Deshmukh,Male,28,Pune,Maharashtra,West
CUST009738,Kunal Pillai,Male,36,Chennai,Tamil Nadu,South
CUST009739,Rajat Thakur,Male,41,Kolkata,West Bengal,East
CUST009740,Aarav Joshi,Male,29,Mumbai,Maharashtra,West
CUST009741,Karan Kumar,Male,39,Surat,Gujarat,West
CUST009742,Aditya Sethi,Male,33,Bengaluru,Karnataka,South
CUST009743,Ankit Kulkarni,Male,36,Surat,Gujarat,West
CUST009744,Ritesh Sharma,Male,18,Noida,Uttar Pradesh,North
CUST009745,Radhika Naidu,Female,23,Kolkata,West Bengal,East
CUST009746,Dhruv Tripathi,Male,33,Kolkata,West Bengal,East
CUST009747,Ritika Srivastava,Female,22,Ranchi,Jharkhand,East
CUST009748,Kabir Roy,Male,23,Ahmedabad,Gujarat,West
CUST009749,Ankit Roy,Male,21,Lucknow,Uttar Pradesh,North
CUST009750,Shruti Gupta,Female,48,Bengaluru,Karnataka,South
CUST009751,Komal Malhotra,Female,32,Noida,Uttar Pradesh,North
CUST009752,Pranav Malhotra,Male,24,Dehradun,Uttarakhand,North
CUST009753,Tushar Roy,Male,27,Chandigarh,Chandigarh,North
CUST009754,Sameer Jain,Male,29,Mumbai,Maharashtra,West
CUST009755,Avni Nair,Female,31,Lucknow,Uttar Pradesh,North
CUST009756,Ritesh Kapoor,Male,26,Raipur,Chhattisgarh,Central
CUST009757,Vikram Sharma,Male,31,Bengaluru,Karnataka,South
CUST009758,Aditi Tripathi,Female,18,Patna,Bihar,East
CUST009759,Swati Verma,Female,19,Bengaluru,Karnataka,South
CUST009760,Rajat Patel,Male,18,Bhubaneswar,Odisha,East
CUST009761,Kabir Reddy,Male,28,Surat,Gujarat,West
CUST009762,Anushka Yadav,Female,27,Nagpur,Maharashtra,West
CUST009763,Muskan Shah,Female,34,Ahmedabad,Gujarat,West
CUST009764,Ishita Mehta,Female,30,Indore,Madhya Pradesh,Central
CUST009765,Tushar Kulkarni,Male,18,Bengaluru,Karnataka,South
CUST009766,Kunal Chauhan,Male,19,Nagpur,Maharashtra,West
CUST009767,Ishita Khanna,Female,25,Noida,Uttar Pradesh,North
CUST009768,Komal Joshi,Female,19,Kolkata,West Bengal,East
CUST009769,Varun Verma,Male,22,Delhi,Delhi,North
CUST009770,Tushar Tiwari,Male,28,Pune,Maharashtra,West
CUST009771,Neha Jain,Female,36,Indore,Madhya Pradesh,Central
CUST009772,Shruti Jain,Female,39,Delhi,Delhi,North
CUST009773,Dhruv Roy,Male,28,Delhi,Delhi,North
CUST009774,Shubham Patel,Male,27,Noida,Uttar Pradesh,North
CUST009775,Kunal Goyal,Male,37,Chandigarh,Chandigarh,North
CUST009776,Ritesh Tripathi,Male,28,Bengaluru,Karnataka,South
CUST009777,Rajat Pandey,Male,25,Pune,Maharashtra,West
CUST009778,Rishi Pandey,Male,44,Noida,Uttar Pradesh,North
CUST009779,Payal Shah,Female,29,Lucknow,Uttar Pradesh,North
CUST009780,Dev Mishra,Male,36,Indore,Madhya Pradesh,Central
CUST009781,Vikram Jain,Male,29,Lucknow,Uttar Pradesh,North
CUST009782,Rajat Roy,Male,34,Mumbai,Maharashtra,West
CUST009783,Pooja Agarwal,Female,40,Lucknow,Uttar Pradesh,North
CUST009784,Piyush Sethi,Male,34,Delhi,Delhi,North
CUST009785,Anushka Tiwari,Female,36,Patna,Bihar,East
CUST009786,Amit Banerjee,Male,28,Indore,Madhya Pradesh,Central
CUST009787,Rajat Gupta,Male,25,Bengaluru,Karnataka,South
CUST009788,Ritesh Srivastava,Male,22,Jaipur,Rajasthan,North
CUST009789,Saurabh Khanna,Male,28,Delhi,Delhi,North
CUST009790,Shreya Rao,Female,24,Guwahati,Assam,East
CUST009791,Harsh Das,Male,41,Coimbatore,Tamil Nadu,South
CUST009792,Avni Chatterjee,Female,31,Lucknow,Uttar Pradesh,North
CUST009793,Varun Sethi,Male,29,Bengaluru,Karnataka,South
CUST009794,Nandini Bhatia,Female,36,Bhopal,Madhya Pradesh,Central
CUST009795,Rahul Naidu,Male,35,Coimbatore,Tamil Nadu,South
CUST009796,Khushi Mehta,Female,37,Hyderabad,Telangana,South
CUST009797,Nisha Rao,Female,40,Hyderabad,Telangana,South
CUST009798,Amit Kulkarni,Male,43,Lucknow,Uttar Pradesh,North
CUST009799,Piyush Menon,Male,40,Nagpur,Maharashtra,West
CUST009800,Anushka Patel,Female,28,Delhi,Delhi,North
CUST009801,Kunal Sharma,Male,36,Hyderabad,Telangana,South
CUST009802,Siddharth Menon,Male,18,Nagpur,Maharashtra,West
CUST009803,Mohit Bansal,Male,28,Bengaluru,Karnataka,South
CUST009804,Dhruv Roy,Male,24,Ahmedabad,Gujarat,West
CUST009805,Ritesh Bhatia,Male,21,Jaipur,Rajasthan,North
CUST009806,Divya Thakur,Female,23,Raipur,Chhattisgarh,Central
CUST009807,Nisha Kapoor,Female,20,Mumbai,Maharashtra,West
CUST009808,Aanya Deshmukh,Female,36,Surat,Gujarat,West
CUST009809,Divya Chauhan,Female,37,Delhi,Delhi,North
CUST009810,Vivek Gupta,Male,43,Jaipur,Rajasthan,North
CUST009811,Harsh Thakur,Male,20,Mumbai,Maharashtra,West
CUST009812,Avni Chatterjee,Female,31,Delhi,Delhi,North
CUST009813,Varun Chauhan,Male,24,Noida,Uttar Pradesh,North
CUST009814,Vikram Rao,Male,39,Mumbai,Maharashtra,West
CUST009815,Payal Goyal,Female,26,Coimbatore,Tamil Nadu,South
CUST009816,Arjun Sharma,Male,27,Bengaluru,Karnataka,South
CUST009817,Sameer Tripathi,Male,42,Bengaluru,Karnataka,South
CUST009818,Nikhil Khanna,Male,35,Kolkata,West Bengal,East
CUST009819,Shruti Verma,Female,33,Mumbai,Maharashtra,West
CUST009820,Nandini Deshmukh,Female,18,Ranchi,Jharkhand,East
CUST009821,Divya Pandey,Female,18,Chennai,Tamil Nadu,South
CUST009822,Manya Jain,Female,27,Pune,Maharashtra,West
CUST009823,Harsh Kapoor,Male,23,Lucknow,Uttar Pradesh,North
CUST009824,Rohan Mishra,Male,26,Delhi,Delhi,North
CUST009825,Harsh Bhatia,Male,21,Bengaluru,Karnataka,South
CUST009826,Shubham Reddy,Male,30,Nagpur,Maharashtra,West
CUST009827,Aanya Rao,Female,41,Lucknow,Uttar Pradesh,North
CUST009828,Nisha Khanna,Female,22,Pune,Maharashtra,West
CUST009829,Swati Mishra,Female,29,Delhi,Delhi,North
CUST009830,Rajat Kulkarni,Male,35,Bengaluru,Karnataka,South
CUST009831,Ananya Shah,Female,25,Bengaluru,Karnataka,South
CUST009832,Apoorva Roy,Female,31,Kolkata,West Bengal,East
CUST009833,Harsh Tripathi,Male,39,Noida,Uttar Pradesh,North
CUST009834,Saurabh Joshi,Male,29,Kolkata,West Bengal,East
CUST009835,Tushar Thakur,Male,42,Lucknow,Uttar Pradesh,North
CUST009836,Meera Singh,Female,21,Indore,Madhya Pradesh,Central
CUST009837,Aanya Tripathi,Female,26,Chandigarh,Chandigarh,North
CUST009838,Riya Nair,Female,36,Mumbai,Maharashtra,West
CUST009839,Rishi Kumar,Male,18,Hyderabad,Telangana,South
CUST009840,Tanvi Saxena,Female,25,Nagpur,Maharashtra,West
CUST009841,Ritika Menon,Female,23,Bengaluru,Karnataka,South
CUST009842,Avni Deshmukh,Female,35,Pune,Maharashtra,West
CUST009843,Aanya Kumar,Female,23,Ranchi,Jharkhand,East
CUST009844,Anushka Mehta,Female,24,Mumbai,Maharashtra,West
CUST009845,Sakshi Bhatia,Female,31,Mumbai,Maharashtra,West
CUST009846,Tushar Banerjee,Male,18,Pune,Maharashtra,West
CUST009847,Mohit Banerjee,Male,21,Ahmedabad,Gujarat,West
CUST009848,Amit Naidu,Male,27,Kolkata,West Bengal,East
CUST009849,Swati Deshmukh,Female,40,Mumbai,Maharashtra,West
CUST009850,Saurabh Kulkarni,Male,27,Bengaluru,Karnataka,South
CUST009851,Swati Kapoor,Female,41,Noida,Uttar Pradesh,North
CUST009852,Aditi Tiwari,Female,23,Indore,Madhya Pradesh,Central
CUST009853,Ankit Chopra,Male,18,Ranchi,Jharkhand,East
CUST009854,Ritika Tripathi,Female,43,Pune,Maharashtra,West
CUST009855,Manya Yadav,Female,31,Pune,Maharashtra,West
CUST009856,Kabir Roy,Male,21,Kolkata,West Bengal,East
CUST009857,Nikhil Chauhan,Male,25,Noida,Uttar Pradesh,North
CUST009858,Mohit Nair,Male,32,Lucknow,Uttar Pradesh,North
CUST009859,Anushka Yadav,Female,38,Jaipur,Rajasthan,North
CUST009860,Ayush Sharma,Male,30,Bengaluru,Karnataka,South
CUST009861,Vivek Roy,Male,35,Noida,Uttar Pradesh,North
CUST009862,Kunal Khanna,Male,32,Bengaluru,Karnataka,South
CUST009863,Sameer Nair,Male,27,Kolkata,West Bengal,East
CUST009864,Swati Verma,Female,21,Patna,Bihar,East
CUST009865,Payal Reddy,Female,21,Chennai,Tamil Nadu,South
CUST009866,Tanvi Gupta,Female,18,Chandigarh,Chandigarh,North
CUST009867,Kavya Verma,Female,41,Coimbatore,Tamil Nadu,South
CUST009868,Yash Tripathi,Male,33,Mumbai,Maharashtra,West
CUST009869,Tanvi Sinha,Female,25,Patna,Bihar,East
CUST009870,Manish Chopra,Male,36,Noida,Uttar Pradesh,North
CUST009871,Amit Tripathi,Male,37,Lucknow,Uttar Pradesh,North
CUST009872,Pranav Patel,Male,18,Bengaluru,Karnataka,South
CUST009873,Tanvi Sharma,Female,34,Ahmedabad,Gujarat,West
CUST009874,Pranav Naidu,Male,36,Bengaluru,Karnataka,South
CUST009875,Karan Sharma,Male,35,Bengaluru,Karnataka,South
CUST009876,Manish Sinha,Male,34,Ahmedabad,Gujarat,West
CUST009877,Shruti Shah,Female,26,Pune,Maharashtra,West
CUST009878,Shubham Rao,Male,32,Kochi,Kerala,South
CUST009879,Sneha Agarwal,Female,37,Surat,Gujarat,West
CUST009880,Dhruv Pillai,Male,18,Dehradun,Uttarakhand,North
CUST009881,Siddharth Bansal,Male,38,Mumbai,Maharashtra,West
CUST009882,Ananya Kumar,Female,39,Dehradun,Uttarakhand,North
CUST009883,Rajat Gupta,Male,35,Indore,Madhya Pradesh,Central
CUST009884,Tanvi Iyer,Female,31,Noida,Uttar Pradesh,North
CUST009885,Muskan Kulkarni,Female,39,Delhi,Delhi,North
CUST009886,Anushka Malhotra,Female,25,Ahmedabad,Gujarat,West
CUST009887,Dev Naidu,Male,29,Lucknow,Uttar Pradesh,North
CUST009888,Neha Kumar,Female,31,Delhi,Delhi,North
CUST009889,Ritesh Agarwal,Male,32,Delhi,Delhi,North
CUST009890,Piyush Pillai,Male,27,Delhi,Delhi,North
CUST009891,Aarav Menon,Male,25,Hyderabad,Telangana,South
CUST009892,Ritesh Singh,Male,20,Chandigarh,Chandigarh,North
CUST009893,Rajat Banerjee,Male,25,Chennai,Tamil Nadu,South
CUST009894,Varun Sinha,Male,18,Bhopal,Madhya Pradesh,Central
CUST009895,Palak Menon,Female,40,Lucknow,Uttar Pradesh,North
CUST009896,Khushi Pillai,Female,28,Hyderabad,Telangana,South
CUST009897,Mohit Shah,Male,32,Chennai,Tamil Nadu,South
CUST009898,Neha Tiwari,Female,18,Hyderabad,Telangana,South
CUST009899,Anushka Tiwari,Female,41,Hyderabad,Telangana,South
CUST009900,Karan Kumar,Male,44,Hyderabad,Telangana,South
CUST009901,Priya Kumar,Female,28,Lucknow,Uttar Pradesh,North
CUST009902,Harsh Kulkarni,Male,32,Mumbai,Maharashtra,West
CUST009903,Mohit Nair,Male,28,Pune,Maharashtra,West
CUST009904,Vivek Sharma,Male,25,Delhi,Delhi,North
CUST009905,Priya Pillai,Female,27,Jaipur,Rajasthan,North
CUST009906,Shreya Joshi,Female,22,Bhopal,Madhya Pradesh,Central
CUST009907,Manish Joshi,Male,32,Bengaluru,Karnataka,South
CUST009908,Simran Arora,Female,40,Hyderabad,Telangana,South
CUST009909,Ayush Roy,Male,32,Raipur,Chhattisgarh,Central
CUST009910,Khushi Deshmukh,Female,26,Noida,Uttar Pradesh,North
CUST009911,Akash Mehta,Male,18,Delhi,Delhi,North
CUST009912,Rahul Chauhan,Male,37,Chandigarh,Chandigarh,North
CUST009913,Anushka Singh,Female,32,Chennai,Tamil Nadu,South
CUST009914,Varun Banerjee,Male,18,Kochi,Kerala,South
CUST009915,Sneha Bhatia,Female,28,Jaipur,Rajasthan,North
CUST009916,Nandini Iyer,Female,43,Hyderabad,Telangana,South
CUST009917,Divya Tripathi,Female,19,Jaipur,Rajasthan,North
CUST009918,Simran Das,Female,28,Chennai,Tamil Nadu,South
CUST009919,Dev Tiwari,Male,33,Lucknow,Uttar Pradesh,North
CUST009920,Kunal Sethi,Male,21,Delhi,Delhi,North
CUST009921,Ishita Singh,Female,28,Hyderabad,Telangana,South
CUST009922,Shreya Gupta,Female,35,Delhi,Delhi,North
CUST009923,Kabir Reddy,Male,27,Kolkata,West Bengal,East
CUST009924,Pranav Das,Male,34,Delhi,Delhi,North
CUST009925,Abhishek Banerjee,Male,24,Bhopal,Madhya Pradesh,Central
CUST009926,Pooja Kulkarni,Female,34,Pune,Maharashtra,West
CUST009927,Radhika Kapoor,Female,38,Delhi,Delhi,North
CUST009928,Aditya Mehta,Male,21,Nagpur,Maharashtra,West
CUST009929,Varun Naidu,Male,24,Ranchi,Jharkhand,East
CUST009930,Radhika Khanna,Female,18,Lucknow,Uttar Pradesh,North
CUST009931,Abhishek Goyal,Male,44,Ahmedabad,Gujarat,West
CUST009932,Aditi Srivastava,Female,31,Indore,Madhya Pradesh,Central
CUST009933,Nikhil Roy,Male,22,Nagpur,Maharashtra,West
CUST009934,Sameer Chauhan,Male,40,Delhi,Delhi,North
CUST009935,Akash Malhotra,Male,33,Mumbai,Maharashtra,West
CUST009936,Simran Kulkarni,Female,18,Kolkata,West Bengal,East
CUST009937,Apoorva Chauhan,Female,30,Kolkata,West Bengal,East
CUST009938,Tanvi Shah,Female,21,Noida,Uttar Pradesh,North
CUST009939,Nandini Goyal,Female,24,Delhi,Delhi,North
CUST009940,Manish Kumar,Male,32,Ahmedabad,Gujarat,West
CUST009941,Karan Jain,Male,36,Jaipur,Rajasthan,North
CUST009942,Ishita Tripathi,Female,30,Kolkata,West Bengal,East
CUST009943,Gaurav Agarwal,Male,25,Delhi,Delhi,North
CUST009944,Pranav Chatterjee,Male,23,Bhopal,Madhya Pradesh,Central
CUST009945,Sanya Jain,Female,34,Indore,Madhya Pradesh,Central
CUST009946,Apoorva Banerjee,Female,34,Delhi,Delhi,North
CUST009947,Aditi Naidu,Female,37,Mumbai,Maharashtra,West
CUST009948,Harsh Banerjee,Male,25,Kolkata,West Bengal,East
CUST009949,Akash Thakur,Male,31,Chennai,Tamil Nadu,South
CUST009950,Arjun Goyal,Male,29,Chandigarh,Chandigarh,North
CUST009951,Kavya Reddy,Female,35,Kolkata,West Bengal,East
CUST009952,Siddharth Mehta,Male,30,Mumbai,Maharashtra,West
CUST009953,Mohit Saxena,Male,23,Mumbai,Maharashtra,West
CUST009954,Nandini Saxena,Female,33,Delhi,Delhi,North
CUST009955,Kunal Reddy,Male,30,Indore,Madhya Pradesh,Central
CUST009956,Tanvi Verma,Female,18,Pune,Maharashtra,West
CUST009957,Sneha Verma,Female,31,Jaipur,Rajasthan,North
CUST009958,Sameer Tripathi,Male,41,Ranchi,Jharkhand,East
CUST009959,Shubham Roy,Male,38,Bhopal,Madhya Pradesh,Central
CUST009960,Muskan Gupta,Female,18,Raipur,Chhattisgarh,Central
CUST009961,Khushi Yadav,Female,36,Nagpur,Maharashtra,West
CUST009962,Sanya Malhotra,Female,30,Delhi,Delhi,North
CUST009963,Tushar Bhatia,Male,36,Delhi,Delhi,North
CUST009964,Sneha Bhatia,Female,26,Noida,Uttar Pradesh,North
CUST009965,Ankit Tripathi,Male,26,Pune,Maharashtra,West
CUST009966,Payal Patel,Female,23,Jaipur,Rajasthan,North
CUST009967,Siddharth Naidu,Male,35,Chennai,Tamil Nadu,South
CUST009968,Varun Thakur,Male,18,Pune,Maharashtra,West
CUST009969,Neha Goyal,Female,38,Hyderabad,Telangana,South
CUST009970,Dev Bhatia,Male,18,Pune,Maharashtra,West
CUST009971,Aanya Arora,Female,43,Ahmedabad,Gujarat,West
CUST009972,Piyush Patel,Male,21,Pune,Maharashtra,West
CUST009973,Vivek Yadav,Male,30,Bengaluru,Karnataka,South
CUST009974,Diya Nair,Female,21,Ahmedabad,Gujarat,West
CUST009975,Ritesh Mishra,Male,18,Hyderabad,Telangana,South
CUST009976,Arjun Tripathi,Male,29,Chennai,Tamil Nadu,South
CUST009977,Kunal Das,Male,21,Bengaluru,Karnataka,South
CUST009978,Tanvi Shah,Female,18,Lucknow,Uttar Pradesh,North
CUST009979,Aarav Das,Male,20,Noida,Uttar Pradesh,North
CUST009980,Amit Agarwal,Male,23,Kolkata,West Bengal,East
CUST009981,Aarav Menon,Male,29,Nagpur,Maharashtra,West
CUST009982,Manya Jain,Female,18,Bengaluru,Karnataka,South
CUST009983,Manish Rao,Male,29,Bengaluru,Karnataka,South
CUST009984,Aarav Thakur,Male,42,Mumbai,Maharashtra,West
CUST009985,Simran Tiwari,Female,24,Bengaluru,Karnataka,South
CUST009986,Dhruv Bansal,Male,24,Jaipur,Rajasthan,North
CUST009987,Vikram Kumar,Male,25,Ahmedabad,Gujarat,West
CUST009988,Kunal Jain,Male,28,Bengaluru,Karnataka,South
CUST009989,Radhika Sharma,Female,28,Pune,Maharashtra,West
CUST009990,Sakshi Chatterjee,Female,18,Ranchi,Jharkhand,East
CUST009991,Apoorva Malhotra,Female,22,Ahmedabad,Gujarat,West
CUST009992,Ritika Chatterjee,Female,39,Chennai,Tamil Nadu,South
CUST009993,Sameer Thakur,Male,18,Hyderabad,Telangana,South
CUST009994,Sneha Patel,Female,27,Ranchi,Jharkhand,East
CUST009995,Manish Chatterjee,Male,41,Lucknow,Uttar Pradesh,North
CUST009996,Tushar Pandey,Male,30,Kolkata,West Bengal,East
CUST009997,Kunal Yadav,Male,40,Bengaluru,Karnataka,South
CUST009998,Neha Bansal,Female,36,Ranchi,Jharkhand,East
CUST009999,Muskan Bansal,Female,27,Patna,Bihar,East
CUST010000,Komal Roy,Female,36,Guwahati,Assam,East
